FLIGHT_ID,WEATHER_CONDITION,AIRFRAME_HOURS,PAYLOAD_WEIGHT,AIRCRAFT_TYPE,TAKE OFF_OUTCOME
1,1,45,24,PASSENGER,FAILURE
2,0,20,75,PASSENGER,SUCCESS
3,0,28,70,PASSENGER,SUCCESS
4,0,66,28,PASSENGER,FAILURE
5,1,22,39,PASSENGER,SUCCESS
6,0,19,50,PASSENGER,SUCCESS
7,1,37,74,PASSENGER,SUCCESS
8,1,57,22,CARGO,FAILURE
9,1,39,58,PASSENGER,SUCCESS
10,0,21,50,PASSENGER,SUCCESS
11,0,32,34,PASSENGER,SUCCESS
12,1,43,6,CARGO,FAILURE
13,1,43,20,PASSENGER,FAILURE
14,0,43,75,PASSENGER,SUCCESS
15,0,32,6,CARGO,FAILURE
16,1,30,73,PASSENGER,SUCCESS
17,1,69,10,CARGO,FAILURE
18,0,33,38,PASSENGER,FAILURE
19,0,36,41,PASSENGER,SUCCESS
20,1,44,47,PASSENGER,SUCCESS
21,1,30,77,PASSENGER,SUCCESS
22,0,46,20,CARGO,FAILURE
23,0,42,19,CARGO,FAILURE
24,1,33,30,CARGO,FAILURE
25,1,19,35,PASSENGER,SUCCESS
26,0,22,80,PASSENGER,SUCCESS
27,0,37,52,PASSENGER,SUCCESS
28,1,35,19,CARGO,FAILURE
29,0,59,37,PASSENGER,FAILURE
30,1,25,33,PASSENGER,SUCCESS
31,1,40,77,PASSENGER,SUCCESS
32,1,33,22,CARGO,FAILURE
33,0,58,12,PASSENGER,FAILURE
34,1,47,9,CARGO,FAILURE
35,0,29,35,PASSENGER,SUCCESS
36,0,49,16,PASSENGER,FAILURE
37,0,41,55,CARGO,SUCCESS
38,1,31,48,PASSENGER,SUCCESS
39,0,34,24,CARGO,FAILURE
40,1,35,20,CARGO,FAILURE
41,1,24,59,PASSENGER,SUCCESS
42,1,33,49,PASSENGER,SUCCESS
43,0,23,50,PASSENGER,SUCCESS
44,0,38,29,PASSENGER,FAILURE
45,0,40,7,CARGO,FAILURE
46,0,47,21,CARGO,FAILURE
47,0,22,64,CARGO,SUCCESS
48,1,35,79,PASSENGER,SUCCESS
49,1,43,74,PASSENGER,SUCCESS
50,1,67,27,PASSENGER,FAILURE
51,0,38,16,PASSENGER,FAILURE
52,0,19,30,PASSENGER,SUCCESS
53,1,22,66,PASSENGER,SUCCESS
54,1,20,71,PASSENGER,SUCCESS
55,1,63,9,CARGO,FAILURE
56,1,38,91,PASSENGER,SUCCESS
57,0,55,7,CARGO,FAILURE
58,1,55,6,CARGO,FAILURE
59,0,42,10,CARGO,FAILURE
60,1,67,31,CARGO,FAILURE
61,1,20,94,PASSENGER,FAILURE
62,0,54,12,CARGO,SUCCESS
63,1,25,34,PASSENGER,FAILURE
64,0,52,28,PASSENGER,SUCCESS
65,1,41,35,PASSENGER,FAILURE
66,0,20,52,PASSENGER,FAILURE
67,1,63,17,PASSENGER,SUCCESS
68,1,40,97,PASSENGER,SUCCESS
69,0,49,32,PASSENGER,SUCCESS
70,1,66,34,CARGO,FAILURE
71,0,47,31,PASSENGER,FAILURE
72,0,37,46,PASSENGER,FAILURE
73,1,45,35,CARGO,SUCCESS
74,1,46,35,PASSENGER,SUCCESS
75,0,44,22,CARGO,FAILURE
76,0,22,79,PASSENGER,SUCCESS
77,1,31,63,PASSENGER,SUCCESS
78,0,65,13,PASSENGER,FAILURE
79,0,35,83,PASSENGER,SUCCESS
80,1,35,62,PASSENGER,SUCCESS
81,1,39,60,CARGO,SUCCESS
82,0,65,38,PASSENGER,FAILURE
83,1,44,9,PASSENGER,FAILURE
84,0,65,23,CARGO,FAILURE
85,1,42,46,PASSENGER,SUCCESS
86,1,44,73,CARGO,SUCCESS
87,1,56,40,PASSENGER,SUCCESS
88,0,27,56,PASSENGER,SUCCESS
89,0,59,18,CARGO,SUCCESS
90,1,28,67,PASSENGER,SUCCESS
91,1,52,38,CARGO,SUCCESS
92,0,44,18,PASSENGER,SUCCESS
93,1,66,5,PASSENGER,SUCCESS
94,0,42,44,PASSENGER,SUCCESS
95,0,40,94,PASSENGER,SUCCESS
96,1,43,83,PASSENGER,SUCCESS
97,1,36,33,CARGO,SUCCESS
98,0,35,6,PASSENGER,SUCCESS
99,1,57,16,PASSENGER,FAILURE
100,0,21,57,PASSENGER,SUCCESS
101,1,36,72,PASSENGER,SUCCESS
102,1,39,37,PASSENGER,FAILURE
103,0,66,38,CARGO,FAILURE
104,1,33,53,PASSENGER,SUCCESS
105,1,19,96,CARGO,SUCCESS
106,1,35,22,CARGO,FAILURE
107,1,53,21,CARGO,FAILURE
108,1,42,11,CARGO,FAILURE
109,0,62,38,CARGO,FAILURE
110,1,25,86,CARGO,SUCCESS
111,1,42,21,PASSENGER,FAILURE
112,1,51,29,PASSENGER,FAILURE
113,1,50,22,CARGO,FAILURE
114,0,44,26,CARGO,FAILURE
115,1,31,97,PASSENGER,SUCCESS
116,0,43,91,PASSENGER,SUCCESS
117,1,41,71,PASSENGER,SUCCESS
118,1,65,23,CARGO,FAILURE
119,0,58,13,PASSENGER,FAILURE
120,1,23,50,PASSENGER,SUCCESS
121,0,31,11,PASSENGER,FAILURE
122,1,69,10,PASSENGER,FAILURE
123,0,48,12,PASSENGER,FAILURE
124,0,45,40,CARGO,FAILURE
125,0,18,70,PASSENGER,SUCCESS
126,1,58,25,CARGO,FAILURE
127,0,21,90,CARGO,SUCCESS
128,0,32,65,CARGO,SUCCESS
129,0,37,43,PASSENGER,SUCCESS
130,0,58,14,PASSENGER,FAILURE
131,1,40,91,PASSENGER,SUCCESS
132,0,59,38,CARGO,FAILURE
133,1,36,30,PASSENGER,SUCCESS
134,1,38,93,PASSENGER,SUCCESS
135,0,43,76,PASSENGER,SUCCESS
136,0,44,75,PASSENGER,FAILURE
137,1,36,64,CARGO,FAILURE
138,1,54,38,CARGO,SUCCESS
139,0,50,13,PASSENGER,FAILURE
140,1,21,95,CARGO,SUCCESS
141,1,55,29,CARGO,FAILURE
142,1,43,23,CARGO,FAILURE
143,0,50,24,CARGO,SUCCESS
144,0,42,22,CARGO,SUCCESS
145,0,28,54,PASSENGER,SUCCESS
146,0,39,53,PASSENGER,FAILURE
147,1,64,22,CARGO,FAILURE
148,0,65,35,CARGO,FAILURE
149,0,18,31,CARGO,SUCCESS
150,0,46,33,PASSENGER,SUCCESS
151,0,20,35,PASSENGER,SUCCESS
152,0,50,15,CARGO,FAILURE
153,1,62,14,CARGO,FAILURE
154,1,69,21,PASSENGER,FAILURE
155,0,19,100,PASSENGER,SUCCESS
156,0,34,33,CARGO,FAILURE
157,0,44,12,PASSENGER,FAILURE
158,1,38,62,CARGO,SUCCESS
159,0,32,38,PASSENGER,SUCCESS
160,0,57,37,CARGO,FAILURE
161,1,35,16,CARGO,FAILURE
162,1,45,24,CARGO,FAILURE
163,0,68,5,PASSENGER,FAILURE
164,0,59,18,CARGO,FAILURE
165,0,34,29,CARGO,FAILURE
166,0,46,27,CARGO,FAILURE
167,1,41,27,CARGO,FAILURE
168,0,43,95,PASSENGER,SUCCESS
169,1,64,6,CARGO,FAILURE
170,1,37,69,PASSENGER,SUCCESS
171,1,32,34,PASSENGER,FAILURE
172,1,32,75,CARGO,SUCCESS
173,1,52,13,CARGO,FAILURE
174,0,23,92,PASSENGER,SUCCESS
175,1,69,39,PASSENGER,FAILURE
176,1,24,39,PASSENGER,SUCCESS
177,1,56,6,PASSENGER,FAILURE
178,1,39,9,PASSENGER,FAILURE
179,0,60,30,PASSENGER,FAILURE
180,0,24,54,PASSENGER,SUCCESS
181,1,35,61,PASSENGER,SUCCESS
182,1,46,9,CARGO,FAILURE
183,1,38,31,CARGO,FAILURE
184,0,19,33,PASSENGER,SUCCESS
185,1,40,81,PASSENGER,SUCCESS
186,1,39,9,CARGO,FAILURE
187,1,66,10,PASSENGER,FAILURE
188,0,32,65,PASSENGER,SUCCESS
189,1,27,80,PASSENGER,SUCCESS
190,0,45,11,PASSENGER,FAILURE
191,1,19,84,PASSENGER,SUCCESS
192,1,58,11,PASSENGER,FAILURE
193,1,18,47,PASSENGER,FAILURE
194,0,39,37,PASSENGER,FAILURE
195,1,67,35,PASSENGER,SUCCESS
196,0,64,31,CARGO,FAILURE
197,1,55,5,CARGO,SUCCESS
198,1,50,37,CARGO,FAILURE
199,1,67,40,CARGO,FAILURE
200,1,33,62,PASSENGER,SUCCESS
201,1,55,7,CARGO,SUCCESS
202,1,41,37,PASSENGER,SUCCESS
203,1,37,27,PASSENGER,FAILURE
204,0,24,62,PASSENGER,FAILURE
205,0,21,96,PASSENGER,FAILURE
206,1,31,63,CARGO,SUCCESS
207,0,40,33,PASSENGER,SUCCESS
208,0,36,91,CARGO,SUCCESS
209,1,23,68,PASSENGER,SUCCESS
210,1,69,5,CARGO,FAILURE
211,0,32,98,PASSENGER,SUCCESS
212,1,42,41,PASSENGER,SUCCESS
213,1,24,72,PASSENGER,SUCCESS
214,0,42,15,PASSENGER,FAILURE
215,1,42,73,PASSENGER,SUCCESS
216,0,21,72,PASSENGER,SUCCESS
217,0,32,17,PASSENGER,FAILURE
218,1,55,19,PASSENGER,FAILURE
219,1,56,35,PASSENGER,FAILURE
220,0,67,26,PASSENGER,FAILURE
221,0,48,21,PASSENGER,FAILURE
222,1,36,92,CARGO,SUCCESS
223,1,29,36,PASSENGER,SUCCESS
224,0,56,14,CARGO,FAILURE
225,1,22,80,PASSENGER,SUCCESS
226,0,64,36,PASSENGER,FAILURE
227,0,23,72,PASSENGER,SUCCESS
228,1,35,33,CARGO,FAILURE
229,0,19,55,PASSENGER,SUCCESS
230,0,42,45,PASSENGER,SUCCESS
231,0,22,66,PASSENGER,SUCCESS
232,0,40,69,PASSENGER,SUCCESS
233,0,35,66,PASSENGER,SUCCESS
234,1,22,38,CARGO,SUCCESS
235,0,26,58,PASSENGER,SUCCESS
236,1,46,40,CARGO,FAILURE
237,1,46,36,PASSENGER,FAILURE
238,1,41,100,PASSENGER,SUCCESS
239,0,35,16,CARGO,FAILURE
240,0,56,27,CARGO,FAILURE
241,0,25,52,CARGO,SUCCESS
242,1,55,6,CARGO,FAILURE
243,1,33,31,CARGO,FAILURE
244,0,62,29,CARGO,FAILURE
245,0,33,92,PASSENGER,SUCCESS
246,1,49,5,CARGO,FAILURE
247,1,18,83,PASSENGER,SUCCESS
248,0,33,92,CARGO,SUCCESS
249,1,44,19,CARGO,FAILURE
250,0,52,36,CARGO,FAILURE
251,1,70,18,CARGO,FAILURE
252,0,45,39,PASSENGER,SUCCESS
253,1,55,22,PASSENGER,FAILURE
254,1,54,6,CARGO,FAILURE
255,1,41,35,CARGO,FAILURE
256,1,42,83,CARGO,SUCCESS
257,1,42,84,PASSENGER,SUCCESS
258,0,55,26,CARGO,FAILURE
259,0,39,8,CARGO,FAILURE
260,0,24,89,CARGO,SUCCESS
261,1,55,24,PASSENGER,FAILURE
262,1,48,9,PASSENGER,FAILURE
263,0,58,28,CARGO,FAILURE
264,0,56,14,PASSENGER,FAILURE
265,1,43,33,PASSENGER,FAILURE
266,1,38,78,PASSENGER,SUCCESS
267,1,63,23,CARGO,FAILURE
268,0,69,35,PASSENGER,FAILURE
269,1,43,88,PASSENGER,SUCCESS
270,1,35,97,PASSENGER,SUCCESS
271,1,19,30,CARGO,SUCCESS
272,1,46,8,PASSENGER,FAILURE
273,1,41,84,PASSENGER,SUCCESS
274,1,33,81,CARGO,SUCCESS
275,0,56,39,CARGO,FAILURE
276,1,64,20,CARGO,FAILURE
277,1,29,85,PASSENGER,SUCCESS
278,1,38,97,PASSENGER,SUCCESS
279,1,40,63,PASSENGER,SUCCESS
280,1,39,35,CARGO,FAILURE
281,1,61,20,CARGO,FAILURE
282,1,47,37,CARGO,FAILURE
283,0,45,76,PASSENGER,SUCCESS
284,0,19,94,PASSENGER,SUCCESS
285,1,37,15,CARGO,FAILURE
286,1,47,34,PASSENGER,FAILURE
287,0,60,13,PASSENGER,FAILURE
288,0,24,83,PASSENGER,SUCCESS
289,1,24,60,CARGO,SUCCESS
290,0,31,38,PASSENGER,SUCCESS
291,0,30,25,CARGO,FAILURE
292,0,64,35,PASSENGER,FAILURE
293,1,36,58,PASSENGER,SUCCESS
294,1,37,11,PASSENGER,FAILURE
295,0,32,47,PASSENGER,SUCCESS
296,1,59,27,PASSENGER,FAILURE
297,0,59,30,PASSENGER,FAILURE
298,0,64,22,CARGO,FAILURE
299,0,70,31,PASSENGER,FAILURE
300,1,26,31,PASSENGER,SUCCESS
301,1,19,32,PASSENGER,SUCCESS
302,0,37,33,PASSENGER,FAILURE
303,1,30,20,PASSENGER,FAILURE
304,0,27,89,CARGO,SUCCESS
305,0,60,31,PASSENGER,FAILURE
306,0,37,60,CARGO,SUCCESS
307,0,34,76,PASSENGER,SUCCESS
308,1,20,70,PASSENGER,SUCCESS
309,0,49,16,PASSENGER,FAILURE
310,0,53,21,CARGO,FAILURE
311,1,25,40,PASSENGER,SUCCESS
312,1,37,54,PASSENGER,SUCCESS
313,0,47,13,CARGO,FAILURE
314,1,20,30,PASSENGER,SUCCESS
315,1,31,51,PASSENGER,SUCCESS
316,1,48,14,PASSENGER,FAILURE
317,0,32,40,CARGO,FAILURE
318,0,40,15,CARGO,FAILURE
319,0,30,9,CARGO,FAILURE
320,1,48,25,PASSENGER,FAILURE
321,0,45,53,CARGO,SUCCESS
322,1,38,37,PASSENGER,SUCCESS
323,0,63,24,CARGO,FAILURE
324,0,35,41,PASSENGER,SUCCESS
325,0,63,19,PASSENGER,FAILURE
326,1,24,62,PASSENGER,SUCCESS
327,1,55,15,CARGO,FAILURE
328,1,65,17,CARGO,FAILURE
329,0,60,10,CARGO,FAILURE
330,0,24,84,PASSENGER,SUCCESS
331,1,46,39,PASSENGER,FAILURE
332,1,33,11,PASSENGER,FAILURE
333,1,41,41,PASSENGER,SUCCESS
334,0,48,17,PASSENGER,FAILURE
335,0,53,30,PASSENGER,FAILURE
336,1,41,31,CARGO,FAILURE
337,0,44,44,PASSENGER,SUCCESS
338,0,47,33,CARGO,FAILURE
339,1,60,33,PASSENGER,FAILURE
340,0,33,55,PASSENGER,SUCCESS
341,0,38,47,PASSENGER,SUCCESS
342,0,41,73,CARGO,SUCCESS
343,0,24,74,PASSENGER,SUCCESS
344,0,40,27,CARGO,FAILURE
345,0,23,32,PASSENGER,SUCCESS
346,1,57,5,PASSENGER,FAILURE
347,1,66,9,CARGO,FAILURE
348,0,40,30,PASSENGER,FAILURE
349,0,51,35,CARGO,FAILURE
350,1,27,83,CARGO,SUCCESS
351,1,43,28,PASSENGER,FAILURE
352,0,34,6,PASSENGER,FAILURE
353,0,28,45,PASSENGER,SUCCESS
354,0,20,46,CARGO,SUCCESS
355,1,55,33,PASSENGER,FAILURE
356,0,23,82,CARGO,SUCCESS
357,1,46,29,CARGO,FAILURE
358,0,23,86,PASSENGER,SUCCESS
359,1,42,35,PASSENGER,FAILURE
360,1,40,27,CARGO,FAILURE
361,1,45,100,PASSENGER,SUCCESS
362,1,20,44,CARGO,SUCCESS
363,1,50,11,PASSENGER,FAILURE
364,1,26,53,PASSENGER,SUCCESS
365,1,31,69,CARGO,SUCCESS
366,0,26,68,PASSENGER,SUCCESS
367,1,63,27,CARGO,FAILURE
368,1,47,33,CARGO,FAILURE
369,1,68,38,CARGO,FAILURE
370,1,65,29,CARGO,FAILURE
371,0,31,92,PASSENGER,SUCCESS
372,1,44,8,CARGO,FAILURE
373,0,30,90,PASSENGER,SUCCESS
374,1,31,35,PASSENGER,FAILURE
375,1,31,17,PASSENGER,FAILURE
376,1,60,19,CARGO,FAILURE
377,1,21,78,PASSENGER,SUCCESS
378,0,49,24,CARGO,FAILURE
379,1,28,33,PASSENGER,SUCCESS
380,0,41,52,CARGO,SUCCESS
381,0,33,35,CARGO,FAILURE
382,1,31,24,CARGO,FAILURE
383,1,60,40,CARGO,FAILURE
384,0,38,38,PASSENGER,SUCCESS
385,0,30,52,PASSENGER,SUCCESS
386,1,33,10,CARGO,FAILURE
387,0,47,28,CARGO,FAILURE
388,1,31,57,PASSENGER,SUCCESS
389,0,27,98,PASSENGER,SUCCESS
390,1,68,6,CARGO,FAILURE
391,1,28,41,PASSENGER,SUCCESS
392,0,36,39,PASSENGER,FAILURE
393,1,42,65,PASSENGER,SUCCESS
394,1,56,36,PASSENGER,FAILURE
395,1,48,18,CARGO,FAILURE
396,1,67,11,CARGO,FAILURE
397,0,40,7,CARGO,FAILURE
398,1,45,8,CARGO,FAILURE
399,0,61,17,PASSENGER,FAILURE
400,0,34,85,PASSENGER,SUCCESS
401,1,42,48,PASSENGER,SUCCESS
402,1,54,24,PASSENGER,FAILURE
403,0,43,35,CARGO,SUCCESS
404,0,40,14,CARGO,FAILURE
405,0,42,20,CARGO,FAILURE
406,0,39,14,PASSENGER,FAILURE
407,1,46,11,PASSENGER,FAILURE
408,0,34,26,CARGO,FAILURE
409,0,52,15,CARGO,FAILURE
410,1,65,14,PASSENGER,FAILURE
411,1,30,94,CARGO,SUCCESS
412,0,55,11,CARGO,FAILURE
413,0,36,17,CARGO,FAILURE
414,1,42,43,CARGO,SUCCESS
415,0,34,30,PASSENGER,FAILURE
416,0,44,64,PASSENGER,SUCCESS
417,0,45,18,CARGO,FAILURE
418,0,38,29,CARGO,FAILURE
419,1,30,71,CARGO,SUCCESS
420,1,63,5,PASSENGER,FAILURE
421,1,25,35,PASSENGER,SUCCESS
422,1,55,22,CARGO,FAILURE
423,1,31,22,PASSENGER,FAILURE
424,1,36,82,PASSENGER,SUCCESS
425,1,56,7,CARGO,FAILURE
426,0,66,23,PASSENGER,FAILURE
427,1,49,31,PASSENGER,FAILURE
428,0,36,57,PASSENGER,SUCCESS
429,1,22,45,PASSENGER,SUCCESS
430,1,33,65,PASSENGER,SUCCESS
431,1,61,28,CARGO,FAILURE
432,1,30,14,CARGO,FAILURE
433,0,68,15,CARGO,FAILURE
434,1,31,15,CARGO,FAILURE
435,0,51,23,CARGO,FAILURE
436,1,45,78,PASSENGER,SUCCESS
437,0,51,37,PASSENGER,FAILURE
438,1,45,7,PASSENGER,FAILURE
439,1,32,37,CARGO,FAILURE
440,0,31,12,CARGO,FAILURE
441,0,48,28,PASSENGER,FAILURE
442,1,36,33,PASSENGER,SUCCESS
443,1,69,38,CARGO,FAILURE
444,1,69,14,CARGO,FAILURE
445,0,68,38,CARGO,FAILURE
446,0,48,22,CARGO,FAILURE
447,0,38,47,PASSENGER,SUCCESS
448,0,58,30,CARGO,FAILURE
449,0,32,65,PASSENGER,SUCCESS
450,0,69,24,PASSENGER,FAILURE
451,1,39,7,CARGO,FAILURE
452,0,40,38,CARGO,FAILURE
453,0,56,37,CARGO,FAILURE
454,1,46,26,PASSENGER,FAILURE
455,0,64,24,CARGO,FAILURE
456,0,18,94,PASSENGER,SUCCESS
457,0,21,94,PASSENGER,SUCCESS
458,1,60,11,CARGO,FAILURE
459,0,43,51,PASSENGER,SUCCESS
460,1,59,13,CARGO,FAILURE
461,1,44,15,PASSENGER,FAILURE
462,1,30,20,PASSENGER,FAILURE
463,1,32,88,PASSENGER,SUCCESS
464,1,41,69,CARGO,SUCCESS
465,1,24,56,CARGO,SUCCESS
466,0,55,25,CARGO,FAILURE
467,0,21,80,PASSENGER,SUCCESS
468,0,28,45,PASSENGER,SUCCESS
469,1,68,31,PASSENGER,FAILURE
470,1,45,98,PASSENGER,SUCCESS
471,1,56,30,CARGO,FAILURE
472,0,33,63,CARGO,SUCCESS
473,1,19,35,PASSENGER,SUCCESS
474,0,56,26,PASSENGER,FAILURE
475,1,32,70,PASSENGER,SUCCESS
476,0,40,74,PASSENGER,SUCCESS
477,0,32,38,CARGO,FAILURE
478,1,40,93,PASSENGER,SUCCESS
479,0,65,28,CARGO,FAILURE
480,0,63,9,PASSENGER,FAILURE
481,0,29,76,PASSENGER,SUCCESS
482,1,45,77,CARGO,SUCCESS
483,1,37,38,CARGO,FAILURE
484,0,69,15,PASSENGER,FAILURE
485,1,44,22,CARGO,FAILURE
486,0,46,26,CARGO,FAILURE
487,1,50,14,PASSENGER,FAILURE
488,1,45,51,PASSENGER,SUCCESS
489,0,30,37,CARGO,FAILURE
490,0,60,6,CARGO,FAILURE
491,0,43,50,PASSENGER,SUCCESS
492,1,47,40,CARGO,FAILURE
493,0,19,83,PASSENGER,SUCCESS
494,0,41,30,CARGO,SUCCESS
495,0,37,16,CARGO,FAILURE
496,0,49,22,CARGO,FAILURE
497,0,51,10,PASSENGER,FAILURE
498,0,36,27,CARGO,FAILURE
499,0,66,18,CARGO,FAILURE
500,1,41,75,PASSENGER,SUCCESS
501,1,28,87,PASSENGER,SUCCESS
502,0,32,45,PASSENGER,SUCCESS
503,0,45,26,PASSENGER,FAILURE
504,0,41,10,CARGO,FAILURE
505,1,37,22,CARGO,FAILURE
506,1,51,20,CARGO,FAILURE
507,0,42,33,CARGO,FAILURE
508,1,36,62,PASSENGER,SUCCESS
509,1,24,82,PASSENGER,SUCCESS
510,0,44,15,CARGO,FAILURE
511,1,26,61,PASSENGER,SUCCESS
512,1,26,52,PASSENGER,SUCCESS
513,0,57,5,CARGO,FAILURE
514,0,65,24,PASSENGER,FAILURE
515,0,41,26,PASSENGER,FAILURE
516,1,20,42,PASSENGER,SUCCESS
517,0,25,38,PASSENGER,SUCCESS
518,1,38,30,CARGO,FAILURE
519,0,41,9,CARGO,FAILURE
520,1,19,94,PASSENGER,SUCCESS
521,1,43,15,PASSENGER,FAILURE
522,0,41,40,PASSENGER,FAILURE
523,1,31,13,PASSENGER,FAILURE
524,1,36,15,PASSENGER,FAILURE
525,0,44,22,CARGO,FAILURE
526,0,67,19,CARGO,FAILURE
527,1,34,22,CARGO,FAILURE
528,1,34,51,PASSENGER,SUCCESS
529,1,63,15,CARGO,FAILURE
530,0,52,13,CARGO,FAILURE
531,0,43,12,CARGO,FAILURE
532,0,60,17,CARGO,FAILURE
533,1,56,17,CARGO,FAILURE
534,0,22,34,PASSENGER,SUCCESS
535,1,22,59,PASSENGER,SUCCESS
536,1,55,24,CARGO,FAILURE
537,1,20,79,PASSENGER,SUCCESS
538,1,31,36,CARGO,FAILURE
539,0,25,37,CARGO,SUCCESS
540,1,39,88,PASSENGER,SUCCESS
541,0,28,82,CARGO,SUCCESS
542,0,53,32,PASSENGER,FAILURE
543,1,45,30,PASSENGER,FAILURE
544,0,65,28,PASSENGER,FAILURE
545,1,42,27,CARGO,FAILURE
546,1,38,32,CARGO,FAILURE
547,0,30,44,PASSENGER,SUCCESS
548,1,43,85,PASSENGER,SUCCESS
549,1,68,15,PASSENGER,FAILURE
550,0,35,54,PASSENGER,SUCCESS
551,0,41,9,CARGO,FAILURE
552,1,61,36,CARGO,FAILURE
553,1,46,5,CARGO,FAILURE
554,0,35,30,CARGO,FAILURE
555,1,48,16,PASSENGER,FAILURE
556,0,32,33,CARGO,FAILURE
557,0,36,19,PASSENGER,FAILURE
558,1,30,54,PASSENGER,SUCCESS
559,0,49,10,PASSENGER,FAILURE
560,1,36,48,PASSENGER,SUCCESS
561,1,67,11,CARGO,FAILURE
562,1,30,8,CARGO,FAILURE
563,1,47,37,PASSENGER,FAILURE
564,1,64,30,PASSENGER,FAILURE
565,1,36,17,PASSENGER,FAILURE
566,0,46,35,CARGO,FAILURE
567,0,28,36,PASSENGER,SUCCESS
568,1,41,57,PASSENGER,SUCCESS
569,0,43,38,PASSENGER,SUCCESS
570,0,57,29,CARGO,FAILURE
571,0,50,31,PASSENGER,FAILURE
572,1,45,44,PASSENGER,SUCCESS
573,1,57,35,CARGO,FAILURE
574,0,44,27,CARGO,FAILURE
575,1,46,21,CARGO,FAILURE
576,1,58,26,CARGO,FAILURE
577,0,37,93,CARGO,SUCCESS
578,0,45,76,PASSENGER,SUCCESS
579,0,31,65,PASSENGER,SUCCESS
580,0,32,12,PASSENGER,FAILURE
581,1,30,32,CARGO,SUCCESS
582,1,35,17,CARGO,FAILURE
583,1,35,38,CARGO,FAILURE
584,1,63,6,PASSENGER,FAILURE
585,1,61,18,PASSENGER,FAILURE
586,1,40,73,PASSENGER,SUCCESS
587,0,26,58,PASSENGER,SUCCESS
588,1,54,11,CARGO,FAILURE
589,1,51,35,CARGO,FAILURE
590,1,47,31,PASSENGER,FAILURE
591,0,44,8,CARGO,FAILURE
592,1,41,5,CARGO,FAILURE
593,0,46,37,PASSENGER,FAILURE
594,1,41,39,CARGO,FAILURE
595,0,46,14,PASSENGER,FAILURE
596,1,27,77,CARGO,SUCCESS
597,0,63,36,CARGO,FAILURE
598,1,25,69,PASSENGER,SUCCESS
599,0,68,9,CARGO,FAILURE
600,0,41,64,PASSENGER,SUCCESS
601,0,38,86,PASSENGER,SUCCESS
602,1,33,74,CARGO,SUCCESS
603,0,36,79,PASSENGER,SUCCESS
604,1,31,90,PASSENGER,SUCCESS
605,0,34,14,CARGO,FAILURE
606,1,37,35,CARGO,FAILURE
607,1,62,36,CARGO,FAILURE
608,0,23,90,CARGO,SUCCESS
609,1,39,43,PASSENGER,SUCCESS
610,0,30,19,CARGO,FAILURE
611,1,37,24,PASSENGER,FAILURE
612,0,52,25,PASSENGER,FAILURE
613,0,69,35,CARGO,FAILURE
614,0,51,28,PASSENGER,FAILURE
615,0,57,27,CARGO,FAILURE
616,0,69,13,PASSENGER,FAILURE
617,0,30,11,CARGO,FAILURE
618,0,40,22,PASSENGER,FAILURE
619,1,67,31,CARGO,FAILURE
620,1,36,39,CARGO,SUCCESS
621,1,18,62,PASSENGER,SUCCESS
622,0,18,100,CARGO,SUCCESS
623,1,60,20,PASSENGER,FAILURE
624,1,42,17,CARGO,FAILURE
625,0,59,37,CARGO,FAILURE
626,1,21,38,PASSENGER,SUCCESS
627,1,32,74,PASSENGER,SUCCESS
628,1,51,10,CARGO,FAILURE
629,0,31,23,CARGO,FAILURE
630,1,31,17,CARGO,FAILURE
631,0,55,6,CARGO,FAILURE
632,0,36,14,CARGO,FAILURE
633,0,21,33,PASSENGER,SUCCESS
634,1,54,12,CARGO,FAILURE
635,1,35,10,CARGO,FAILURE
636,0,43,30,PASSENGER,SUCCESS
637,0,38,15,CARGO,FAILURE
638,0,35,32,PASSENGER,SUCCESS
639,1,65,30,CARGO,FAILURE
640,0,34,25,CARGO,FAILURE
641,1,51,27,PASSENGER,FAILURE
642,0,35,65,PASSENGER,SUCCESS
643,1,57,22,CARGO,FAILURE
644,1,33,77,CARGO,SUCCESS
645,0,54,27,CARGO,FAILURE
646,1,26,51,PASSENGER,SUCCESS
647,1,61,26,CARGO,FAILURE
648,1,44,44,PASSENGER,SUCCESS
649,1,52,34,CARGO,FAILURE
650,1,40,94,PASSENGER,SUCCESS
651,0,54,29,CARGO,FAILURE
652,1,24,100,PASSENGER,SUCCESS
653,1,67,13,CARGO,FAILURE
654,0,34,12,CARGO,FAILURE
655,0,38,32,CARGO,FAILURE
656,0,35,100,PASSENGER,SUCCESS
657,0,64,6,PASSENGER,FAILURE
658,0,51,20,CARGO,FAILURE
659,1,36,51,PASSENGER,SUCCESS
660,0,34,80,PASSENGER,SUCCESS
661,0,28,45,PASSENGER,SUCCESS
662,0,36,37,CARGO,FAILURE
663,0,39,70,PASSENGER,SUCCESS
664,0,34,27,PASSENGER,FAILURE
665,1,30,92,PASSENGER,SUCCESS
666,0,39,12,CARGO,FAILURE
667,0,65,25,CARGO,FAILURE
668,0,40,11,CARGO,FAILURE
669,1,70,23,CARGO,FAILURE
670,0,34,53,PASSENGER,SUCCESS
671,1,40,19,CARGO,FAILURE
672,0,36,15,PASSENGER,FAILURE
673,1,43,28,CARGO,FAILURE
674,1,30,28,PASSENGER,FAILURE
675,1,42,73,PASSENGER,SUCCESS
676,1,32,37,PASSENGER,SUCCESS
677,1,59,11,CARGO,FAILURE
678,1,27,37,PASSENGER,SUCCESS
679,0,34,6,CARGO,FAILURE
680,1,34,100,PASSENGER,SUCCESS
681,0,40,33,PASSENGER,SUCCESS
682,1,34,34,CARGO,SUCCESS
683,0,36,78,PASSENGER,SUCCESS
684,0,40,81,PASSENGER,SUCCESS
685,0,59,35,PASSENGER,FAILURE
686,1,59,13,CARGO,FAILURE
687,1,58,8,PASSENGER,FAILURE
688,0,19,40,PASSENGER,SUCCESS
689,0,39,18,PASSENGER,FAILURE
690,0,45,32,PASSENGER,SUCCESS
691,0,56,28,PASSENGER,FAILURE
692,1,48,7,CARGO,FAILURE
693,0,60,17,CARGO,FAILURE
694,1,19,58,PASSENGER,SUCCESS
695,0,29,100,PASSENGER,SUCCESS
696,1,36,71,PASSENGER,SUCCESS
697,1,47,9,CARGO,FAILURE
698,1,40,53,CARGO,SUCCESS
699,0,40,46,PASSENGER,SUCCESS
700,1,34,49,PASSENGER,SUCCESS
701,0,45,44,PASSENGER,SUCCESS
702,0,28,94,PASSENGER,SUCCESS
703,0,59,26,PASSENGER,FAILURE
704,0,31,97,PASSENGER,SUCCESS
705,1,64,8,PASSENGER,FAILURE
706,0,44,54,PASSENGER,SUCCESS
707,0,41,47,PASSENGER,SUCCESS
708,1,63,13,CARGO,FAILURE
709,1,26,81,PASSENGER,SUCCESS
710,1,19,50,PASSENGER,SUCCESS
711,0,36,5,PASSENGER,FAILURE
712,0,64,38,CARGO,FAILURE
713,1,18,55,PASSENGER,SUCCESS
714,0,35,32,CARGO,FAILURE
715,1,52,21,PASSENGER,FAILURE
716,1,55,39,PASSENGER,FAILURE
717,1,60,17,PASSENGER,FAILURE
718,0,61,25,CARGO,FAILURE
719,1,31,12,CARGO,FAILURE
720,1,44,42,PASSENGER,SUCCESS
721,0,50,25,CARGO,FAILURE
722,1,48,38,PASSENGER,FAILURE
723,1,35,34,PASSENGER,SUCCESS
724,1,58,13,CARGO,FAILURE
725,0,18,33,PASSENGER,SUCCESS
726,0,40,96,PASSENGER,SUCCESS
727,1,30,6,CARGO,FAILURE
728,0,43,17,PASSENGER,FAILURE
729,0,42,85,CARGO,SUCCESS
730,1,34,40,CARGO,FAILURE
731,0,47,19,PASSENGER,FAILURE
732,0,41,26,CARGO,FAILURE
733,1,36,32,PASSENGER,SUCCESS
734,1,18,33,PASSENGER,SUCCESS
735,1,44,75,PASSENGER,SUCCESS
736,1,31,33,PASSENGER,FAILURE
737,0,41,57,PASSENGER,SUCCESS
738,0,67,21,PASSENGER,FAILURE
739,0,35,86,PASSENGER,SUCCESS
740,1,44,9,CARGO,FAILURE
741,0,24,100,PASSENGER,SUCCESS
742,1,49,19,PASSENGER,FAILURE
743,0,59,26,CARGO,FAILURE
744,1,43,36,CARGO,SUCCESS
745,0,30,33,PASSENGER,SUCCESS
746,1,39,38,CARGO,FAILURE
747,1,68,19,CARGO,FAILURE
748,1,52,16,PASSENGER,FAILURE
749,0,43,90,PASSENGER,SUCCESS
750,1,35,48,PASSENGER,SUCCESS
751,0,69,33,CARGO,FAILURE
752,0,28,68,PASSENGER,SUCCESS
753,1,24,36,PASSENGER,SUCCESS
754,1,40,8,PASSENGER,FAILURE
755,1,48,22,CARGO,FAILURE
756,0,45,22,CARGO,FAILURE
757,1,39,29,CARGO,FAILURE
758,0,45,24,CARGO,FAILURE
759,1,42,29,PASSENGER,FAILURE
760,1,39,80,PASSENGER,SUCCESS
761,0,48,39,CARGO,FAILURE
762,1,31,96,PASSENGER,SUCCESS
763,1,70,28,PASSENGER,FAILURE
764,0,39,41,PASSENGER,SUCCESS
765,1,25,82,CARGO,SUCCESS
766,0,42,19,CARGO,FAILURE
767,1,65,10,PASSENGER,FAILURE
768,0,34,45,PASSENGER,SUCCESS
769,0,35,40,PASSENGER,SUCCESS
770,0,39,21,CARGO,FAILURE
771,1,18,32,PASSENGER,SUCCESS
772,1,64,12,PASSENGER,FAILURE
773,1,38,88,PASSENGER,SUCCESS
774,0,36,34,PASSENGER,FAILURE
775,1,40,7,CARGO,FAILURE
776,1,69,33,PASSENGER,FAILURE
777,0,58,39,PASSENGER,FAILURE
778,1,42,10,CARGO,FAILURE
779,1,38,78,PASSENGER,SUCCESS
780,0,53,8,PASSENGER,FAILURE
781,0,31,35,PASSENGER,SUCCESS
782,1,56,27,CARGO,FAILURE
783,1,54,25,CARGO,FAILURE
784,0,52,35,PASSENGER,FAILURE
785,0,39,22,PASSENGER,FAILURE
786,1,67,28,PASSENGER,FAILURE
787,1,44,6,CARGO,FAILURE
788,1,31,7,CARGO,FAILURE
789,0,39,96,PASSENGER,SUCCESS
790,1,66,9,CARGO,FAILURE
791,0,42,47,PASSENGER,SUCCESS
792,1,44,86,PASSENGER,SUCCESS
793,0,38,10,PASSENGER,FAILURE
794,1,56,34,CARGO,FAILURE
795,1,42,38,PASSENGER,FAILURE
796,0,32,55,PASSENGER,SUCCESS
797,0,26,52,PASSENGER,SUCCESS
798,0,42,43,PASSENGER,SUCCESS
799,0,44,30,PASSENGER,SUCCESS
800,1,39,36,PASSENGER,FAILURE
801,1,44,34,PASSENGER,SUCCESS
802,1,21,30,PASSENGER,SUCCESS
803,1,68,34,PASSENGER,FAILURE
804,1,25,90,PASSENGER,SUCCESS
805,1,41,27,CARGO,FAILURE
806,1,34,18,PASSENGER,FAILURE
807,1,27,66,PASSENGER,SUCCESS
808,1,26,54,PASSENGER,SUCCESS
809,0,42,14,CARGO,FAILURE
810,1,31,30,PASSENGER,SUCCESS
811,1,42,39,CARGO,FAILURE
812,1,23,56,PASSENGER,SUCCESS
813,1,30,14,CARGO,FAILURE
814,1,43,63,PASSENGER,SUCCESS
815,1,40,29,PASSENGER,FAILURE
816,0,30,17,CARGO,FAILURE
817,1,30,65,PASSENGER,SUCCESS
818,1,36,69,PASSENGER,SUCCESS
819,0,34,77,PASSENGER,SUCCESS
820,0,63,5,CARGO,FAILURE
821,1,39,99,PASSENGER,SUCCESS
822,0,49,37,CARGO,FAILURE
823,1,42,64,PASSENGER,SUCCESS
824,0,33,51,CARGO,SUCCESS
825,1,44,18,CARGO,FAILURE
826,1,45,11,CARGO,FAILURE
827,0,35,13,CARGO,FAILURE
828,1,30,17,CARGO,FAILURE
829,1,32,94,PASSENGER,SUCCESS
830,0,32,33,PASSENGER,FAILURE
831,0,68,32,CARGO,FAILURE
832,0,45,56,CARGO,SUCCESS
833,0,30,32,PASSENGER,FAILURE
834,1,44,71,PASSENGER,SUCCESS
835,0,25,44,CARGO,SUCCESS
836,0,32,71,PASSENGER,SUCCESS
837,0,26,47,PASSENGER,SUCCESS
838,0,62,27,CARGO,FAILURE
839,0,24,61,PASSENGER,SUCCESS
840,0,36,38,PASSENGER,FAILURE
841,1,45,38,CARGO,FAILURE
842,1,37,11,CARGO,FAILURE
843,1,33,93,PASSENGER,SUCCESS
844,1,46,35,CARGO,FAILURE
845,1,67,19,CARGO,FAILURE
846,1,52,11,CARGO,FAILURE
847,1,38,11,PASSENGER,FAILURE
848,0,65,19,CARGO,FAILURE
849,0,35,23,CARGO,FAILURE
850,0,62,26,CARGO,FAILURE
851,0,24,97,PASSENGER,SUCCESS
852,0,39,94,PASSENGER,SUCCESS
853,0,60,40,PASSENGER,FAILURE
854,1,64,22,PASSENGER,FAILURE
855,1,55,24,CARGO,FAILURE
856,0,27,41,PASSENGER,SUCCESS
857,1,59,12,PASSENGER,FAILURE
858,1,24,52,PASSENGER,SUCCESS
859,1,19,92,PASSENGER,SUCCESS
860,1,62,36,PASSENGER,FAILURE
861,0,69,38,CARGO,FAILURE
862,0,42,35,CARGO,FAILURE
863,0,44,40,CARGO,FAILURE
864,1,29,46,PASSENGER,SUCCESS
865,1,25,82,PASSENGER,SUCCESS
866,0,21,52,PASSENGER,SUCCESS
867,0,60,31,CARGO,FAILURE
868,0,62,26,CARGO,FAILURE
869,0,70,19,CARGO,FAILURE
870,1,39,19,PASSENGER,FAILURE
871,1,44,33,CARGO,FAILURE
872,1,29,90,PASSENGER,SUCCESS
873,1,61,15,PASSENGER,FAILURE
874,1,63,7,PASSENGER,FAILURE
875,1,30,35,PASSENGER,SUCCESS
876,1,41,72,CARGO,SUCCESS
877,1,66,30,CARGO,FAILURE
878,1,70,29,CARGO,FAILURE
879,1,49,40,CARGO,FAILURE
880,0,65,17,PASSENGER,FAILURE
881,1,65,14,CARGO,FAILURE
882,0,45,11,CARGO,FAILURE
883,1,22,62,PASSENGER,SUCCESS
884,0,26,77,PASSENGER,SUCCESS
885,1,36,85,CARGO,SUCCESS
886,1,65,22,CARGO,FAILURE
887,0,62,33,PASSENGER,FAILURE
888,0,28,43,CARGO,SUCCESS
889,1,47,9,CARGO,FAILURE
890,1,34,72,PASSENGER,SUCCESS
891,1,66,32,CARGO,FAILURE
892,1,30,17,CARGO,FAILURE
893,1,38,32,PASSENGER,SUCCESS
894,0,50,19,PASSENGER,FAILURE
895,1,21,37,PASSENGER,SUCCESS
896,1,63,38,PASSENGER,FAILURE
897,1,22,91,PASSENGER,SUCCESS
898,0,45,21,CARGO,FAILURE
899,0,45,31,PASSENGER,FAILURE
900,1,42,32,CARGO,FAILURE
901,0,38,100,PASSENGER,SUCCESS
902,0,34,36,CARGO,FAILURE
903,0,33,18,PASSENGER,FAILURE
904,1,55,35,CARGO,FAILURE
905,1,24,53,PASSENGER,SUCCESS
906,1,33,43,PASSENGER,SUCCESS
907,0,30,95,PASSENGER,SUCCESS
908,1,19,92,PASSENGER,SUCCESS
909,1,56,30,PASSENGER,FAILURE
910,1,34,36,PASSENGER,FAILURE
911,1,39,72,CARGO,SUCCESS
912,0,39,30,PASSENGER,FAILURE
913,0,33,93,PASSENGER,SUCCESS
914,1,19,90,PASSENGER,FAILURE
915,0,65,24,CARGO,FAILURE
916,0,32,43,CARGO,SUCCESS
917,1,53,22,PASSENGER,SUCCESS
918,1,41,12,CARGO,SUCCESS
919,1,60,17,CARGO,FAILURE
920,1,26,55,CARGO,FAILURE
921,0,19,64,PASSENGER,FAILURE
922,0,31,97,PASSENGER,SUCCESS
923,0,57,27,PASSENGER,SUCCESS
924,1,31,71,PASSENGER,SUCCESS
925,1,44,97,PASSENGER,SUCCESS
926,1,22,78,PASSENGER,SUCCESS
927,1,68,37,PASSENGER,FAILURE
928,0,24,41,PASSENGER,SUCCESS
929,1,52,28,PASSENGER,FAILURE
930,1,38,17,CARGO,FAILURE
931,1,36,66,CARGO,SUCCESS
932,1,61,12,PASSENGER,FAILURE
933,1,62,37,CARGO,FAILURE
934,0,40,42,PASSENGER,SUCCESS
935,0,51,23,CARGO,FAILURE
936,0,28,36,CARGO,SUCCESS
937,1,44,98,PASSENGER,SUCCESS
938,0,19,42,PASSENGER,SUCCESS
939,1,20,39,PASSENGER,SUCCESS
940,1,22,100,PASSENGER,SUCCESS
941,1,21,69,CARGO,SUCCESS
942,0,39,26,PASSENGER,FAILURE
943,0,39,60,PASSENGER,SUCCESS
944,0,62,34,PASSENGER,FAILURE
945,0,19,98,PASSENGER,SUCCESS
946,0,46,16,CARGO,FAILURE
947,1,49,39,PASSENGER,FAILURE
948,0,65,32,PASSENGER,FAILURE
949,0,30,17,PASSENGER,FAILURE
950,1,51,12,PASSENGER,FAILURE
951,1,34,58,PASSENGER,SUCCESS
952,0,34,61,PASSENGER,SUCCESS
953,0,29,41,PASSENGER,SUCCESS
954,1,61,9,CARGO,FAILURE
955,0,20,40,PASSENGER,SUCCESS
956,0,22,31,PASSENGER,SUCCESS
957,0,23,69,PASSENGER,SUCCESS
958,0,69,23,CARGO,FAILURE
959,0,42,35,PASSENGER,FAILURE
960,0,68,21,CARGO,FAILURE
961,1,25,36,PASSENGER,SUCCESS
962,0,44,71,PASSENGER,SUCCESS
963,1,31,33,PASSENGER,FAILURE
964,1,44,23,CARGO,FAILURE
965,1,50,28,CARGO,FAILURE
966,0,68,18,PASSENGER,FAILURE
967,0,38,30,PASSENGER,SUCCESS
968,0,36,35,CARGO,FAILURE
969,0,37,52,CARGO,SUCCESS
970,1,24,41,PASSENGER,SUCCESS
971,1,49,19,PASSENGER,FAILURE
972,0,62,13,PASSENGER,FAILURE
973,1,39,29,CARGO,FAILURE
974,0,55,19,CARGO,FAILURE
975,1,55,6,PASSENGER,FAILURE
976,1,58,15,PASSENGER,FAILURE
977,0,24,38,PASSENGER,SUCCESS
978,0,32,50,PASSENGER,SUCCESS
979,0,31,98,PASSENGER,SUCCESS
980,1,66,16,CARGO,FAILURE
981,0,35,86,CARGO,SUCCESS
982,1,57,14,CARGO,FAILURE
983,0,28,58,PASSENGER,SUCCESS
984,0,61,22,CARGO,FAILURE
985,1,52,15,CARGO,FAILURE
986,0,50,38,CARGO,FAILURE
987,0,19,37,PASSENGER,SUCCESS
988,0,52,22,PASSENGER,FAILURE
989,1,58,12,PASSENGER,FAILURE
990,1,45,71,PASSENGER,SUCCESS
991,0,70,5,CARGO,FAILURE
992,0,23,98,CARGO,SUCCESS
993,0,49,10,CARGO,FAILURE
994,1,39,8,PASSENGER,FAILURE
995,1,31,62,PASSENGER,SUCCESS
996,1,21,61,PASSENGER,SUCCESS
997,1,27,77,PASSENGER,SUCCESS
998,0,42,95,PASSENGER,SUCCESS
999,0,60,26,CARGO,FAILURE
1000,1,36,40,CARGO,FAILURE
1001,1,66,12,PASSENGER,FAILURE
1002,0,41,32,CARGO,FAILURE
1003,1,38,26,PASSENGER,FAILURE
1004,0,42,67,PASSENGER,SUCCESS
1005,0,19,73,PASSENGER,SUCCESS
1006,1,41,30,CARGO,SUCCESS
1007,1,54,30,CARGO,FAILURE
1008,1,70,32,CARGO,FAILURE
1009,0,70,19,PASSENGER,FAILURE
1010,1,30,14,CARGO,FAILURE
1011,0,69,13,PASSENGER,FAILURE
1012,0,36,13,CARGO,FAILURE
1013,1,36,32,CARGO,FAILURE
1014,0,59,16,PASSENGER,FAILURE
1015,1,62,39,PASSENGER,FAILURE
1016,0,43,65,PASSENGER,SUCCESS
1017,1,42,29,CARGO,FAILURE
1018,1,27,55,CARGO,SUCCESS
1019,1,38,37,CARGO,SUCCESS
1020,0,37,93,PASSENGER,SUCCESS
1021,1,18,44,PASSENGER,SUCCESS
1022,0,59,26,CARGO,FAILURE
1023,0,37,22,CARGO,FAILURE
1024,1,18,57,PASSENGER,SUCCESS
1025,0,23,82,PASSENGER,SUCCESS
1026,0,43,86,PASSENGER,SUCCESS
1027,1,51,36,PASSENGER,FAILURE
1028,0,34,36,CARGO,FAILURE
1029,0,26,65,PASSENGER,SUCCESS
1030,1,53,33,PASSENGER,FAILURE
1031,1,38,70,PASSENGER,SUCCESS
1032,1,64,22,CARGO,FAILURE
1033,0,35,93,PASSENGER,SUCCESS
1034,0,30,38,CARGO,FAILURE
1035,1,31,29,PASSENGER,FAILURE
1036,0,31,23,CARGO,FAILURE
1037,0,31,83,CARGO,SUCCESS
1038,0,32,37,CARGO,FAILURE
1039,1,43,36,CARGO,FAILURE
1040,1,51,13,CARGO,FAILURE
1041,1,63,16,CARGO,FAILURE
1042,0,36,44,PASSENGER,SUCCESS
1043,0,70,20,CARGO,FAILURE
1044,0,32,47,PASSENGER,SUCCESS
1045,0,23,30,PASSENGER,SUCCESS
1046,1,44,31,PASSENGER,SUCCESS
1047,1,33,29,CARGO,FAILURE
1048,0,45,37,CARGO,SUCCESS
1049,1,31,21,CARGO,FAILURE
1050,1,30,20,CARGO,FAILURE
1051,1,70,11,CARGO,FAILURE
1052,0,60,23,PASSENGER,FAILURE
1053,1,20,80,PASSENGER,SUCCESS
1054,1,36,94,PASSENGER,SUCCESS
1055,0,39,69,CARGO,SUCCESS
1056,1,44,80,PASSENGER,SUCCESS
1057,0,34,32,PASSENGER,SUCCESS
1058,1,30,82,CARGO,SUCCESS
1059,0,56,6,CARGO,FAILURE
1060,0,38,91,PASSENGER,SUCCESS
1061,0,32,45,CARGO,SUCCESS
1062,1,44,77,PASSENGER,SUCCESS
1063,0,44,34,CARGO,SUCCESS
1064,1,67,21,CARGO,FAILURE
1065,1,69,13,PASSENGER,FAILURE
1066,1,33,64,PASSENGER,SUCCESS
1067,1,54,20,PASSENGER,FAILURE
1068,0,37,31,CARGO,FAILURE
1069,0,25,80,PASSENGER,SUCCESS
1070,1,59,9,CARGO,FAILURE
1071,0,39,12,PASSENGER,FAILURE
1072,0,34,66,CARGO,SUCCESS
1073,0,53,33,PASSENGER,FAILURE
1074,0,27,95,PASSENGER,SUCCESS
1075,1,42,5,CARGO,FAILURE
1076,0,24,32,PASSENGER,SUCCESS
1077,1,34,79,PASSENGER,SUCCESS
1078,1,28,90,PASSENGER,SUCCESS
1079,0,21,62,PASSENGER,SUCCESS
1080,1,21,79,CARGO,SUCCESS
1081,1,65,11,CARGO,FAILURE
1082,0,57,40,PASSENGER,FAILURE
1083,0,38,84,PASSENGER,SUCCESS
1084,0,22,40,PASSENGER,SUCCESS
1085,0,46,37,CARGO,FAILURE
1086,0,42,82,PASSENGER,SUCCESS
1087,0,60,32,CARGO,FAILURE
1088,1,31,26,CARGO,FAILURE
1089,1,57,39,PASSENGER,FAILURE
1090,0,18,46,PASSENGER,SUCCESS
1091,0,56,6,PASSENGER,FAILURE
1092,0,57,35,CARGO,FAILURE
1093,1,38,50,PASSENGER,SUCCESS
1094,1,29,51,PASSENGER,SUCCESS
1095,0,28,67,CARGO,SUCCESS
1096,1,55,26,PASSENGER,FAILURE
1097,1,36,82,CARGO,SUCCESS
1098,1,18,78,CARGO,SUCCESS
1099,0,68,38,CARGO,FAILURE
1100,0,47,20,PASSENGER,FAILURE
1101,0,28,53,PASSENGER,SUCCESS
1102,0,30,94,PASSENGER,SUCCESS
1103,0,23,31,CARGO,SUCCESS
1104,0,22,77,PASSENGER,SUCCESS
1105,0,25,69,CARGO,SUCCESS
1106,0,60,21,CARGO,FAILURE
1107,1,30,19,CARGO,FAILURE
1108,0,62,12,PASSENGER,FAILURE
1109,1,27,55,PASSENGER,SUCCESS
1110,0,50,12,CARGO,FAILURE
1111,0,67,35,PASSENGER,FAILURE
1112,1,36,91,PASSENGER,SUCCESS
1113,1,45,62,PASSENGER,SUCCESS
1114,1,69,5,PASSENGER,FAILURE
1115,1,70,35,PASSENGER,FAILURE
1116,0,56,20,PASSENGER,FAILURE
1117,0,26,70,PASSENGER,SUCCESS
1118,0,48,16,PASSENGER,FAILURE
1119,0,70,23,CARGO,FAILURE
1120,0,65,20,CARGO,FAILURE
1121,0,43,58,PASSENGER,SUCCESS
1122,1,28,41,PASSENGER,SUCCESS
1123,0,18,80,CARGO,SUCCESS
1124,0,48,16,CARGO,FAILURE
1125,1,43,25,CARGO,FAILURE
1126,1,37,35,PASSENGER,SUCCESS
1127,0,34,41,PASSENGER,SUCCESS
1128,1,53,23,CARGO,FAILURE
1129,1,39,56,PASSENGER,SUCCESS
1130,0,38,87,PASSENGER,SUCCESS
1131,1,45,60,PASSENGER,SUCCESS
1132,1,52,35,PASSENGER,FAILURE
1133,0,42,18,CARGO,FAILURE
1134,1,25,38,PASSENGER,SUCCESS
1135,1,39,8,CARGO,FAILURE
1136,0,48,37,CARGO,FAILURE
1137,1,57,13,PASSENGER,FAILURE
1138,1,39,49,PASSENGER,SUCCESS
1139,0,70,37,CARGO,FAILURE
1140,0,20,86,PASSENGER,SUCCESS
1141,1,44,37,PASSENGER,FAILURE
1142,1,57,36,PASSENGER,FAILURE
1143,0,32,44,CARGO,SUCCESS
1144,0,24,53,PASSENGER,SUCCESS
1145,1,62,19,PASSENGER,FAILURE
1146,0,44,40,CARGO,FAILURE
1147,1,41,37,PASSENGER,FAILURE
1148,1,66,16,CARGO,FAILURE
1149,1,29,85,PASSENGER,SUCCESS
1150,1,22,75,PASSENGER,SUCCESS
1151,1,29,65,CARGO,SUCCESS
1152,0,44,65,CARGO,SUCCESS
1153,1,40,10,CARGO,FAILURE
1154,0,43,23,CARGO,FAILURE
1155,0,70,36,CARGO,FAILURE
1156,1,45,36,CARGO,SUCCESS
1157,1,34,36,PASSENGER,SUCCESS
1158,1,41,98,PASSENGER,SUCCESS
1159,1,35,30,PASSENGER,FAILURE
1160,0,35,69,PASSENGER,SUCCESS
1161,0,25,45,PASSENGER,SUCCESS
1162,0,26,55,PASSENGER,SUCCESS
1163,1,29,68,PASSENGER,SUCCESS
1164,0,50,20,CARGO,FAILURE
1165,1,49,38,CARGO,FAILURE
1166,1,31,67,PASSENGER,SUCCESS
1167,1,50,14,CARGO,FAILURE
1168,0,33,38,CARGO,FAILURE
1169,1,41,35,PASSENGER,SUCCESS
1170,0,42,33,CARGO,FAILURE
1171,0,30,23,CARGO,FAILURE
1172,0,39,38,PASSENGER,FAILURE
1173,0,18,64,CARGO,SUCCESS
1174,0,46,12,CARGO,FAILURE
1175,0,44,22,PASSENGER,FAILURE
1176,0,67,36,CARGO,FAILURE
1177,1,32,57,PASSENGER,SUCCESS
1178,1,18,49,PASSENGER,SUCCESS
1179,1,19,87,PASSENGER,SUCCESS
1180,1,69,7,CARGO,FAILURE
1181,1,42,36,PASSENGER,FAILURE
1182,1,32,98,PASSENGER,SUCCESS
1183,1,22,36,CARGO,SUCCESS
1184,0,70,7,PASSENGER,FAILURE
1185,0,56,11,PASSENGER,FAILURE
1186,0,70,23,PASSENGER,FAILURE
1187,1,33,99,PASSENGER,SUCCESS
1188,0,62,20,CARGO,FAILURE
1189,0,45,27,CARGO,FAILURE
1190,1,19,81,PASSENGER,SUCCESS
1191,1,36,14,PASSENGER,FAILURE
1192,0,55,13,CARGO,FAILURE
1193,0,20,83,PASSENGER,SUCCESS
1194,0,37,43,CARGO,SUCCESS
1195,0,23,74,PASSENGER,SUCCESS
1196,1,54,26,CARGO,FAILURE
1197,0,29,50,PASSENGER,SUCCESS
1198,0,69,37,PASSENGER,FAILURE
1199,1,39,70,PASSENGER,SUCCESS
1200,1,50,8,CARGO,FAILURE
1201,0,70,10,CARGO,FAILURE
1202,1,25,96,PASSENGER,SUCCESS
1203,0,53,21,PASSENGER,FAILURE
1204,0,27,91,PASSENGER,SUCCESS
1205,0,23,88,CARGO,SUCCESS
1206,0,39,47,PASSENGER,SUCCESS
1207,0,31,77,PASSENGER,SUCCESS
1208,0,42,64,PASSENGER,SUCCESS
1209,0,24,45,CARGO,SUCCESS
1210,0,22,86,PASSENGER,SUCCESS
1211,0,22,94,PASSENGER,SUCCESS
1212,0,23,47,PASSENGER,SUCCESS
1213,0,29,49,PASSENGER,SUCCESS
1214,0,39,26,CARGO,FAILURE
1215,1,61,26,CARGO,FAILURE
1216,0,61,23,CARGO,FAILURE
1217,0,41,28,PASSENGER,FAILURE
1218,0,31,67,PASSENGER,SUCCESS
1219,0,34,25,PASSENGER,FAILURE
1220,1,43,72,PASSENGER,SUCCESS
1221,1,30,48,PASSENGER,SUCCESS
1222,0,43,14,PASSENGER,FAILURE
1223,1,69,21,CARGO,FAILURE
1224,0,41,93,PASSENGER,SUCCESS
1225,1,35,46,CARGO,SUCCESS
1226,0,21,95,PASSENGER,SUCCESS
1227,1,63,24,CARGO,FAILURE
1228,0,24,58,PASSENGER,SUCCESS
1229,0,70,35,CARGO,FAILURE
1230,1,52,24,CARGO,FAILURE
1231,0,70,13,PASSENGER,FAILURE
1232,1,57,21,PASSENGER,FAILURE
1233,1,43,61,CARGO,SUCCESS
1234,0,42,8,CARGO,FAILURE
1235,0,28,96,PASSENGER,SUCCESS
1236,0,45,73,PASSENGER,SUCCESS
1237,1,62,32,PASSENGER,FAILURE
1238,0,40,93,PASSENGER,SUCCESS
1239,1,70,29,CARGO,FAILURE
1240,0,32,62,PASSENGER,SUCCESS
1241,0,67,32,CARGO,FAILURE
1242,0,65,19,CARGO,FAILURE
1243,0,21,85,PASSENGER,SUCCESS
1244,1,38,82,PASSENGER,SUCCESS
1245,1,63,29,CARGO,FAILURE
1246,0,69,8,CARGO,FAILURE
1247,1,45,14,CARGO,FAILURE
1248,1,31,54,PASSENGER,SUCCESS
1249,0,54,8,PASSENGER,FAILURE
1250,0,58,15,CARGO,FAILURE
1251,0,57,36,PASSENGER,FAILURE
1252,0,46,39,PASSENGER,FAILURE
1253,0,41,51,PASSENGER,SUCCESS
1254,1,43,51,PASSENGER,SUCCESS
1255,1,38,95,PASSENGER,SUCCESS
1256,0,32,19,CARGO,FAILURE
1257,1,56,16,PASSENGER,FAILURE
1258,1,40,87,PASSENGER,SUCCESS
1259,1,41,10,CARGO,FAILURE
1260,0,58,36,PASSENGER,FAILURE
1261,0,22,83,PASSENGER,SUCCESS
1262,0,45,50,PASSENGER,SUCCESS
1263,0,36,68,PASSENGER,SUCCESS
1264,0,27,69,PASSENGER,SUCCESS
1265,1,36,36,PASSENGER,SUCCESS
1266,1,62,27,CARGO,FAILURE
1267,1,42,36,PASSENGER,SUCCESS
1268,1,23,94,PASSENGER,SUCCESS
1269,1,30,81,PASSENGER,SUCCESS
1270,1,32,21,PASSENGER,FAILURE
1271,1,22,84,CARGO,SUCCESS
1272,1,35,10,CARGO,FAILURE
1273,1,61,38,CARGO,FAILURE
1274,1,32,13,CARGO,FAILURE
1275,0,20,53,PASSENGER,SUCCESS
1276,0,46,9,CARGO,FAILURE
1277,1,23,44,PASSENGER,SUCCESS
1278,0,25,69,PASSENGER,SUCCESS
1279,1,48,13,CARGO,FAILURE
1280,0,66,35,PASSENGER,FAILURE
1281,0,45,75,CARGO,SUCCESS
1282,1,37,48,PASSENGER,SUCCESS
1283,0,37,93,CARGO,SUCCESS
1284,0,31,26,PASSENGER,FAILURE
1285,0,28,49,PASSENGER,SUCCESS
1286,0,20,84,PASSENGER,SUCCESS
1287,0,61,21,CARGO,FAILURE
1288,1,41,38,PASSENGER,FAILURE
1289,0,22,82,CARGO,SUCCESS
1290,1,45,94,CARGO,SUCCESS
1291,0,52,16,CARGO,FAILURE
1292,1,68,21,PASSENGER,FAILURE
1293,1,24,55,PASSENGER,SUCCESS
1294,1,33,25,CARGO,FAILURE
1295,1,65,32,CARGO,FAILURE
1296,1,32,30,PASSENGER,FAILURE
1297,1,51,40,CARGO,FAILURE
1298,0,38,34,PASSENGER,FAILURE
1299,0,39,83,CARGO,SUCCESS
1300,0,55,36,CARGO,FAILURE
1301,1,41,40,PASSENGER,SUCCESS
1302,1,62,26,CARGO,FAILURE
1303,1,44,25,CARGO,FAILURE
1304,0,44,71,PASSENGER,SUCCESS
1305,1,33,98,PASSENGER,SUCCESS
1306,0,44,24,PASSENGER,FAILURE
1307,0,19,33,CARGO,SUCCESS
1308,1,31,27,CARGO,FAILURE
1309,1,67,27,CARGO,FAILURE
1310,0,31,80,PASSENGER,SUCCESS
1311,0,39,60,CARGO,SUCCESS
1312,0,24,31,PASSENGER,SUCCESS
1313,1,43,29,CARGO,FAILURE
1314,1,43,8,CARGO,FAILURE
1315,1,25,85,PASSENGER,SUCCESS
1316,0,38,32,CARGO,SUCCESS
1317,1,50,37,PASSENGER,FAILURE
1318,0,25,49,PASSENGER,SUCCESS
1319,0,23,33,PASSENGER,SUCCESS
1320,0,58,7,CARGO,FAILURE
1321,0,38,48,CARGO,SUCCESS
1322,1,68,13,PASSENGER,FAILURE
1323,0,70,21,PASSENGER,FAILURE
1324,0,39,32,CARGO,FAILURE
1325,1,34,18,CARGO,FAILURE
1326,0,63,34,CARGO,FAILURE
1327,1,27,94,CARGO,SUCCESS
1328,0,27,64,PASSENGER,SUCCESS
1329,0,31,25,PASSENGER,FAILURE
1330,1,67,31,PASSENGER,FAILURE
1331,1,54,24,PASSENGER,FAILURE
1332,0,45,95,PASSENGER,SUCCESS
1333,1,25,86,PASSENGER,SUCCESS
1334,0,41,35,PASSENGER,FAILURE
1335,1,66,10,PASSENGER,FAILURE
1336,0,41,53,PASSENGER,SUCCESS
1337,1,52,14,PASSENGER,FAILURE
1338,0,55,23,PASSENGER,FAILURE
1339,0,44,23,PASSENGER,FAILURE
1340,1,44,82,PASSENGER,SUCCESS
1341,1,60,34,CARGO,FAILURE
1342,0,33,22,PASSENGER,FAILURE
1343,0,43,12,CARGO,FAILURE
1344,1,33,46,PASSENGER,SUCCESS
1345,1,35,22,PASSENGER,FAILURE
1346,0,66,24,CARGO,FAILURE
1347,1,35,90,PASSENGER,SUCCESS
1348,0,28,80,PASSENGER,SUCCESS
1349,1,35,93,PASSENGER,SUCCESS
1350,0,30,13,CARGO,FAILURE
1351,1,31,83,PASSENGER,SUCCESS
1352,0,37,54,PASSENGER,SUCCESS
1353,0,47,30,CARGO,FAILURE
1354,0,30,52,CARGO,SUCCESS
1355,0,70,12,CARGO,FAILURE
1356,1,30,45,PASSENGER,SUCCESS
1357,0,55,23,CARGO,FAILURE
1358,0,61,22,CARGO,FAILURE
1359,1,43,52,CARGO,SUCCESS
1360,1,18,47,PASSENGER,SUCCESS
1361,0,20,42,PASSENGER,SUCCESS
1362,0,40,10,CARGO,FAILURE
1363,0,33,40,CARGO,FAILURE
1364,0,25,50,PASSENGER,SUCCESS
1365,0,33,10,CARGO,FAILURE
1366,0,54,30,PASSENGER,FAILURE
1367,0,51,16,CARGO,FAILURE
1368,1,25,92,PASSENGER,SUCCESS
1369,0,63,40,PASSENGER,FAILURE
1370,0,69,5,PASSENGER,FAILURE
1371,1,44,18,CARGO,FAILURE
1372,0,42,14,PASSENGER,FAILURE
1373,1,34,32,PASSENGER,FAILURE
1374,1,30,35,CARGO,SUCCESS
1375,1,60,18,PASSENGER,FAILURE
1376,1,39,33,CARGO,SUCCESS
1377,0,48,26,PASSENGER,FAILURE
1378,1,69,22,CARGO,FAILURE
1379,1,40,34,PASSENGER,SUCCESS
1380,1,23,75,CARGO,SUCCESS
1381,1,36,40,CARGO,FAILURE
1382,0,30,64,PASSENGER,SUCCESS
1383,1,39,33,PASSENGER,FAILURE
1384,0,53,20,CARGO,FAILURE
1385,1,41,29,CARGO,FAILURE
1386,1,35,26,CARGO,FAILURE
1387,1,56,40,CARGO,FAILURE
1388,0,29,44,CARGO,SUCCESS
1389,0,54,40,CARGO,FAILURE
1390,1,36,33,CARGO,FAILURE
1391,1,31,68,CARGO,SUCCESS
1392,0,40,37,PASSENGER,FAILURE
1393,1,42,86,CARGO,SUCCESS
1394,1,48,33,CARGO,FAILURE
1395,0,52,37,PASSENGER,FAILURE
1396,0,36,38,PASSENGER,FAILURE
1397,0,66,22,CARGO,FAILURE
1398,0,46,33,CARGO,FAILURE
1399,1,35,14,PASSENGER,FAILURE
1400,0,28,75,PASSENGER,SUCCESS
1401,1,26,53,CARGO,SUCCESS
1402,1,19,98,PASSENGER,SUCCESS
1403,0,43,25,PASSENGER,FAILURE
1404,1,69,29,CARGO,FAILURE
1405,0,48,19,CARGO,FAILURE
1406,0,69,28,CARGO,FAILURE
1407,0,52,35,PASSENGER,FAILURE
1408,1,20,89,CARGO,SUCCESS
1409,0,68,24,CARGO,FAILURE
1410,0,68,33,CARGO,FAILURE
1411,1,38,47,PASSENGER,SUCCESS
1412,0,70,19,PASSENGER,FAILURE
1413,1,19,53,PASSENGER,SUCCESS
1414,1,31,16,CARGO,FAILURE
1415,0,44,96,PASSENGER,SUCCESS
1416,0,51,13,CARGO,FAILURE
1417,1,43,18,CARGO,FAILURE
1418,0,38,42,PASSENGER,SUCCESS
1419,0,49,38,CARGO,FAILURE
1420,1,18,68,PASSENGER,SUCCESS
1421,1,31,35,PASSENGER,SUCCESS
1422,0,42,25,CARGO,FAILURE
1423,1,49,12,PASSENGER,FAILURE
1424,1,30,33,CARGO,FAILURE
1425,1,41,11,CARGO,FAILURE
1426,0,19,83,PASSENGER,SUCCESS
1427,1,37,58,PASSENGER,SUCCESS
1428,0,39,93,PASSENGER,SUCCESS
1429,1,34,38,CARGO,FAILURE
1430,0,63,13,PASSENGER,FAILURE
1431,1,43,14,CARGO,FAILURE
1432,0,38,32,CARGO,FAILURE
1433,1,41,84,PASSENGER,SUCCESS
1434,1,49,24,PASSENGER,FAILURE
1435,1,44,33,CARGO,FAILURE
1436,1,62,27,CARGO,FAILURE
1437,1,40,13,CARGO,FAILURE
1438,0,36,44,PASSENGER,SUCCESS
1439,0,53,10,CARGO,FAILURE
1440,1,19,87,PASSENGER,SUCCESS
1441,1,43,91,CARGO,SUCCESS
1442,1,56,9,PASSENGER,FAILURE
1443,1,24,75,PASSENGER,SUCCESS
1444,1,36,29,CARGO,FAILURE
1445,1,51,40,CARGO,FAILURE
1446,1,40,70,CARGO,SUCCESS
1447,1,51,37,CARGO,FAILURE
1448,1,29,55,PASSENGER,SUCCESS
1449,1,57,19,CARGO,FAILURE
1450,1,66,10,CARGO,FAILURE
1451,1,18,100,PASSENGER,SUCCESS
1452,1,38,79,PASSENGER,SUCCESS
1453,0,43,71,PASSENGER,SUCCESS
1454,1,19,42,PASSENGER,SUCCESS
1455,0,30,84,PASSENGER,SUCCESS
1456,0,65,11,PASSENGER,FAILURE
1457,0,42,78,PASSENGER,SUCCESS
1458,0,69,28,PASSENGER,FAILURE
1459,0,37,95,PASSENGER,SUCCESS
1460,1,35,29,PASSENGER,FAILURE
1461,1,54,6,PASSENGER,FAILURE
1462,1,45,24,PASSENGER,FAILURE
1463,1,40,41,PASSENGER,SUCCESS
1464,1,50,32,PASSENGER,FAILURE
1465,0,27,67,PASSENGER,SUCCESS
1466,0,33,30,PASSENGER,FAILURE
1467,0,36,100,CARGO,SUCCESS
1468,0,68,31,CARGO,FAILURE
1469,1,55,17,CARGO,FAILURE
1470,0,52,16,CARGO,FAILURE
1471,0,32,40,CARGO,SUCCESS
1472,0,43,32,CARGO,FAILURE
1473,0,67,26,CARGO,FAILURE
1474,0,57,12,CARGO,FAILURE
1475,1,26,53,PASSENGER,SUCCESS
1476,1,19,45,PASSENGER,SUCCESS
1477,0,22,96,PASSENGER,SUCCESS
1478,0,70,27,CARGO,FAILURE
1479,1,38,94,PASSENGER,SUCCESS
1480,1,63,13,PASSENGER,FAILURE
1481,0,45,23,PASSENGER,FAILURE
1482,1,64,40,CARGO,FAILURE
1483,0,48,11,CARGO,FAILURE
1484,0,39,37,CARGO,FAILURE
1485,0,57,40,CARGO,FAILURE
1486,0,55,10,PASSENGER,FAILURE
1487,1,28,59,CARGO,SUCCESS
1488,0,44,25,PASSENGER,FAILURE
1489,1,49,26,PASSENGER,FAILURE
1490,1,66,28,PASSENGER,FAILURE
1491,0,43,27,PASSENGER,FAILURE
1492,0,28,85,PASSENGER,SUCCESS
1493,1,68,30,CARGO,FAILURE
1494,0,27,42,PASSENGER,SUCCESS
1495,0,63,29,PASSENGER,FAILURE
1496,0,30,70,PASSENGER,SUCCESS
1497,1,19,68,PASSENGER,SUCCESS
1498,1,27,43,PASSENGER,SUCCESS
1499,0,28,84,PASSENGER,SUCCESS
1500,1,54,31,PASSENGER,FAILURE
1501,1,55,19,PASSENGER,FAILURE
1502,1,36,75,CARGO,SUCCESS
1503,0,21,34,PASSENGER,SUCCESS
1504,0,26,98,PASSENGER,SUCCESS
1505,0,35,40,PASSENGER,SUCCESS
1506,0,37,55,PASSENGER,SUCCESS
1507,0,39,6,CARGO,FAILURE
1508,1,39,56,PASSENGER,SUCCESS
1509,0,25,92,PASSENGER,SUCCESS
1510,0,63,29,PASSENGER,FAILURE
1511,0,36,87,PASSENGER,SUCCESS
1512,1,37,73,PASSENGER,SUCCESS
1513,0,37,37,CARGO,FAILURE
1514,1,33,94,PASSENGER,SUCCESS
1515,1,29,76,PASSENGER,SUCCESS
1516,0,31,62,PASSENGER,SUCCESS
1517,1,33,98,CARGO,SUCCESS
1518,1,46,24,CARGO,FAILURE
1519,0,50,29,CARGO,FAILURE
1520,0,49,36,PASSENGER,FAILURE
1521,1,58,5,PASSENGER,FAILURE
1522,1,49,15,PASSENGER,FAILURE
1523,1,21,93,PASSENGER,SUCCESS
1524,1,32,31,PASSENGER,FAILURE
1525,0,57,19,CARGO,FAILURE
1526,0,18,65,PASSENGER,SUCCESS
1527,0,19,56,PASSENGER,SUCCESS
1528,1,49,21,CARGO,FAILURE
1529,1,44,28,CARGO,FAILURE
1530,1,68,36,PASSENGER,FAILURE
1531,1,38,34,PASSENGER,SUCCESS
1532,1,64,27,CARGO,FAILURE
1533,1,26,74,PASSENGER,SUCCESS
1534,1,63,8,PASSENGER,FAILURE
1535,1,43,45,PASSENGER,SUCCESS
1536,0,49,25,CARGO,FAILURE
1537,1,47,11,PASSENGER,FAILURE
1538,0,37,41,PASSENGER,SUCCESS
1539,1,59,14,CARGO,FAILURE
1540,0,50,19,PASSENGER,FAILURE
1541,0,35,99,PASSENGER,SUCCESS
1542,0,40,97,PASSENGER,SUCCESS
1543,0,52,39,CARGO,FAILURE
1544,1,42,15,CARGO,FAILURE
1545,0,38,72,PASSENGER,SUCCESS
1546,1,29,69,PASSENGER,SUCCESS
1547,0,30,7,CARGO,FAILURE
1548,1,33,50,PASSENGER,SUCCESS
1549,0,42,20,CARGO,FAILURE
1550,1,41,32,CARGO,SUCCESS
1551,1,56,30,CARGO,FAILURE
1552,1,31,44,PASSENGER,SUCCESS
1553,1,28,34,CARGO,SUCCESS
1554,0,38,30,PASSENGER,SUCCESS
1555,0,43,46,CARGO,SUCCESS
1556,0,35,91,PASSENGER,SUCCESS
1557,1,41,71,PASSENGER,SUCCESS
1558,0,41,13,CARGO,FAILURE
1559,1,68,6,PASSENGER,FAILURE
1560,1,56,16,PASSENGER,FAILURE
1561,1,31,40,PASSENGER,SUCCESS
1562,0,33,50,PASSENGER,SUCCESS
1563,0,30,16,CARGO,FAILURE
1564,1,33,33,PASSENGER,FAILURE
1565,1,62,7,PASSENGER,FAILURE
1566,1,48,17,CARGO,FAILURE
1567,0,30,42,PASSENGER,SUCCESS
1568,0,62,36,PASSENGER,FAILURE
1569,1,49,32,PASSENGER,FAILURE
1570,0,39,55,CARGO,SUCCESS
1571,1,26,31,PASSENGER,SUCCESS
1572,1,24,35,CARGO,SUCCESS
1573,0,52,19,CARGO,FAILURE
1574,0,31,33,CARGO,FAILURE
1575,1,45,22,CARGO,FAILURE
1576,0,24,50,CARGO,SUCCESS
1577,1,30,29,CARGO,FAILURE
1578,1,70,35,PASSENGER,FAILURE
1579,0,32,9,PASSENGER,FAILURE
1580,1,25,100,PASSENGER,SUCCESS
1581,1,51,7,PASSENGER,FAILURE
1582,0,38,100,PASSENGER,SUCCESS
1583,0,40,9,CARGO,FAILURE
1584,0,37,67,CARGO,SUCCESS
1585,1,57,13,CARGO,FAILURE
1586,1,68,17,PASSENGER,FAILURE
1587,0,69,6,PASSENGER,FAILURE
1588,1,21,51,CARGO,SUCCESS
1589,0,45,32,CARGO,SUCCESS
1590,1,52,13,PASSENGER,FAILURE
1591,0,26,70,PASSENGER,SUCCESS
1592,0,69,12,CARGO,FAILURE
1593,1,46,35,CARGO,FAILURE
1594,0,40,70,PASSENGER,SUCCESS
1595,1,37,34,PASSENGER,SUCCESS
1596,0,49,19,PASSENGER,FAILURE
1597,0,49,17,CARGO,FAILURE
1598,1,31,91,PASSENGER,SUCCESS
1599,0,24,34,PASSENGER,SUCCESS
1600,1,23,88,PASSENGER,SUCCESS
1601,0,25,58,CARGO,SUCCESS
1602,1,34,23,CARGO,FAILURE
1603,1,60,30,PASSENGER,FAILURE
1604,0,29,82,CARGO,SUCCESS
1605,1,61,28,CARGO,FAILURE
1606,0,48,35,PASSENGER,FAILURE
1607,1,59,39,PASSENGER,FAILURE
1608,0,23,82,PASSENGER,SUCCESS
1609,1,37,16,PASSENGER,FAILURE
1610,0,43,26,PASSENGER,FAILURE
1611,0,23,57,PASSENGER,SUCCESS
1612,1,35,32,CARGO,FAILURE
1613,1,45,96,CARGO,SUCCESS
1614,1,45,80,PASSENGER,SUCCESS
1615,1,18,49,PASSENGER,SUCCESS
1616,1,24,62,CARGO,SUCCESS
1617,0,42,19,PASSENGER,FAILURE
1618,0,44,75,PASSENGER,SUCCESS
1619,1,28,77,PASSENGER,SUCCESS
1620,1,47,36,CARGO,FAILURE
1621,1,41,41,PASSENGER,SUCCESS
1622,1,41,35,CARGO,FAILURE
1623,1,46,38,CARGO,FAILURE
1624,1,50,36,CARGO,FAILURE
1625,0,44,46,PASSENGER,SUCCESS
1626,1,28,97,PASSENGER,SUCCESS
1627,1,38,78,CARGO,SUCCESS
1628,1,31,86,CARGO,SUCCESS
1629,0,27,53,CARGO,SUCCESS
1630,0,25,40,PASSENGER,SUCCESS
1631,0,35,31,PASSENGER,FAILURE
1632,0,28,56,PASSENGER,SUCCESS
1633,0,67,12,CARGO,FAILURE
1634,0,68,35,PASSENGER,FAILURE
1635,1,28,88,PASSENGER,SUCCESS
1636,0,65,18,CARGO,FAILURE
1637,1,41,34,PASSENGER,FAILURE
1638,1,48,26,PASSENGER,FAILURE
1639,1,34,38,PASSENGER,SUCCESS
1640,1,45,17,PASSENGER,FAILURE
1641,1,51,35,CARGO,FAILURE
1642,0,45,15,CARGO,FAILURE
1643,0,22,46,PASSENGER,SUCCESS
1644,0,30,8,CARGO,FAILURE
1645,1,38,17,CARGO,FAILURE
1646,0,64,38,CARGO,FAILURE
1647,1,29,82,CARGO,SUCCESS
1648,1,39,8,PASSENGER,FAILURE
1649,0,36,86,PASSENGER,SUCCESS
1650,0,37,38,PASSENGER,SUCCESS
1651,1,41,97,PASSENGER,SUCCESS
1652,0,35,99,PASSENGER,SUCCESS
1653,0,26,39,PASSENGER,SUCCESS
1654,1,43,26,CARGO,FAILURE
1655,1,54,35,CARGO,FAILURE
1656,1,19,39,PASSENGER,SUCCESS
1657,1,69,17,CARGO,FAILURE
1658,0,31,41,PASSENGER,SUCCESS
1659,0,44,40,CARGO,FAILURE
1660,1,53,29,PASSENGER,FAILURE
1661,1,32,40,PASSENGER,SUCCESS
1662,0,50,8,PASSENGER,FAILURE
1663,1,33,37,CARGO,FAILURE
1664,0,60,14,PASSENGER,FAILURE
1665,1,49,24,CARGO,FAILURE
1666,0,65,23,CARGO,FAILURE
1667,1,30,40,CARGO,FAILURE
1668,1,36,64,PASSENGER,SUCCESS
1669,1,21,38,PASSENGER,SUCCESS
1670,0,34,83,CARGO,SUCCESS
1671,0,42,65,PASSENGER,SUCCESS
1672,1,29,81,CARGO,SUCCESS
1673,0,37,15,CARGO,FAILURE
1674,1,32,23,CARGO,FAILURE
1675,0,18,80,PASSENGER,SUCCESS
1676,1,59,36,CARGO,FAILURE
1677,1,56,40,CARGO,FAILURE
1678,1,22,91,PASSENGER,SUCCESS
1679,0,60,15,PASSENGER,FAILURE
1680,1,20,41,PASSENGER,SUCCESS
1681,0,54,25,CARGO,FAILURE
1682,0,66,12,CARGO,FAILURE
1683,1,57,12,PASSENGER,FAILURE
1684,0,30,57,PASSENGER,SUCCESS
1685,1,48,9,PASSENGER,FAILURE
1686,0,24,71,PASSENGER,SUCCESS
1687,1,34,38,CARGO,FAILURE
1688,1,60,13,PASSENGER,FAILURE
1689,1,64,7,PASSENGER,FAILURE
1690,0,23,31,PASSENGER,SUCCESS
1691,0,54,25,CARGO,FAILURE
1692,1,45,86,PASSENGER,SUCCESS
1693,0,30,27,PASSENGER,FAILURE
1694,1,61,25,CARGO,FAILURE
1695,0,32,7,CARGO,FAILURE
1696,1,36,39,PASSENGER,FAILURE
1697,0,39,39,PASSENGER,SUCCESS
1698,0,30,48,PASSENGER,SUCCESS
1699,0,69,16,CARGO,FAILURE
1700,1,35,27,CARGO,FAILURE
1701,1,20,50,PASSENGER,SUCCESS
1702,1,67,39,PASSENGER,FAILURE
1703,1,44,83,PASSENGER,SUCCESS
1704,0,38,36,PASSENGER,FAILURE
1705,0,49,26,CARGO,FAILURE
1706,1,34,98,CARGO,SUCCESS
1707,0,37,35,PASSENGER,FAILURE
1708,1,39,49,PASSENGER,SUCCESS
1709,0,46,21,PASSENGER,FAILURE
1710,1,51,34,PASSENGER,FAILURE
1711,0,34,11,CARGO,FAILURE
1712,1,42,8,CARGO,FAILURE
1713,1,61,16,CARGO,FAILURE
1714,0,25,35,PASSENGER,SUCCESS
1715,1,42,32,PASSENGER,SUCCESS
1716,1,49,40,PASSENGER,FAILURE
1717,1,27,36,PASSENGER,SUCCESS
1718,0,33,69,PASSENGER,SUCCESS
1719,1,51,28,CARGO,FAILURE
1720,0,31,81,PASSENGER,SUCCESS
1721,0,36,50,PASSENGER,SUCCESS
1722,1,37,50,CARGO,SUCCESS
1723,0,58,11,PASSENGER,FAILURE
1724,0,50,10,PASSENGER,FAILURE
1725,0,52,9,CARGO,FAILURE
1726,1,50,35,PASSENGER,FAILURE
1727,1,37,30,PASSENGER,SUCCESS
1728,0,39,15,PASSENGER,FAILURE
1729,1,45,37,PASSENGER,SUCCESS
1730,0,31,37,CARGO,SUCCESS
1731,1,27,96,PASSENGER,SUCCESS
1732,1,45,75,PASSENGER,SUCCESS
1733,0,30,59,PASSENGER,SUCCESS
1734,0,52,33,CARGO,FAILURE
1735,0,26,42,PASSENGER,SUCCESS
1736,0,33,37,CARGO,FAILURE
1737,1,42,84,PASSENGER,SUCCESS
1738,0,51,24,CARGO,FAILURE
1739,0,34,52,PASSENGER,SUCCESS
1740,1,30,82,PASSENGER,SUCCESS
1741,0,68,19,PASSENGER,FAILURE
1742,1,61,8,CARGO,FAILURE
1743,1,35,100,PASSENGER,SUCCESS
1744,1,26,56,PASSENGER,SUCCESS
1745,0,38,59,PASSENGER,SUCCESS
1746,1,25,100,CARGO,SUCCESS
1747,0,70,24,PASSENGER,FAILURE
1748,1,60,10,PASSENGER,FAILURE
1749,0,47,33,PASSENGER,FAILURE
1750,1,34,76,PASSENGER,SUCCESS
1751,0,43,36,PASSENGER,SUCCESS
1752,1,49,18,CARGO,FAILURE
1753,0,39,35,PASSENGER,FAILURE
1754,0,41,46,PASSENGER,SUCCESS
1755,0,42,84,PASSENGER,SUCCESS
1756,1,38,32,CARGO,FAILURE
1757,0,31,54,PASSENGER,SUCCESS
1758,1,51,25,CARGO,FAILURE
1759,1,25,93,PASSENGER,SUCCESS
1760,0,59,7,CARGO,FAILURE
1761,0,37,10,CARGO,FAILURE
1762,1,30,55,PASSENGER,SUCCESS
1763,1,20,69,PASSENGER,SUCCESS
1764,0,30,75,CARGO,SUCCESS
1765,0,22,38,PASSENGER,SUCCESS
1766,1,44,87,CARGO,SUCCESS
1767,0,27,35,PASSENGER,SUCCESS
1768,1,69,12,CARGO,FAILURE
1769,0,24,48,PASSENGER,SUCCESS
1770,1,33,74,PASSENGER,SUCCESS
1771,1,45,50,CARGO,SUCCESS
1772,1,61,11,CARGO,FAILURE
1773,0,33,43,PASSENGER,SUCCESS
1774,0,30,74,PASSENGER,SUCCESS
1775,1,39,26,CARGO,FAILURE
1776,1,60,37,CARGO,FAILURE
1777,1,61,22,PASSENGER,FAILURE
1778,1,19,99,CARGO,SUCCESS
1779,1,44,46,PASSENGER,SUCCESS
1780,1,46,39,CARGO,FAILURE
1781,0,38,17,PASSENGER,FAILURE
1782,1,30,73,PASSENGER,SUCCESS
1783,0,33,78,PASSENGER,SUCCESS
1784,1,35,30,CARGO,FAILURE
1785,1,24,49,PASSENGER,SUCCESS
1786,0,53,7,PASSENGER,FAILURE
1787,1,53,27,CARGO,FAILURE
1788,1,27,93,PASSENGER,SUCCESS
1789,1,38,7,CARGO,FAILURE
1790,0,46,29,CARGO,FAILURE
1791,1,34,48,PASSENGER,SUCCESS
1792,1,60,13,PASSENGER,FAILURE
1793,1,34,67,PASSENGER,SUCCESS
1794,0,35,32,CARGO,FAILURE
1795,1,63,26,CARGO,FAILURE
1796,1,54,36,PASSENGER,FAILURE
1797,0,28,55,PASSENGER,SUCCESS
1798,1,65,7,CARGO,FAILURE
1799,0,66,9,PASSENGER,FAILURE
1800,0,45,5,PASSENGER,FAILURE
1801,0,65,10,PASSENGER,FAILURE
1802,1,42,15,CARGO,FAILURE
1803,0,29,99,PASSENGER,SUCCESS
1804,0,25,79,PASSENGER,SUCCESS
1805,0,18,78,PASSENGER,SUCCESS
1806,0,22,75,PASSENGER,SUCCESS
1807,1,46,20,PASSENGER,FAILURE
1808,1,43,34,CARGO,FAILURE
1809,0,65,30,CARGO,FAILURE
1810,0,49,6,PASSENGER,FAILURE
1811,0,44,94,PASSENGER,SUCCESS
1812,1,36,28,CARGO,FAILURE
1813,1,31,6,PASSENGER,FAILURE
1814,1,35,38,PASSENGER,SUCCESS
1815,1,51,16,CARGO,FAILURE
1816,1,37,15,CARGO,FAILURE
1817,1,41,99,CARGO,SUCCESS
1818,1,41,19,CARGO,FAILURE
1819,1,39,6,PASSENGER,FAILURE
1820,0,44,86,PASSENGER,SUCCESS
1821,1,35,26,CARGO,FAILURE
1822,1,24,98,PASSENGER,SUCCESS
1823,1,66,20,PASSENGER,FAILURE
1824,0,60,27,CARGO,FAILURE
1825,0,41,80,CARGO,SUCCESS
1826,1,38,78,CARGO,SUCCESS
1827,0,32,35,CARGO,SUCCESS
1828,0,43,11,CARGO,FAILURE
1829,0,58,36,PASSENGER,FAILURE
1830,0,45,34,PASSENGER,FAILURE
1831,1,68,16,CARGO,FAILURE
1832,1,30,30,PASSENGER,FAILURE
1833,1,48,26,CARGO,FAILURE
1834,1,48,27,PASSENGER,FAILURE
1835,0,35,62,PASSENGER,SUCCESS
1836,1,39,51,PASSENGER,SUCCESS
1837,1,33,26,PASSENGER,FAILURE
1838,1,39,26,CARGO,FAILURE
1839,0,37,5,CARGO,FAILURE
1840,1,25,72,PASSENGER,SUCCESS
1841,1,26,80,PASSENGER,SUCCESS
1842,1,45,72,PASSENGER,SUCCESS
1843,1,60,19,CARGO,FAILURE
1844,1,48,32,CARGO,FAILURE
1845,1,48,6,CARGO,FAILURE
1846,0,64,18,PASSENGER,FAILURE
1847,1,26,95,CARGO,SUCCESS
1848,1,49,8,PASSENGER,FAILURE
1849,0,26,80,PASSENGER,SUCCESS
1850,1,37,93,PASSENGER,SUCCESS
1851,0,33,100,PASSENGER,SUCCESS
1852,1,18,47,PASSENGER,SUCCESS
1853,1,37,75,PASSENGER,SUCCESS
1854,0,45,49,PASSENGER,SUCCESS
1855,1,57,25,CARGO,FAILURE
1856,1,30,25,PASSENGER,FAILURE
1857,0,23,74,CARGO,SUCCESS
1858,0,34,61,PASSENGER,SUCCESS
1859,1,46,39,PASSENGER,FAILURE
1860,1,36,55,PASSENGER,SUCCESS
1861,1,62,5,CARGO,FAILURE
1862,0,32,5,PASSENGER,FAILURE
1863,1,70,34,CARGO,FAILURE
1864,1,30,87,PASSENGER,SUCCESS
1865,1,33,17,CARGO,FAILURE
1866,1,20,82,PASSENGER,SUCCESS
1867,0,23,80,CARGO,SUCCESS
1868,1,33,30,CARGO,FAILURE
1869,1,21,72,PASSENGER,SUCCESS
1870,1,59,22,PASSENGER,FAILURE
1871,1,41,14,PASSENGER,FAILURE
1872,0,53,32,CARGO,FAILURE
1873,0,41,95,PASSENGER,SUCCESS
1874,1,69,8,CARGO,FAILURE
1875,1,35,24,CARGO,FAILURE
1876,1,51,8,CARGO,FAILURE
1877,1,63,25,PASSENGER,FAILURE
1878,0,23,87,PASSENGER,SUCCESS
1879,1,29,71,PASSENGER,SUCCESS
1880,1,39,37,PASSENGER,FAILURE
1881,0,45,35,PASSENGER,SUCCESS
1882,1,24,97,PASSENGER,SUCCESS
1883,1,33,19,CARGO,FAILURE
1884,1,49,31,PASSENGER,FAILURE
1885,0,39,11,CARGO,FAILURE
1886,1,34,25,PASSENGER,FAILURE
1887,0,18,90,PASSENGER,SUCCESS
1888,0,37,16,PASSENGER,FAILURE
1889,0,22,47,PASSENGER,SUCCESS
1890,0,34,89,PASSENGER,SUCCESS
1891,0,31,54,PASSENGER,SUCCESS
1892,0,18,88,PASSENGER,SUCCESS
1893,0,42,26,CARGO,FAILURE
1894,0,33,52,PASSENGER,SUCCESS
1895,0,32,8,PASSENGER,FAILURE
1896,1,33,58,CARGO,SUCCESS
1897,0,43,52,PASSENGER,SUCCESS
1898,0,42,72,PASSENGER,SUCCESS
1899,1,26,54,PASSENGER,SUCCESS
1900,1,46,39,PASSENGER,FAILURE
1901,0,49,11,CARGO,FAILURE
1902,0,47,6,PASSENGER,FAILURE
1903,0,52,40,PASSENGER,FAILURE
1904,0,53,31,CARGO,FAILURE
1905,0,60,37,CARGO,FAILURE
1906,1,19,88,PASSENGER,SUCCESS
1907,0,67,16,PASSENGER,FAILURE
1908,0,54,18,CARGO,FAILURE
1909,1,59,12,CARGO,FAILURE
1910,0,47,32,CARGO,FAILURE
1911,1,66,9,CARGO,FAILURE
1912,1,36,13,PASSENGER,FAILURE
1913,1,38,95,PASSENGER,SUCCESS
1914,0,63,34,CARGO,FAILURE
1915,0,37,58,CARGO,SUCCESS
1916,0,32,50,PASSENGER,SUCCESS
1917,1,34,98,PASSENGER,SUCCESS
1918,1,26,46,PASSENGER,SUCCESS
1919,1,19,76,PASSENGER,SUCCESS
1920,1,43,78,PASSENGER,SUCCESS
1921,0,62,38,CARGO,FAILURE
1922,1,28,87,PASSENGER,SUCCESS
1923,1,50,20,PASSENGER,FAILURE
1924,0,54,18,PASSENGER,FAILURE
1925,0,45,26,CARGO,FAILURE
1926,1,38,28,PASSENGER,FAILURE
1927,1,59,29,CARGO,FAILURE
1928,1,38,84,CARGO,SUCCESS
1929,0,37,63,PASSENGER,SUCCESS
1930,1,40,21,CARGO,FAILURE
1931,1,38,22,PASSENGER,FAILURE
1932,0,36,40,CARGO,FAILURE
1933,1,59,18,PASSENGER,FAILURE
1934,1,20,59,PASSENGER,SUCCESS
1935,1,53,13,CARGO,FAILURE
1936,1,63,40,CARGO,FAILURE
1937,1,48,13,CARGO,FAILURE
1938,1,51,15,CARGO,FAILURE
1939,0,18,69,PASSENGER,SUCCESS
1940,1,31,30,CARGO,SUCCESS
1941,1,32,8,PASSENGER,FAILURE
1942,1,40,75,PASSENGER,SUCCESS
1943,0,62,17,CARGO,FAILURE
1944,0,33,23,CARGO,FAILURE
1945,1,21,53,PASSENGER,SUCCESS
1946,0,49,39,PASSENGER,FAILURE
1947,1,41,96,PASSENGER,SUCCESS
1948,1,37,27,CARGO,FAILURE
1949,0,53,17,CARGO,FAILURE
1950,1,32,29,CARGO,FAILURE
1951,0,52,9,PASSENGER,FAILURE
1952,0,66,37,CARGO,FAILURE
1953,1,36,33,PASSENGER,SUCCESS
1954,0,44,5,CARGO,FAILURE
1955,1,70,34,CARGO,FAILURE
1956,0,64,14,PASSENGER,FAILURE
1957,1,47,31,PASSENGER,FAILURE
1958,1,69,9,CARGO,FAILURE
1959,1,31,63,PASSENGER,SUCCESS
1960,1,44,12,CARGO,FAILURE
1961,0,42,35,CARGO,FAILURE
1962,1,34,73,PASSENGER,SUCCESS
1963,1,36,69,PASSENGER,SUCCESS
1964,1,57,19,CARGO,FAILURE
1965,0,53,24,PASSENGER,FAILURE
1966,1,40,27,CARGO,FAILURE
1967,1,67,35,PASSENGER,FAILURE
1968,0,62,8,PASSENGER,FAILURE
1969,1,18,39,PASSENGER,SUCCESS
1970,0,26,40,PASSENGER,SUCCESS
1971,0,34,30,CARGO,FAILURE
1972,0,30,28,PASSENGER,FAILURE
1973,0,61,26,PASSENGER,FAILURE
1974,1,43,95,CARGO,SUCCESS
1975,0,36,93,PASSENGER,SUCCESS
1976,0,32,13,PASSENGER,FAILURE
1977,1,49,11,CARGO,FAILURE
1978,0,62,11,CARGO,FAILURE
1979,1,30,46,PASSENGER,SUCCESS
1980,0,39,91,PASSENGER,SUCCESS
1981,0,45,11,PASSENGER,FAILURE
1982,0,45,73,PASSENGER,SUCCESS
1983,1,66,19,CARGO,FAILURE
1984,0,42,15,CARGO,FAILURE
1985,1,33,67,PASSENGER,SUCCESS
1986,1,26,85,PASSENGER,SUCCESS
1987,1,38,15,PASSENGER,FAILURE
1988,0,30,24,PASSENGER,FAILURE
1989,0,21,59,PASSENGER,SUCCESS
1990,0,21,87,PASSENGER,SUCCESS
1991,1,66,40,CARGO,FAILURE
1992,0,55,31,CARGO,FAILURE
1993,0,37,98,PASSENGER,SUCCESS
1994,1,60,32,PASSENGER,FAILURE
1995,1,37,39,PASSENGER,FAILURE
1996,0,24,55,PASSENGER,SUCCESS
1997,1,40,65,CARGO,SUCCESS
1998,1,51,28,PASSENGER,FAILURE
1999,1,42,5,PASSENGER,FAILURE
2000,1,27,71,PASSENGER,SUCCESS
2001,0,28,56,PASSENGER,SUCCESS
2002,1,53,21,CARGO,FAILURE
2003,0,57,33,CARGO,FAILURE
2004,0,26,43,PASSENGER,SUCCESS
2005,0,45,52,CARGO,SUCCESS
2006,1,54,19,CARGO,FAILURE
2007,1,66,29,CARGO,FAILURE
2008,1,50,36,CARGO,FAILURE
2009,1,20,51,PASSENGER,SUCCESS
2010,0,35,33,CARGO,FAILURE
2011,0,35,83,PASSENGER,SUCCESS
2012,0,30,14,CARGO,FAILURE
2013,1,55,24,CARGO,FAILURE
2014,1,52,12,PASSENGER,FAILURE
2015,0,23,66,CARGO,SUCCESS
2016,0,32,32,PASSENGER,SUCCESS
2017,0,32,44,PASSENGER,SUCCESS
2018,0,31,5,PASSENGER,FAILURE
2019,1,18,93,PASSENGER,SUCCESS
2020,0,22,30,PASSENGER,SUCCESS
2021,1,52,14,PASSENGER,FAILURE
2022,0,26,43,CARGO,SUCCESS
2023,1,26,96,CARGO,SUCCESS
2024,1,35,95,CARGO,SUCCESS
2025,1,68,23,CARGO,FAILURE
2026,1,40,15,CARGO,FAILURE
2027,0,46,38,CARGO,FAILURE
2028,0,43,5,CARGO,FAILURE
2029,0,46,10,CARGO,FAILURE
2030,1,68,33,CARGO,FAILURE
2031,1,32,57,CARGO,SUCCESS
2032,0,48,23,CARGO,FAILURE
2033,1,57,12,PASSENGER,FAILURE
2034,1,40,34,CARGO,FAILURE
2035,0,34,87,PASSENGER,SUCCESS
2036,1,48,15,CARGO,FAILURE
2037,0,61,25,CARGO,FAILURE
2038,0,40,38,CARGO,FAILURE
2039,0,29,51,PASSENGER,SUCCESS
2040,1,42,79,PASSENGER,SUCCESS
2041,0,20,43,CARGO,SUCCESS
2042,0,62,13,CARGO,FAILURE
2043,0,40,76,PASSENGER,SUCCESS
2044,0,60,11,CARGO,FAILURE
2045,1,47,18,CARGO,FAILURE
2046,1,52,19,CARGO,FAILURE
2047,1,39,9,CARGO,FAILURE
2048,0,69,39,PASSENGER,FAILURE
2049,1,34,17,PASSENGER,FAILURE
2050,1,34,16,CARGO,FAILURE
2051,1,34,100,PASSENGER,SUCCESS
2052,1,56,37,PASSENGER,FAILURE
2053,1,40,93,PASSENGER,SUCCESS
2054,1,46,19,CARGO,FAILURE
2055,0,24,54,CARGO,SUCCESS
2056,0,64,27,CARGO,FAILURE
2057,0,60,23,PASSENGER,FAILURE
2058,0,43,26,CARGO,FAILURE
2059,1,62,31,CARGO,FAILURE
2060,1,41,8,CARGO,FAILURE
2061,0,70,35,PASSENGER,FAILURE
2062,1,65,34,CARGO,FAILURE
2063,1,39,17,PASSENGER,FAILURE
2064,0,36,39,CARGO,FAILURE
2065,1,47,16,CARGO,FAILURE
2066,0,37,52,CARGO,SUCCESS
2067,1,27,65,CARGO,SUCCESS
2068,0,23,53,PASSENGER,SUCCESS
2069,1,22,72,PASSENGER,SUCCESS
2070,1,25,35,PASSENGER,SUCCESS
2071,0,25,44,CARGO,SUCCESS
2072,0,31,47,PASSENGER,SUCCESS
2073,1,41,38,PASSENGER,FAILURE
2074,0,53,23,CARGO,FAILURE
2075,1,69,34,CARGO,FAILURE
2076,0,20,93,PASSENGER,SUCCESS
2077,1,37,10,CARGO,FAILURE
2078,0,44,25,CARGO,FAILURE
2079,0,42,37,PASSENGER,FAILURE
2080,0,63,34,CARGO,FAILURE
2081,1,34,49,CARGO,SUCCESS
2082,0,40,13,PASSENGER,FAILURE
2083,1,40,70,PASSENGER,SUCCESS
2084,0,18,33,PASSENGER,SUCCESS
2085,1,60,5,CARGO,FAILURE
2086,1,45,41,PASSENGER,SUCCESS
2087,0,38,31,PASSENGER,FAILURE
2088,0,40,32,CARGO,FAILURE
2089,0,29,98,PASSENGER,SUCCESS
2090,1,59,31,CARGO,FAILURE
2091,1,31,46,PASSENGER,SUCCESS
2092,1,25,61,PASSENGER,SUCCESS
2093,1,34,27,PASSENGER,FAILURE
2094,1,55,27,CARGO,FAILURE
2095,1,63,5,CARGO,FAILURE
2096,0,37,60,PASSENGER,SUCCESS
2097,0,61,11,CARGO,FAILURE
2098,0,47,22,CARGO,FAILURE
2099,1,23,40,PASSENGER,SUCCESS
2100,0,45,58,PASSENGER,SUCCESS
2101,0,37,38,CARGO,FAILURE
2102,0,19,30,PASSENGER,SUCCESS
2103,1,31,22,CARGO,FAILURE
2104,1,44,60,PASSENGER,SUCCESS
2105,0,42,67,PASSENGER,SUCCESS
2106,1,68,6,CARGO,FAILURE
2107,0,43,39,CARGO,FAILURE
2108,0,69,27,PASSENGER,FAILURE
2109,1,50,22,PASSENGER,FAILURE
2110,1,34,99,PASSENGER,SUCCESS
2111,0,22,66,PASSENGER,SUCCESS
2112,0,37,94,CARGO,SUCCESS
2113,1,42,35,PASSENGER,SUCCESS
2114,0,58,14,PASSENGER,FAILURE
2115,0,34,88,PASSENGER,SUCCESS
2116,0,55,9,PASSENGER,FAILURE
2117,1,63,7,PASSENGER,FAILURE
2118,0,51,10,PASSENGER,FAILURE
2119,0,39,89,CARGO,SUCCESS
2120,0,36,99,PASSENGER,SUCCESS
2121,0,31,49,PASSENGER,SUCCESS
2122,1,51,9,PASSENGER,FAILURE
2123,0,39,14,CARGO,FAILURE
2124,1,63,19,CARGO,FAILURE
2125,0,41,27,CARGO,FAILURE
2126,0,66,28,PASSENGER,FAILURE
2127,1,20,61,PASSENGER,SUCCESS
2128,1,38,57,CARGO,SUCCESS
2129,0,50,14,CARGO,FAILURE
2130,0,34,38,PASSENGER,SUCCESS
2131,0,34,61,PASSENGER,SUCCESS
2132,1,18,53,PASSENGER,SUCCESS
2133,1,25,33,PASSENGER,SUCCESS
2134,0,21,82,PASSENGER,SUCCESS
2135,1,66,22,PASSENGER,FAILURE
2136,0,40,32,PASSENGER,FAILURE
2137,1,20,89,PASSENGER,SUCCESS
2138,0,65,7,CARGO,FAILURE
2139,1,31,40,PASSENGER,SUCCESS
2140,0,35,8,PASSENGER,FAILURE
2141,1,48,38,CARGO,FAILURE
2142,0,36,42,PASSENGER,SUCCESS
2143,1,33,32,CARGO,FAILURE
2144,0,34,32,PASSENGER,SUCCESS
2145,0,20,76,PASSENGER,SUCCESS
2146,0,52,38,CARGO,FAILURE
2147,0,68,29,PASSENGER,FAILURE
2148,1,28,32,PASSENGER,SUCCESS
2149,0,56,15,CARGO,FAILURE
2150,1,39,67,CARGO,SUCCESS
2151,1,35,9,PASSENGER,FAILURE
2152,0,33,34,PASSENGER,SUCCESS
2153,1,32,82,PASSENGER,SUCCESS
2154,0,37,53,PASSENGER,SUCCESS
2155,1,30,12,PASSENGER,FAILURE
2156,0,48,16,PASSENGER,FAILURE
2157,0,45,94,PASSENGER,SUCCESS
2158,0,33,81,PASSENGER,SUCCESS
2159,0,49,36,CARGO,FAILURE
2160,0,56,38,PASSENGER,FAILURE
2161,1,34,33,CARGO,SUCCESS
2162,0,31,80,PASSENGER,SUCCESS
2163,1,50,14,CARGO,FAILURE
2164,0,26,66,PASSENGER,SUCCESS
2165,1,47,36,CARGO,FAILURE
2166,0,55,15,PASSENGER,FAILURE
2167,1,63,19,CARGO,FAILURE
2168,1,18,44,CARGO,SUCCESS
2169,0,63,20,PASSENGER,FAILURE
2170,0,51,37,CARGO,FAILURE
2171,1,70,26,CARGO,FAILURE
2172,1,55,9,CARGO,FAILURE
2173,0,24,64,PASSENGER,SUCCESS
2174,0,18,87,CARGO,SUCCESS
2175,0,32,10,CARGO,FAILURE
2176,1,68,8,CARGO,FAILURE
2177,0,60,22,CARGO,FAILURE
2178,0,55,31,PASSENGER,FAILURE
2179,0,69,34,CARGO,FAILURE
2180,0,53,13,PASSENGER,FAILURE
2181,1,20,31,PASSENGER,SUCCESS
2182,0,36,58,PASSENGER,SUCCESS
2183,1,24,74,PASSENGER,SUCCESS
2184,0,25,44,PASSENGER,SUCCESS
2185,1,40,5,CARGO,FAILURE
2186,0,34,13,PASSENGER,FAILURE
2187,0,51,33,PASSENGER,FAILURE
2188,1,28,66,CARGO,SUCCESS
2189,1,43,38,PASSENGER,FAILURE
2190,1,18,79,PASSENGER,SUCCESS
2191,0,66,37,CARGO,FAILURE
2192,1,28,79,CARGO,SUCCESS
2193,1,33,34,CARGO,FAILURE
2194,1,66,33,PASSENGER,FAILURE
2195,1,45,33,CARGO,FAILURE
2196,0,48,39,CARGO,FAILURE
2197,1,43,18,PASSENGER,FAILURE
2198,1,31,23,PASSENGER,FAILURE
2199,0,36,62,PASSENGER,SUCCESS
2200,0,36,22,CARGO,FAILURE
2201,0,37,51,CARGO,SUCCESS
2202,1,21,44,PASSENGER,SUCCESS
2203,0,25,96,PASSENGER,SUCCESS
2204,0,65,13,CARGO,FAILURE
2205,0,58,32,CARGO,FAILURE
2206,1,21,76,PASSENGER,SUCCESS
2207,0,52,37,PASSENGER,FAILURE
2208,0,29,64,PASSENGER,SUCCESS
2209,0,52,39,CARGO,FAILURE
2210,1,45,33,CARGO,FAILURE
2211,0,55,27,CARGO,FAILURE
2212,0,66,32,PASSENGER,FAILURE
2213,1,65,11,PASSENGER,FAILURE
2214,1,36,32,CARGO,FAILURE
2215,0,60,20,PASSENGER,FAILURE
2216,1,61,33,CARGO,FAILURE
2217,1,32,95,PASSENGER,SUCCESS
2218,0,32,18,PASSENGER,FAILURE
2219,1,31,78,PASSENGER,SUCCESS
2220,1,30,54,PASSENGER,SUCCESS
2221,1,60,38,PASSENGER,FAILURE
2222,1,32,48,PASSENGER,SUCCESS
2223,0,59,14,CARGO,FAILURE
2224,1,69,29,CARGO,FAILURE
2225,1,27,67,PASSENGER,SUCCESS
2226,0,18,100,PASSENGER,SUCCESS
2227,1,27,60,PASSENGER,SUCCESS
2228,0,36,43,PASSENGER,SUCCESS
2229,1,62,15,CARGO,FAILURE
2230,1,33,63,PASSENGER,SUCCESS
2231,0,68,37,PASSENGER,FAILURE
2232,1,53,8,PASSENGER,FAILURE
2233,0,20,59,PASSENGER,SUCCESS
2234,0,51,8,PASSENGER,FAILURE
2235,1,19,65,CARGO,SUCCESS
2236,0,42,16,PASSENGER,FAILURE
2237,1,43,69,PASSENGER,SUCCESS
2238,1,47,24,CARGO,FAILURE
2239,1,31,92,PASSENGER,SUCCESS
2240,0,66,5,CARGO,FAILURE
2241,1,33,87,PASSENGER,SUCCESS
2242,0,28,60,PASSENGER,SUCCESS
2243,1,69,39,CARGO,FAILURE
2244,1,40,11,PASSENGER,FAILURE
2245,1,37,18,CARGO,FAILURE
2246,0,51,31,CARGO,FAILURE
2247,1,38,13,CARGO,FAILURE
2248,1,65,40,CARGO,FAILURE
2249,0,54,32,CARGO,FAILURE
2250,0,27,78,PASSENGER,SUCCESS
2251,0,36,30,CARGO,FAILURE
2252,0,41,30,PASSENGER,SUCCESS
2253,1,53,26,CARGO,FAILURE
2254,1,43,10,CARGO,FAILURE
2255,0,63,23,PASSENGER,FAILURE
2256,0,33,15,CARGO,FAILURE
2257,1,64,18,CARGO,FAILURE
2258,1,43,35,CARGO,FAILURE
2259,0,35,87,CARGO,SUCCESS
2260,0,19,38,PASSENGER,SUCCESS
2261,1,57,7,CARGO,FAILURE
2262,0,62,18,CARGO,FAILURE
2263,1,42,85,PASSENGER,SUCCESS
2264,0,31,93,PASSENGER,SUCCESS
2265,1,42,46,CARGO,SUCCESS
2266,0,45,59,PASSENGER,SUCCESS
2267,0,30,59,PASSENGER,SUCCESS
2268,1,60,16,PASSENGER,FAILURE
2269,0,20,77,PASSENGER,SUCCESS
2270,0,52,36,PASSENGER,FAILURE
2271,1,28,56,PASSENGER,SUCCESS
2272,1,19,92,PASSENGER,SUCCESS
2273,1,24,33,PASSENGER,SUCCESS
2274,0,41,99,CARGO,SUCCESS
2275,0,69,26,PASSENGER,FAILURE
2276,0,42,95,PASSENGER,SUCCESS
2277,0,23,95,PASSENGER,SUCCESS
2278,0,38,24,PASSENGER,FAILURE
2279,1,42,50,PASSENGER,SUCCESS
2280,1,41,78,PASSENGER,SUCCESS
2281,0,69,18,PASSENGER,FAILURE
2282,0,35,32,PASSENGER,FAILURE
2283,0,23,32,CARGO,SUCCESS
2284,1,35,37,CARGO,FAILURE
2285,0,33,23,CARGO,FAILURE
2286,1,34,27,PASSENGER,FAILURE
2287,1,40,17,CARGO,FAILURE
2288,1,33,28,PASSENGER,FAILURE
2289,0,35,90,CARGO,SUCCESS
2290,1,53,34,CARGO,FAILURE
2291,0,36,95,PASSENGER,SUCCESS
2292,1,37,61,PASSENGER,SUCCESS
2293,1,21,59,PASSENGER,SUCCESS
2294,0,39,30,PASSENGER,FAILURE
2295,1,22,49,PASSENGER,SUCCESS
2296,1,34,29,CARGO,FAILURE
2297,0,18,71,CARGO,SUCCESS
2298,0,38,11,PASSENGER,FAILURE
2299,0,23,30,PASSENGER,SUCCESS
2300,0,20,30,CARGO,SUCCESS
2301,0,31,32,CARGO,FAILURE
2302,0,37,8,CARGO,FAILURE
2303,1,61,15,PASSENGER,FAILURE
2304,1,41,99,CARGO,SUCCESS
2305,1,39,75,PASSENGER,SUCCESS
2306,1,33,29,CARGO,FAILURE
2307,0,48,38,CARGO,FAILURE
2308,1,59,28,CARGO,FAILURE
2309,0,59,17,PASSENGER,FAILURE
2310,0,32,37,CARGO,FAILURE
2311,0,36,62,PASSENGER,SUCCESS
2312,0,40,37,PASSENGER,FAILURE
2313,1,40,89,CARGO,SUCCESS
2314,0,30,22,PASSENGER,FAILURE
2315,1,53,27,CARGO,FAILURE
2316,1,55,9,CARGO,FAILURE
2317,0,60,37,CARGO,FAILURE
2318,0,22,80,PASSENGER,SUCCESS
2319,1,38,18,PASSENGER,FAILURE
2320,0,26,89,PASSENGER,SUCCESS
2321,0,38,86,PASSENGER,SUCCESS
2322,1,39,74,PASSENGER,SUCCESS
2323,1,54,22,PASSENGER,FAILURE
2324,1,59,26,PASSENGER,FAILURE
2325,0,39,56,CARGO,SUCCESS
2326,0,22,72,PASSENGER,SUCCESS
2327,1,18,69,PASSENGER,SUCCESS
2328,1,31,41,PASSENGER,SUCCESS
2329,0,31,94,PASSENGER,SUCCESS
2330,1,41,58,PASSENGER,SUCCESS
2331,1,25,99,CARGO,SUCCESS
2332,0,31,11,CARGO,FAILURE
2333,1,44,15,PASSENGER,FAILURE
2334,0,43,37,CARGO,SUCCESS
2335,1,41,6,CARGO,FAILURE
2336,0,47,32,PASSENGER,FAILURE
2337,1,29,65,PASSENGER,SUCCESS
2338,1,24,76,PASSENGER,SUCCESS
2339,1,19,72,CARGO,SUCCESS
2340,0,21,74,PASSENGER,SUCCESS
2341,1,64,33,PASSENGER,FAILURE
2342,1,53,21,PASSENGER,FAILURE
2343,0,46,35,PASSENGER,FAILURE
2344,0,64,16,CARGO,FAILURE
2345,1,27,73,PASSENGER,SUCCESS
2346,1,61,34,CARGO,FAILURE
2347,1,44,41,PASSENGER,SUCCESS
2348,1,34,18,CARGO,FAILURE
2349,0,46,25,CARGO,FAILURE
2350,0,37,92,PASSENGER,SUCCESS
2351,1,22,84,PASSENGER,SUCCESS
2352,1,20,54,CARGO,SUCCESS
2353,1,31,82,PASSENGER,SUCCESS
2354,0,35,35,PASSENGER,FAILURE
2355,1,27,77,PASSENGER,SUCCESS
2356,1,67,29,CARGO,FAILURE
2357,1,53,17,PASSENGER,FAILURE
2358,1,33,76,PASSENGER,SUCCESS
2359,0,59,32,CARGO,FAILURE
2360,0,54,7,PASSENGER,FAILURE
2361,0,45,27,PASSENGER,FAILURE
2362,0,35,42,PASSENGER,SUCCESS
2363,0,21,84,PASSENGER,SUCCESS
2364,0,53,34,CARGO,FAILURE
2365,1,63,20,CARGO,FAILURE
2366,1,58,17,CARGO,FAILURE
2367,0,38,7,CARGO,FAILURE
2368,1,34,44,PASSENGER,SUCCESS
2369,0,40,62,PASSENGER,SUCCESS
2370,1,65,40,PASSENGER,FAILURE
2371,1,27,49,CARGO,SUCCESS
2372,1,43,38,CARGO,FAILURE
2373,0,20,42,PASSENGER,SUCCESS
2374,1,43,31,PASSENGER,FAILURE
2375,1,44,47,CARGO,SUCCESS
2376,0,50,6,CARGO,FAILURE
2377,0,44,41,PASSENGER,SUCCESS
2378,0,42,37,PASSENGER,FAILURE
2379,1,27,99,PASSENGER,SUCCESS
2380,1,21,99,CARGO,SUCCESS
2381,1,30,81,PASSENGER,SUCCESS
2382,0,23,88,PASSENGER,SUCCESS
2383,1,36,30,PASSENGER,SUCCESS
2384,1,39,12,PASSENGER,FAILURE
2385,0,70,28,CARGO,FAILURE
2386,1,62,36,CARGO,FAILURE
2387,0,33,29,PASSENGER,FAILURE
2388,1,41,83,PASSENGER,SUCCESS
2389,1,18,62,CARGO,SUCCESS
2390,1,38,47,PASSENGER,SUCCESS
2391,1,20,67,CARGO,SUCCESS
2392,0,55,32,CARGO,FAILURE
2393,0,46,28,CARGO,FAILURE
2394,1,38,95,PASSENGER,SUCCESS
2395,1,47,35,PASSENGER,FAILURE
2396,0,50,23,CARGO,FAILURE
2397,0,32,24,CARGO,FAILURE
2398,0,35,36,CARGO,FAILURE
2399,0,29,37,PASSENGER,SUCCESS
2400,1,37,53,PASSENGER,SUCCESS
2401,1,61,25,CARGO,FAILURE
2402,0,42,32,CARGO,FAILURE
2403,1,18,96,PASSENGER,SUCCESS
2404,1,64,5,CARGO,FAILURE
2405,0,21,45,PASSENGER,SUCCESS
2406,0,68,37,PASSENGER,FAILURE
2407,0,34,21,CARGO,FAILURE
2408,1,48,33,CARGO,FAILURE
2409,1,70,38,CARGO,FAILURE
2410,1,33,69,PASSENGER,SUCCESS
2411,1,22,93,PASSENGER,SUCCESS
2412,1,59,18,PASSENGER,FAILURE
2413,0,60,19,PASSENGER,FAILURE
2414,1,49,12,CARGO,FAILURE
2415,0,31,61,CARGO,SUCCESS
2416,0,50,37,CARGO,FAILURE
2417,1,45,81,PASSENGER,SUCCESS
2418,1,26,98,PASSENGER,SUCCESS
2419,0,45,60,CARGO,SUCCESS
2420,1,63,30,PASSENGER,FAILURE
2421,0,55,17,CARGO,FAILURE
2422,1,51,18,PASSENGER,FAILURE
2423,0,28,65,PASSENGER,SUCCESS
2424,0,33,92,PASSENGER,SUCCESS
2425,1,70,17,CARGO,FAILURE
2426,0,67,22,CARGO,FAILURE
2427,0,28,38,PASSENGER,SUCCESS
2428,0,25,99,PASSENGER,SUCCESS
2429,0,42,43,PASSENGER,SUCCESS
2430,1,34,25,CARGO,FAILURE
2431,0,21,83,PASSENGER,SUCCESS
2432,1,42,96,PASSENGER,SUCCESS
2433,1,46,14,PASSENGER,FAILURE
2434,0,34,64,CARGO,SUCCESS
2435,0,27,80,PASSENGER,SUCCESS
2436,1,45,47,PASSENGER,SUCCESS
2437,0,19,98,PASSENGER,SUCCESS
2438,1,54,36,CARGO,FAILURE
2439,1,43,70,PASSENGER,SUCCESS
2440,1,41,24,CARGO,FAILURE
2441,0,41,62,PASSENGER,SUCCESS
2442,1,35,55,PASSENGER,SUCCESS
2443,0,65,8,CARGO,FAILURE
2444,1,28,66,CARGO,SUCCESS
2445,1,22,41,PASSENGER,SUCCESS
2446,0,68,31,PASSENGER,FAILURE
2447,1,38,31,CARGO,FAILURE
2448,0,25,81,CARGO,SUCCESS
2449,0,31,32,PASSENGER,FAILURE
2450,0,22,36,PASSENGER,SUCCESS
2451,0,21,67,CARGO,SUCCESS
2452,0,47,17,CARGO,FAILURE
2453,0,24,70,PASSENGER,SUCCESS
2454,0,37,98,PASSENGER,SUCCESS
2455,0,24,75,PASSENGER,SUCCESS
2456,1,31,27,PASSENGER,FAILURE
2457,0,39,32,CARGO,FAILURE
2458,0,44,46,PASSENGER,SUCCESS
2459,0,57,5,PASSENGER,FAILURE
2460,0,43,7,CARGO,FAILURE
2461,1,53,7,PASSENGER,FAILURE
2462,0,43,89,PASSENGER,SUCCESS
2463,0,39,31,PASSENGER,FAILURE
2464,1,37,83,PASSENGER,SUCCESS
2465,0,18,76,PASSENGER,SUCCESS
2466,0,58,38,CARGO,FAILURE
2467,1,25,66,PASSENGER,SUCCESS
2468,0,19,89,CARGO,SUCCESS
2469,0,45,89,CARGO,SUCCESS
2470,0,29,72,CARGO,SUCCESS
2471,0,53,32,CARGO,FAILURE
2472,0,30,12,CARGO,FAILURE
2473,0,40,46,PASSENGER,SUCCESS
2474,0,49,34,CARGO,FAILURE
2475,1,32,31,PASSENGER,FAILURE
2476,1,28,45,PASSENGER,SUCCESS
2477,1,36,61,PASSENGER,SUCCESS
2478,1,62,20,PASSENGER,FAILURE
2479,1,44,38,PASSENGER,FAILURE
2480,0,41,13,PASSENGER,FAILURE
2481,1,64,22,CARGO,FAILURE
2482,0,28,87,PASSENGER,SUCCESS
2483,0,41,78,PASSENGER,SUCCESS
2484,0,18,75,CARGO,SUCCESS
2485,1,43,7,PASSENGER,FAILURE
2486,1,62,7,PASSENGER,FAILURE
2487,1,34,11,CARGO,FAILURE
2488,0,40,16,CARGO,FAILURE
2489,1,70,40,PASSENGER,FAILURE
2490,0,34,36,CARGO,FAILURE
2491,0,36,34,PASSENGER,SUCCESS
2492,0,34,38,PASSENGER,SUCCESS
2493,1,42,95,PASSENGER,SUCCESS
2494,1,60,31,CARGO,FAILURE
2495,0,36,45,PASSENGER,SUCCESS
2496,0,36,41,PASSENGER,SUCCESS
2497,1,45,67,PASSENGER,SUCCESS
2498,0,62,26,CARGO,FAILURE
2499,0,45,73,CARGO,SUCCESS
2500,1,60,10,CARGO,FAILURE
2501,1,38,52,CARGO,SUCCESS
2502,0,30,5,PASSENGER,FAILURE
2503,0,69,34,CARGO,FAILURE
2504,1,36,55,CARGO,SUCCESS
2505,1,42,98,PASSENGER,SUCCESS
2506,1,37,74,PASSENGER,SUCCESS
2507,0,32,37,PASSENGER,SUCCESS
2508,0,40,81,CARGO,SUCCESS
2509,0,41,28,CARGO,FAILURE
2510,0,54,28,PASSENGER,FAILURE
2511,1,54,26,PASSENGER,FAILURE
2512,1,45,30,PASSENGER,SUCCESS
2513,0,22,76,PASSENGER,SUCCESS
2514,1,30,70,PASSENGER,SUCCESS
2515,0,30,44,PASSENGER,SUCCESS
2516,1,48,35,CARGO,FAILURE
2517,1,34,55,PASSENGER,SUCCESS
2518,0,66,25,CARGO,FAILURE
2519,1,31,93,PASSENGER,SUCCESS
2520,0,59,36,PASSENGER,FAILURE
2521,1,45,31,CARGO,FAILURE
2522,0,69,35,PASSENGER,FAILURE
2523,1,45,8,PASSENGER,FAILURE
2524,0,67,32,PASSENGER,FAILURE
2525,0,61,38,CARGO,FAILURE
2526,0,37,31,PASSENGER,FAILURE
2527,0,70,35,PASSENGER,FAILURE
2528,1,69,25,CARGO,FAILURE
2529,0,64,36,CARGO,FAILURE
2530,1,61,21,CARGO,FAILURE
2531,1,56,23,CARGO,FAILURE
2532,1,36,6,CARGO,FAILURE
2533,1,65,5,CARGO,FAILURE
2534,0,35,66,PASSENGER,SUCCESS
2535,1,54,10,PASSENGER,FAILURE
2536,0,37,26,PASSENGER,FAILURE
2537,0,41,63,PASSENGER,SUCCESS
2538,0,39,46,PASSENGER,SUCCESS
2539,1,62,30,CARGO,FAILURE
2540,1,38,59,PASSENGER,SUCCESS
2541,0,39,81,PASSENGER,SUCCESS
2542,1,34,77,PASSENGER,SUCCESS
2543,0,52,19,PASSENGER,FAILURE
2544,0,35,30,PASSENGER,FAILURE
2545,1,55,14,CARGO,FAILURE
2546,1,41,55,PASSENGER,SUCCESS
2547,0,19,42,PASSENGER,SUCCESS
2548,1,43,40,PASSENGER,FAILURE
2549,1,27,79,CARGO,SUCCESS
2550,0,65,12,CARGO,FAILURE
2551,1,60,18,CARGO,FAILURE
2552,0,42,100,PASSENGER,SUCCESS
2553,0,62,28,CARGO,FAILURE
2554,1,30,57,CARGO,SUCCESS
2555,0,34,67,CARGO,SUCCESS
2556,0,56,26,CARGO,FAILURE
2557,1,40,26,CARGO,FAILURE
2558,1,23,93,PASSENGER,SUCCESS
2559,0,26,79,PASSENGER,SUCCESS
2560,1,55,26,CARGO,FAILURE
2561,1,49,5,CARGO,FAILURE
2562,0,35,21,CARGO,FAILURE
2563,1,60,17,CARGO,FAILURE
2564,1,41,8,PASSENGER,FAILURE
2565,0,63,7,PASSENGER,FAILURE
2566,0,42,48,PASSENGER,SUCCESS
2567,1,50,37,PASSENGER,FAILURE
2568,0,62,13,CARGO,FAILURE
2569,1,43,7,CARGO,FAILURE
2570,0,35,31,CARGO,FAILURE
2571,1,22,41,CARGO,SUCCESS
2572,0,36,35,PASSENGER,SUCCESS
2573,0,27,67,CARGO,SUCCESS
2574,0,36,52,CARGO,SUCCESS
2575,1,27,79,PASSENGER,SUCCESS
2576,0,35,33,PASSENGER,FAILURE
2577,0,40,91,CARGO,SUCCESS
2578,1,40,19,CARGO,FAILURE
2579,1,63,23,PASSENGER,FAILURE
2580,1,28,45,PASSENGER,SUCCESS
2581,1,66,12,PASSENGER,FAILURE
2582,1,41,11,CARGO,FAILURE
2583,0,41,73,PASSENGER,SUCCESS
2584,1,52,25,CARGO,FAILURE
2585,0,70,22,CARGO,FAILURE
2586,0,63,24,CARGO,FAILURE
2587,0,69,28,PASSENGER,FAILURE
2588,1,43,34,PASSENGER,SUCCESS
2589,1,32,37,CARGO,FAILURE
2590,0,65,6,CARGO,FAILURE
2591,0,39,38,PASSENGER,FAILURE
2592,0,51,15,CARGO,FAILURE
2593,0,47,34,CARGO,FAILURE
2594,0,28,30,PASSENGER,SUCCESS
2595,0,35,32,CARGO,FAILURE
2596,0,20,49,CARGO,SUCCESS
2597,1,38,41,PASSENGER,FAILURE
2598,1,33,63,CARGO,FAILURE
2599,1,38,39,PASSENGER,SUCCESS
2600,0,43,100,PASSENGER,FAILURE
2601,0,40,34,CARGO,SUCCESS
2602,1,42,64,PASSENGER,FAILURE
2603,0,37,35,PASSENGER,FAILURE
2604,0,24,58,PASSENGER,SUCCESS
2605,1,36,77,PASSENGER,SUCCESS
2606,1,24,98,PASSENGER,SUCCESS
2607,1,54,25,CARGO,FAILURE
2608,0,67,10,PASSENGER,FAILURE
2609,0,39,31,PASSENGER,FAILURE
2610,0,46,14,CARGO,SUCCESS
2611,0,24,85,PASSENGER,SUCCESS
2612,1,36,54,PASSENGER,SUCCESS
2613,0,43,19,PASSENGER,FAILURE
2614,0,24,99,CARGO,SUCCESS
2615,0,40,12,PASSENGER,FAILURE
2616,1,29,97,PASSENGER,SUCCESS
2617,1,48,27,PASSENGER,FAILURE
2618,0,36,38,PASSENGER,SUCCESS
2619,1,40,51,PASSENGER,SUCCESS
2620,0,40,45,PASSENGER,SUCCESS
2621,0,60,27,CARGO,FAILURE
2622,0,40,71,PASSENGER,SUCCESS
2623,1,64,19,PASSENGER,FAILURE
2624,1,30,33,CARGO,FAILURE
2625,1,33,56,PASSENGER,SUCCESS
2626,1,18,59,PASSENGER,SUCCESS
2627,1,53,34,CARGO,FAILURE
2628,0,25,34,PASSENGER,SUCCESS
2629,1,58,22,CARGO,FAILURE
2630,1,20,57,PASSENGER,SUCCESS
2631,0,24,90,PASSENGER,SUCCESS
2632,1,22,54,PASSENGER,SUCCESS
2633,1,38,34,CARGO,FAILURE
2634,1,31,16,CARGO,FAILURE
2635,0,35,16,CARGO,FAILURE
2636,0,31,77,PASSENGER,SUCCESS
2637,0,31,40,PASSENGER,FAILURE
2638,1,29,90,PASSENGER,SUCCESS
2639,0,52,24,CARGO,FAILURE
2640,1,45,31,CARGO,FAILURE
2641,0,51,8,CARGO,FAILURE
2642,0,40,12,CARGO,FAILURE
2643,0,25,59,CARGO,SUCCESS
2644,1,39,24,PASSENGER,FAILURE
2645,1,62,20,PASSENGER,FAILURE
2646,0,44,20,PASSENGER,FAILURE
2647,0,29,59,PASSENGER,SUCCESS
2648,1,24,66,PASSENGER,SUCCESS
2649,0,35,35,PASSENGER,SUCCESS
2650,1,67,7,PASSENGER,FAILURE
2651,0,69,24,PASSENGER,FAILURE
2652,0,31,66,CARGO,SUCCESS
2653,1,39,33,PASSENGER,SUCCESS
2654,1,31,53,PASSENGER,SUCCESS
2655,1,38,26,PASSENGER,FAILURE
2656,1,57,36,CARGO,FAILURE
2657,1,58,19,PASSENGER,FAILURE
2658,1,53,23,CARGO,FAILURE
2659,0,39,28,CARGO,FAILURE
2660,1,35,10,PASSENGER,FAILURE
2661,1,33,29,CARGO,FAILURE
2662,0,28,88,PASSENGER,SUCCESS
2663,0,41,36,PASSENGER,FAILURE
2664,0,36,72,PASSENGER,SUCCESS
2665,1,66,31,CARGO,FAILURE
2666,0,60,6,PASSENGER,FAILURE
2667,0,43,19,CARGO,FAILURE
2668,1,43,35,CARGO,FAILURE
2669,1,58,27,CARGO,FAILURE
2670,0,33,66,PASSENGER,SUCCESS
2671,0,62,25,CARGO,FAILURE
2672,0,37,94,PASSENGER,SUCCESS
2673,1,58,10,CARGO,FAILURE
2674,0,39,22,PASSENGER,FAILURE
2675,0,58,5,PASSENGER,FAILURE
2676,0,70,14,PASSENGER,FAILURE
2677,0,48,12,CARGO,FAILURE
2678,1,64,37,CARGO,FAILURE
2679,1,38,13,CARGO,FAILURE
2680,0,33,14,PASSENGER,FAILURE
2681,1,33,20,PASSENGER,FAILURE
2682,1,28,34,PASSENGER,SUCCESS
2683,1,33,92,PASSENGER,SUCCESS
2684,0,41,96,CARGO,SUCCESS
2685,0,50,28,CARGO,FAILURE
2686,0,61,17,CARGO,FAILURE
2687,1,31,29,PASSENGER,FAILURE
2688,0,24,30,PASSENGER,SUCCESS
2689,1,55,31,PASSENGER,FAILURE
2690,0,33,80,PASSENGER,SUCCESS
2691,1,19,47,CARGO,SUCCESS
2692,1,39,61,PASSENGER,SUCCESS
2693,0,32,55,PASSENGER,SUCCESS
2694,0,69,24,PASSENGER,FAILURE
2695,0,69,6,CARGO,FAILURE
2696,0,61,14,CARGO,FAILURE
2697,1,35,23,CARGO,FAILURE
2698,0,37,45,CARGO,SUCCESS
2699,0,52,36,PASSENGER,FAILURE
2700,0,35,59,PASSENGER,SUCCESS
2701,0,43,68,PASSENGER,SUCCESS
2702,1,41,23,PASSENGER,FAILURE
2703,0,69,21,CARGO,FAILURE
2704,1,68,24,CARGO,FAILURE
2705,0,25,35,CARGO,SUCCESS
2706,1,58,15,CARGO,FAILURE
2707,0,31,48,CARGO,SUCCESS
2708,1,65,23,CARGO,FAILURE
2709,1,54,15,CARGO,FAILURE
2710,1,31,51,PASSENGER,SUCCESS
2711,0,33,85,PASSENGER,SUCCESS
2712,1,44,71,PASSENGER,SUCCESS
2713,1,59,9,PASSENGER,FAILURE
2714,0,52,21,PASSENGER,FAILURE
2715,1,31,33,PASSENGER,FAILURE
2716,1,38,41,PASSENGER,SUCCESS
2717,0,65,6,PASSENGER,FAILURE
2718,0,47,26,CARGO,FAILURE
2719,0,55,18,PASSENGER,FAILURE
2720,0,49,21,CARGO,FAILURE
2721,1,34,90,PASSENGER,SUCCESS
2722,1,34,68,PASSENGER,SUCCESS
2723,0,60,22,CARGO,FAILURE
2724,1,20,92,CARGO,SUCCESS
2725,1,69,21,CARGO,FAILURE
2726,1,50,13,CARGO,FAILURE
2727,1,54,29,CARGO,FAILURE
2728,0,25,57,PASSENGER,SUCCESS
2729,0,49,31,CARGO,FAILURE
2730,0,38,5,PASSENGER,FAILURE
2731,1,30,20,PASSENGER,FAILURE
2732,1,32,72,CARGO,SUCCESS
2733,1,19,62,PASSENGER,SUCCESS
2734,1,58,22,PASSENGER,FAILURE
2735,1,41,29,PASSENGER,FAILURE
2736,0,66,29,PASSENGER,FAILURE
2737,0,60,38,PASSENGER,FAILURE
2738,1,43,57,PASSENGER,SUCCESS
2739,0,19,37,PASSENGER,SUCCESS
2740,1,68,39,CARGO,FAILURE
2741,1,34,15,CARGO,FAILURE
2742,0,41,10,CARGO,FAILURE
2743,0,22,99,CARGO,SUCCESS
2744,1,31,48,PASSENGER,SUCCESS
2745,1,31,11,PASSENGER,FAILURE
2746,1,43,84,PASSENGER,SUCCESS
2747,1,42,96,PASSENGER,SUCCESS
2748,0,60,35,CARGO,FAILURE
2749,0,41,21,CARGO,FAILURE
2750,0,33,35,CARGO,FAILURE
2751,1,39,37,PASSENGER,SUCCESS
2752,0,34,11,CARGO,FAILURE
2753,0,40,53,PASSENGER,SUCCESS
2754,0,30,37,CARGO,FAILURE
2755,1,60,27,CARGO,FAILURE
2756,0,48,32,CARGO,FAILURE
2757,1,54,35,PASSENGER,FAILURE
2758,1,39,10,CARGO,FAILURE
2759,1,47,22,CARGO,FAILURE
2760,0,70,20,CARGO,FAILURE
2761,0,70,35,CARGO,FAILURE
2762,1,33,83,PASSENGER,SUCCESS
2763,1,63,23,CARGO,FAILURE
2764,1,21,42,PASSENGER,SUCCESS
2765,1,30,76,PASSENGER,SUCCESS
2766,0,29,95,PASSENGER,SUCCESS
2767,1,33,29,CARGO,FAILURE
2768,1,37,32,PASSENGER,SUCCESS
2769,1,31,69,PASSENGER,SUCCESS
2770,1,54,37,CARGO,FAILURE
2771,0,39,5,CARGO,FAILURE
2772,0,52,10,CARGO,FAILURE
2773,1,19,63,CARGO,SUCCESS
2774,1,32,9,CARGO,FAILURE
2775,0,59,24,PASSENGER,FAILURE
2776,1,49,7,CARGO,FAILURE
2777,0,60,30,CARGO,FAILURE
2778,0,20,98,PASSENGER,SUCCESS
2779,0,66,27,PASSENGER,FAILURE
2780,1,44,97,PASSENGER,SUCCESS
2781,1,29,65,PASSENGER,SUCCESS
2782,1,54,22,CARGO,FAILURE
2783,0,31,68,PASSENGER,SUCCESS
2784,1,34,23,PASSENGER,FAILURE
2785,0,68,32,CARGO,FAILURE
2786,0,56,22,PASSENGER,FAILURE
2787,0,68,12,CARGO,FAILURE
2788,1,64,37,CARGO,FAILURE
2789,1,57,27,PASSENGER,FAILURE
2790,0,37,9,CARGO,FAILURE
2791,1,43,38,CARGO,SUCCESS
2792,1,51,17,PASSENGER,FAILURE
2793,1,57,21,CARGO,FAILURE
2794,1,68,37,CARGO,FAILURE
2795,1,18,33,PASSENGER,SUCCESS
2796,1,23,78,CARGO,SUCCESS
2797,0,41,37,CARGO,FAILURE
2798,1,18,89,PASSENGER,SUCCESS
2799,0,44,34,CARGO,FAILURE
2800,0,53,5,PASSENGER,FAILURE
2801,0,43,43,PASSENGER,SUCCESS
2802,1,33,33,CARGO,FAILURE
2803,0,59,6,CARGO,FAILURE
2804,0,39,16,CARGO,FAILURE
2805,0,33,93,PASSENGER,SUCCESS
2806,0,68,29,PASSENGER,FAILURE
2807,1,27,80,PASSENGER,SUCCESS
2808,1,62,20,CARGO,FAILURE
2809,1,39,76,PASSENGER,SUCCESS
2810,0,34,6,PASSENGER,FAILURE
2811,1,50,33,CARGO,FAILURE
2812,0,32,72,PASSENGER,SUCCESS
2813,0,47,21,CARGO,FAILURE
2814,1,58,26,CARGO,FAILURE
2815,1,45,45,PASSENGER,SUCCESS
2816,1,30,13,CARGO,FAILURE
2817,1,38,94,PASSENGER,SUCCESS
2818,1,47,18,CARGO,FAILURE
2819,0,61,14,CARGO,FAILURE
2820,1,44,33,CARGO,FAILURE
2821,0,45,6,CARGO,FAILURE
2822,1,26,45,PASSENGER,SUCCESS
2823,0,27,44,PASSENGER,SUCCESS
2824,1,70,5,CARGO,FAILURE
2825,0,19,74,CARGO,SUCCESS
2826,1,46,6,PASSENGER,FAILURE
2827,0,53,7,PASSENGER,FAILURE
2828,1,31,52,CARGO,SUCCESS
2829,1,39,92,PASSENGER,SUCCESS
2830,0,22,32,PASSENGER,SUCCESS
2831,0,50,38,PASSENGER,FAILURE
2832,1,35,76,PASSENGER,SUCCESS
2833,0,23,62,PASSENGER,SUCCESS
2834,1,47,26,CARGO,FAILURE
2835,0,57,15,PASSENGER,FAILURE
2836,1,26,83,CARGO,SUCCESS
2837,0,34,76,PASSENGER,SUCCESS
2838,1,25,86,PASSENGER,SUCCESS
2839,1,22,77,PASSENGER,SUCCESS
2840,1,44,15,CARGO,FAILURE
2841,1,68,38,CARGO,FAILURE
2842,1,60,27,PASSENGER,FAILURE
2843,1,45,32,PASSENGER,FAILURE
2844,0,35,96,PASSENGER,SUCCESS
2845,0,34,37,CARGO,FAILURE
2846,0,33,82,PASSENGER,SUCCESS
2847,1,54,19,CARGO,FAILURE
2848,0,19,100,CARGO,SUCCESS
2849,0,24,35,PASSENGER,SUCCESS
2850,0,43,100,PASSENGER,SUCCESS
2851,1,41,41,PASSENGER,SUCCESS
2852,1,26,93,PASSENGER,SUCCESS
2853,0,29,56,PASSENGER,SUCCESS
2854,1,27,35,PASSENGER,SUCCESS
2855,0,45,33,CARGO,FAILURE
2856,0,47,38,CARGO,FAILURE
2857,0,39,48,CARGO,SUCCESS
2858,1,57,19,CARGO,FAILURE
2859,1,65,10,PASSENGER,FAILURE
2860,1,30,75,PASSENGER,SUCCESS
2861,1,44,62,PASSENGER,SUCCESS
2862,1,31,53,PASSENGER,SUCCESS
2863,1,45,45,PASSENGER,SUCCESS
2864,0,61,24,CARGO,FAILURE
2865,1,43,96,PASSENGER,SUCCESS
2866,0,40,65,PASSENGER,SUCCESS
2867,1,68,30,CARGO,FAILURE
2868,1,51,11,PASSENGER,FAILURE
2869,1,60,10,CARGO,FAILURE
2870,1,22,34,PASSENGER,SUCCESS
2871,1,26,65,PASSENGER,SUCCESS
2872,1,58,10,PASSENGER,FAILURE
2873,0,48,32,PASSENGER,FAILURE
2874,0,33,33,PASSENGER,SUCCESS
2875,0,29,53,PASSENGER,SUCCESS
2876,1,36,44,PASSENGER,SUCCESS
2877,0,33,42,PASSENGER,SUCCESS
2878,1,55,35,PASSENGER,FAILURE
2879,1,34,31,PASSENGER,SUCCESS
2880,1,35,62,PASSENGER,SUCCESS
2881,0,24,99,PASSENGER,SUCCESS
2882,0,50,24,CARGO,FAILURE
2883,0,58,36,CARGO,FAILURE
2884,0,61,18,CARGO,FAILURE
2885,0,37,72,PASSENGER,SUCCESS
2886,0,29,87,PASSENGER,SUCCESS
2887,1,37,28,CARGO,FAILURE
2888,1,68,38,PASSENGER,FAILURE
2889,1,30,9,PASSENGER,FAILURE
2890,1,51,40,PASSENGER,FAILURE
2891,0,56,18,CARGO,FAILURE
2892,0,44,92,PASSENGER,SUCCESS
2893,1,46,26,CARGO,FAILURE
2894,1,39,57,PASSENGER,SUCCESS
2895,0,34,35,PASSENGER,SUCCESS
2896,0,26,78,PASSENGER,SUCCESS
2897,1,68,24,PASSENGER,FAILURE
2898,1,18,76,PASSENGER,SUCCESS
2899,1,27,58,PASSENGER,SUCCESS
2900,0,32,64,PASSENGER,SUCCESS
2901,1,37,63,PASSENGER,SUCCESS
2902,1,63,32,CARGO,FAILURE
2903,0,47,33,PASSENGER,FAILURE
2904,0,61,14,CARGO,FAILURE
2905,1,37,27,PASSENGER,FAILURE
2906,1,22,45,PASSENGER,SUCCESS
2907,0,31,40,PASSENGER,FAILURE
2908,1,34,76,PASSENGER,SUCCESS
2909,1,67,20,PASSENGER,FAILURE
2910,0,27,75,PASSENGER,SUCCESS
2911,0,19,34,PASSENGER,SUCCESS
2912,0,36,21,CARGO,FAILURE
2913,0,23,51,CARGO,SUCCESS
2914,1,27,74,PASSENGER,SUCCESS
2915,0,62,20,PASSENGER,FAILURE
2916,1,40,19,PASSENGER,FAILURE
2917,0,67,19,CARGO,FAILURE
2918,0,45,6,PASSENGER,FAILURE
2919,0,70,15,CARGO,FAILURE
2920,1,32,38,CARGO,FAILURE
2921,0,32,6,CARGO,FAILURE
2922,1,19,93,CARGO,SUCCESS
2923,1,64,38,CARGO,FAILURE
2924,1,42,20,CARGO,FAILURE
2925,1,37,25,CARGO,FAILURE
2926,1,34,38,PASSENGER,FAILURE
2927,0,40,36,CARGO,FAILURE
2928,0,48,39,CARGO,FAILURE
2929,1,51,38,CARGO,FAILURE
2930,0,52,19,CARGO,FAILURE
2931,0,36,32,PASSENGER,SUCCESS
2932,1,43,35,PASSENGER,FAILURE
2933,1,26,60,PASSENGER,SUCCESS
2934,1,39,30,CARGO,SUCCESS
2935,1,38,94,PASSENGER,SUCCESS
2936,0,52,22,CARGO,FAILURE
2937,0,70,39,CARGO,FAILURE
2938,0,40,20,CARGO,FAILURE
2939,0,53,29,CARGO,FAILURE
2940,0,62,30,PASSENGER,FAILURE
2941,0,60,34,CARGO,FAILURE
2942,0,65,21,CARGO,FAILURE
2943,1,27,41,PASSENGER,SUCCESS
2944,1,33,83,PASSENGER,SUCCESS
2945,0,47,6,CARGO,FAILURE
2946,0,36,11,CARGO,FAILURE
2947,1,31,100,PASSENGER,SUCCESS
2948,0,31,30,PASSENGER,SUCCESS
2949,1,44,30,PASSENGER,FAILURE
2950,0,69,31,CARGO,FAILURE
2951,0,30,54,PASSENGER,SUCCESS
2952,1,20,43,PASSENGER,SUCCESS
2953,0,43,50,PASSENGER,SUCCESS
2954,0,39,18,CARGO,FAILURE
2955,0,69,28,PASSENGER,FAILURE
2956,0,51,33,PASSENGER,FAILURE
2957,0,25,92,PASSENGER,SUCCESS
2958,0,34,95,CARGO,SUCCESS
2959,0,46,36,PASSENGER,FAILURE
2960,0,35,39,PASSENGER,SUCCESS
2961,1,23,61,PASSENGER,SUCCESS
2962,0,58,22,PASSENGER,FAILURE
2963,1,39,29,CARGO,FAILURE
2964,1,40,28,PASSENGER,FAILURE
2965,0,39,66,CARGO,SUCCESS
2966,1,40,80,PASSENGER,SUCCESS
2967,1,44,20,PASSENGER,FAILURE
2968,1,51,34,CARGO,FAILURE
2969,0,37,37,PASSENGER,FAILURE
2970,1,63,37,CARGO,FAILURE
2971,0,35,36,CARGO,FAILURE
2972,1,49,6,PASSENGER,FAILURE
2973,1,24,64,PASSENGER,SUCCESS
2974,0,43,88,CARGO,SUCCESS
2975,1,46,5,PASSENGER,FAILURE
2976,0,69,6,PASSENGER,FAILURE
2977,0,41,24,CARGO,FAILURE
2978,1,36,42,PASSENGER,SUCCESS
2979,0,48,34,CARGO,FAILURE
2980,1,55,8,PASSENGER,FAILURE
2981,1,34,87,PASSENGER,SUCCESS
2982,1,22,46,PASSENGER,SUCCESS
2983,0,36,31,PASSENGER,SUCCESS
2984,0,29,33,CARGO,SUCCESS
2985,1,18,100,PASSENGER,SUCCESS
2986,1,35,64,PASSENGER,SUCCESS
2987,0,32,90,CARGO,SUCCESS
2988,0,57,39,CARGO,FAILURE
2989,0,45,24,PASSENGER,FAILURE
2990,1,35,86,PASSENGER,SUCCESS
2991,1,43,31,PASSENGER,SUCCESS
2992,1,33,18,CARGO,FAILURE
2993,0,70,18,CARGO,FAILURE
2994,0,20,42,PASSENGER,SUCCESS
2995,1,19,87,CARGO,SUCCESS
2996,1,21,78,PASSENGER,SUCCESS
2997,1,35,63,PASSENGER,SUCCESS
2998,1,40,97,PASSENGER,SUCCESS
2999,0,34,7,CARGO,FAILURE
3000,0,41,45,PASSENGER,SUCCESS
3001,0,42,28,CARGO,FAILURE
3002,0,42,35,CARGO,FAILURE
3003,0,41,31,PASSENGER,FAILURE
3004,1,50,21,PASSENGER,FAILURE
3005,0,22,91,CARGO,SUCCESS
3006,0,40,17,CARGO,FAILURE
3007,0,67,35,CARGO,FAILURE
3008,1,58,37,PASSENGER,FAILURE
3009,1,26,37,PASSENGER,SUCCESS
3010,1,43,18,CARGO,FAILURE
3011,1,44,19,CARGO,FAILURE
3012,1,57,20,CARGO,FAILURE
3013,0,36,36,CARGO,SUCCESS
3014,0,34,68,CARGO,SUCCESS
3015,0,39,96,PASSENGER,SUCCESS
3016,0,53,22,PASSENGER,FAILURE
3017,0,32,18,CARGO,FAILURE
3018,0,25,88,PASSENGER,SUCCESS
3019,0,58,27,PASSENGER,FAILURE
3020,0,42,19,PASSENGER,FAILURE
3021,1,41,10,PASSENGER,FAILURE
3022,1,64,18,PASSENGER,FAILURE
3023,0,67,12,PASSENGER,FAILURE
3024,1,34,50,PASSENGER,SUCCESS
3025,0,32,99,CARGO,SUCCESS
3026,1,58,8,CARGO,FAILURE
3027,0,34,26,CARGO,FAILURE
3028,0,65,25,CARGO,FAILURE
3029,1,59,18,PASSENGER,FAILURE
3030,1,59,35,CARGO,FAILURE
3031,1,35,50,PASSENGER,SUCCESS
3032,0,32,31,CARGO,FAILURE
3033,0,20,32,PASSENGER,SUCCESS
3034,0,59,13,CARGO,FAILURE
3035,0,40,37,CARGO,FAILURE
3036,0,40,30,CARGO,FAILURE
3037,1,31,17,PASSENGER,FAILURE
3038,0,56,15,PASSENGER,FAILURE
3039,0,51,19,PASSENGER,FAILURE
3040,1,65,11,PASSENGER,FAILURE
3041,0,18,50,PASSENGER,SUCCESS
3042,1,30,69,PASSENGER,SUCCESS
3043,0,30,9,CARGO,FAILURE
3044,0,67,15,CARGO,FAILURE
3045,0,55,18,PASSENGER,FAILURE
3046,0,41,24,CARGO,FAILURE
3047,1,20,83,CARGO,SUCCESS
3048,1,45,46,PASSENGER,SUCCESS
3049,0,30,84,PASSENGER,SUCCESS
3050,1,18,87,PASSENGER,SUCCESS
3051,0,35,17,CARGO,FAILURE
3052,0,43,45,PASSENGER,SUCCESS
3053,1,38,98,PASSENGER,SUCCESS
3054,1,33,78,PASSENGER,SUCCESS
3055,1,49,12,CARGO,FAILURE
3056,0,70,28,PASSENGER,FAILURE
3057,0,56,25,CARGO,FAILURE
3058,0,40,15,PASSENGER,FAILURE
3059,0,43,5,PASSENGER,FAILURE
3060,0,43,39,CARGO,FAILURE
3061,1,44,17,PASSENGER,FAILURE
3062,1,18,32,CARGO,SUCCESS
3063,0,52,7,CARGO,FAILURE
3064,0,38,5,CARGO,FAILURE
3065,0,30,51,PASSENGER,SUCCESS
3066,1,27,97,PASSENGER,SUCCESS
3067,1,21,50,PASSENGER,SUCCESS
3068,0,33,39,CARGO,SUCCESS
3069,1,37,15,PASSENGER,FAILURE
3070,0,60,31,CARGO,FAILURE
3071,0,29,56,PASSENGER,SUCCESS
3072,0,65,27,CARGO,FAILURE
3073,1,56,7,CARGO,FAILURE
3074,0,69,25,CARGO,FAILURE
3075,0,44,96,PASSENGER,SUCCESS
3076,0,32,37,CARGO,FAILURE
3077,1,43,35,CARGO,FAILURE
3078,1,59,23,PASSENGER,FAILURE
3079,1,62,16,PASSENGER,FAILURE
3080,1,26,35,PASSENGER,SUCCESS
3081,1,27,54,PASSENGER,SUCCESS
3082,0,40,72,PASSENGER,SUCCESS
3083,0,51,28,PASSENGER,FAILURE
3084,0,37,13,CARGO,FAILURE
3085,1,36,60,PASSENGER,SUCCESS
3086,0,48,40,PASSENGER,FAILURE
3087,0,63,39,CARGO,FAILURE
3088,0,45,71,PASSENGER,SUCCESS
3089,0,54,10,PASSENGER,FAILURE
3090,0,24,97,PASSENGER,SUCCESS
3091,0,64,19,CARGO,FAILURE
3092,0,34,21,CARGO,FAILURE
3093,0,38,17,CARGO,FAILURE
3094,1,54,9,CARGO,FAILURE
3095,0,24,30,PASSENGER,SUCCESS
3096,1,61,6,PASSENGER,FAILURE
3097,1,35,26,PASSENGER,FAILURE
3098,1,30,15,CARGO,FAILURE
3099,1,21,65,PASSENGER,SUCCESS
3100,1,42,14,PASSENGER,FAILURE
3101,0,40,14,PASSENGER,FAILURE
3102,0,33,64,PASSENGER,SUCCESS
3103,1,46,31,CARGO,FAILURE
3104,1,45,21,PASSENGER,FAILURE
3105,0,35,86,PASSENGER,SUCCESS
3106,0,22,62,PASSENGER,SUCCESS
3107,0,40,58,PASSENGER,SUCCESS
3108,0,41,34,PASSENGER,SUCCESS
3109,0,34,30,PASSENGER,FAILURE
3110,0,42,53,CARGO,SUCCESS
3111,1,68,21,CARGO,FAILURE
3112,1,45,39,PASSENGER,FAILURE
3113,1,31,35,PASSENGER,FAILURE
3114,0,63,35,CARGO,FAILURE
3115,0,25,72,PASSENGER,SUCCESS
3116,0,24,50,PASSENGER,SUCCESS
3117,1,33,43,PASSENGER,SUCCESS
3118,1,65,12,PASSENGER,FAILURE
3119,0,45,85,PASSENGER,SUCCESS
3120,1,30,69,PASSENGER,SUCCESS
3121,1,70,17,CARGO,FAILURE
3122,1,33,53,PASSENGER,SUCCESS
3123,0,68,34,PASSENGER,FAILURE
3124,1,44,48,PASSENGER,SUCCESS
3125,0,31,61,PASSENGER,SUCCESS
3126,1,28,73,CARGO,SUCCESS
3127,1,59,10,CARGO,FAILURE
3128,1,58,8,CARGO,FAILURE
3129,0,53,29,PASSENGER,FAILURE
3130,1,62,14,PASSENGER,FAILURE
3131,1,27,82,CARGO,SUCCESS
3132,0,48,9,CARGO,FAILURE
3133,0,40,34,PASSENGER,FAILURE
3134,1,50,15,PASSENGER,FAILURE
3135,1,39,80,PASSENGER,SUCCESS
3136,1,34,40,PASSENGER,SUCCESS
3137,1,53,40,PASSENGER,FAILURE
3138,0,63,22,CARGO,FAILURE
3139,1,34,26,PASSENGER,FAILURE
3140,0,32,13,CARGO,FAILURE
3141,1,41,49,PASSENGER,SUCCESS
3142,0,34,32,PASSENGER,FAILURE
3143,1,34,39,CARGO,FAILURE
3144,1,46,37,CARGO,FAILURE
3145,1,44,15,PASSENGER,FAILURE
3146,1,51,16,CARGO,FAILURE
3147,0,61,38,PASSENGER,FAILURE
3148,1,38,16,CARGO,FAILURE
3149,0,60,12,PASSENGER,FAILURE
3150,1,57,25,CARGO,FAILURE
3151,0,36,36,CARGO,SUCCESS
3152,1,39,17,PASSENGER,FAILURE
3153,0,39,81,PASSENGER,SUCCESS
3154,1,22,45,PASSENGER,SUCCESS
3155,0,22,67,PASSENGER,SUCCESS
3156,0,24,82,PASSENGER,SUCCESS
3157,1,49,36,CARGO,FAILURE
3158,1,36,76,PASSENGER,SUCCESS
3159,0,25,79,PASSENGER,SUCCESS
3160,0,37,16,CARGO,FAILURE
3161,1,56,5,PASSENGER,FAILURE
3162,0,59,10,PASSENGER,FAILURE
3163,0,18,33,PASSENGER,SUCCESS
3164,1,34,61,PASSENGER,SUCCESS
3165,0,37,26,PASSENGER,FAILURE
3166,1,60,7,PASSENGER,FAILURE
3167,1,34,85,PASSENGER,SUCCESS
3168,0,21,31,PASSENGER,SUCCESS
3169,1,25,64,PASSENGER,SUCCESS
3170,0,47,40,CARGO,FAILURE
3171,0,51,11,CARGO,FAILURE
3172,0,65,7,PASSENGER,FAILURE
3173,1,33,16,PASSENGER,FAILURE
3174,1,28,63,PASSENGER,SUCCESS
3175,1,51,32,CARGO,FAILURE
3176,0,42,19,CARGO,FAILURE
3177,1,44,12,PASSENGER,FAILURE
3178,1,37,37,PASSENGER,FAILURE
3179,1,49,6,CARGO,FAILURE
3180,1,24,87,PASSENGER,SUCCESS
3181,0,42,40,PASSENGER,FAILURE
3182,1,18,82,PASSENGER,SUCCESS
3183,0,22,58,PASSENGER,SUCCESS
3184,0,46,32,PASSENGER,FAILURE
3185,0,52,10,CARGO,FAILURE
3186,1,20,70,PASSENGER,SUCCESS
3187,0,38,5,CARGO,FAILURE
3188,1,59,23,CARGO,FAILURE
3189,0,48,30,CARGO,FAILURE
3190,1,33,39,CARGO,FAILURE
3191,0,53,6,CARGO,FAILURE
3192,1,49,33,PASSENGER,FAILURE
3193,1,35,39,CARGO,SUCCESS
3194,1,39,97,PASSENGER,SUCCESS
3195,0,45,73,PASSENGER,SUCCESS
3196,1,37,10,CARGO,FAILURE
3197,0,56,20,CARGO,FAILURE
3198,0,61,34,CARGO,FAILURE
3199,1,26,76,PASSENGER,SUCCESS
3200,0,38,38,PASSENGER,FAILURE
3201,1,22,79,PASSENGER,SUCCESS
3202,1,39,15,PASSENGER,FAILURE
3203,0,51,12,CARGO,FAILURE
3204,0,55,16,CARGO,FAILURE
3205,1,53,33,PASSENGER,FAILURE
3206,1,32,13,PASSENGER,FAILURE
3207,1,34,65,PASSENGER,SUCCESS
3208,1,24,95,CARGO,SUCCESS
3209,1,34,13,CARGO,FAILURE
3210,1,69,13,PASSENGER,FAILURE
3211,0,36,83,PASSENGER,SUCCESS
3212,0,62,10,CARGO,FAILURE
3213,1,61,14,CARGO,FAILURE
3214,1,30,36,PASSENGER,FAILURE
3215,1,31,16,CARGO,FAILURE
3216,0,43,39,PASSENGER,FAILURE
3217,1,35,19,PASSENGER,FAILURE
3218,1,33,23,CARGO,FAILURE
3219,1,33,73,PASSENGER,SUCCESS
3220,1,55,16,CARGO,FAILURE
3221,0,56,25,PASSENGER,FAILURE
3222,1,23,98,PASSENGER,SUCCESS
3223,0,31,25,CARGO,FAILURE
3224,1,26,37,PASSENGER,SUCCESS
3225,1,34,94,PASSENGER,SUCCESS
3226,0,31,76,CARGO,SUCCESS
3227,0,45,41,PASSENGER,SUCCESS
3228,1,61,17,PASSENGER,FAILURE
3229,0,40,67,CARGO,SUCCESS
3230,1,60,5,CARGO,FAILURE
3231,0,31,17,CARGO,FAILURE
3232,1,40,39,PASSENGER,FAILURE
3233,1,61,7,PASSENGER,FAILURE
3234,1,24,38,PASSENGER,SUCCESS
3235,0,47,5,PASSENGER,FAILURE
3236,1,18,58,CARGO,SUCCESS
3237,1,18,44,CARGO,SUCCESS
3238,1,40,95,CARGO,SUCCESS
3239,1,41,17,CARGO,FAILURE
3240,0,37,44,PASSENGER,SUCCESS
3241,1,41,37,PASSENGER,SUCCESS
3242,1,35,43,PASSENGER,SUCCESS
3243,0,67,34,PASSENGER,FAILURE
3244,0,24,41,PASSENGER,SUCCESS
3245,0,38,54,CARGO,SUCCESS
3246,1,60,19,CARGO,FAILURE
3247,0,65,9,CARGO,FAILURE
3248,1,31,7,CARGO,FAILURE
3249,0,59,25,PASSENGER,FAILURE
3250,1,33,67,PASSENGER,SUCCESS
3251,0,18,65,PASSENGER,SUCCESS
3252,0,30,39,PASSENGER,FAILURE
3253,0,39,13,CARGO,FAILURE
3254,1,20,36,PASSENGER,SUCCESS
3255,1,42,89,PASSENGER,SUCCESS
3256,1,22,66,CARGO,SUCCESS
3257,0,39,62,PASSENGER,SUCCESS
3258,0,70,39,CARGO,FAILURE
3259,0,43,25,CARGO,FAILURE
3260,1,59,18,PASSENGER,FAILURE
3261,0,43,89,PASSENGER,SUCCESS
3262,0,44,19,CARGO,FAILURE
3263,0,38,44,PASSENGER,SUCCESS
3264,1,43,20,PASSENGER,FAILURE
3265,0,52,25,CARGO,FAILURE
3266,1,24,99,PASSENGER,SUCCESS
3267,1,22,92,PASSENGER,SUCCESS
3268,0,44,38,CARGO,SUCCESS
3269,0,32,31,CARGO,FAILURE
3270,1,20,100,PASSENGER,SUCCESS
3271,1,55,33,CARGO,FAILURE
3272,1,51,12,CARGO,FAILURE
3273,1,37,67,PASSENGER,SUCCESS
3274,1,34,24,CARGO,FAILURE
3275,1,47,30,PASSENGER,FAILURE
3276,1,44,73,CARGO,SUCCESS
3277,0,23,68,PASSENGER,SUCCESS
3278,1,49,34,PASSENGER,FAILURE
3279,0,61,27,PASSENGER,FAILURE
3280,1,62,19,PASSENGER,FAILURE
3281,0,36,70,PASSENGER,SUCCESS
3282,1,55,36,PASSENGER,FAILURE
3283,1,43,38,CARGO,SUCCESS
3284,1,30,61,PASSENGER,SUCCESS
3285,1,21,74,CARGO,SUCCESS
3286,0,38,39,PASSENGER,SUCCESS
3287,1,27,72,PASSENGER,SUCCESS
3288,0,37,76,PASSENGER,SUCCESS
3289,1,41,85,PASSENGER,SUCCESS
3290,0,41,20,CARGO,FAILURE
3291,1,32,87,PASSENGER,SUCCESS
3292,0,33,95,PASSENGER,SUCCESS
3293,0,19,46,CARGO,SUCCESS
3294,0,56,27,CARGO,FAILURE
3295,0,27,81,PASSENGER,SUCCESS
3296,0,61,12,CARGO,FAILURE
3297,1,52,18,CARGO,FAILURE
3298,0,47,27,CARGO,FAILURE
3299,0,34,91,PASSENGER,SUCCESS
3300,1,37,31,PASSENGER,FAILURE
3301,0,23,43,PASSENGER,SUCCESS
3302,0,40,12,PASSENGER,FAILURE
3303,0,32,28,CARGO,FAILURE
3304,0,19,78,PASSENGER,SUCCESS
3305,1,44,10,CARGO,FAILURE
3306,1,39,43,PASSENGER,SUCCESS
3307,0,40,39,PASSENGER,FAILURE
3308,1,58,32,CARGO,FAILURE
3309,1,68,40,CARGO,FAILURE
3310,0,43,68,PASSENGER,SUCCESS
3311,0,44,38,PASSENGER,SUCCESS
3312,0,28,71,PASSENGER,SUCCESS
3313,1,46,18,CARGO,FAILURE
3314,0,42,11,CARGO,FAILURE
3315,0,30,33,PASSENGER,SUCCESS
3316,1,33,33,CARGO,FAILURE
3317,1,44,29,CARGO,FAILURE
3318,0,24,92,PASSENGER,SUCCESS
3319,0,48,9,CARGO,FAILURE
3320,1,69,16,PASSENGER,FAILURE
3321,0,36,71,CARGO,SUCCESS
3322,0,40,29,PASSENGER,FAILURE
3323,1,57,25,PASSENGER,FAILURE
3324,1,45,17,PASSENGER,FAILURE
3325,0,46,15,PASSENGER,FAILURE
3326,1,28,87,PASSENGER,SUCCESS
3327,0,19,33,PASSENGER,SUCCESS
3328,1,36,26,PASSENGER,FAILURE
3329,1,54,17,PASSENGER,FAILURE
3330,1,61,6,PASSENGER,FAILURE
3331,0,24,49,PASSENGER,SUCCESS
3332,0,34,31,CARGO,FAILURE
3333,0,38,81,CARGO,SUCCESS
3334,1,43,38,PASSENGER,FAILURE
3335,0,68,29,CARGO,FAILURE
3336,0,37,74,PASSENGER,SUCCESS
3337,1,42,30,PASSENGER,FAILURE
3338,0,31,83,PASSENGER,SUCCESS
3339,1,57,11,CARGO,FAILURE
3340,0,24,86,PASSENGER,SUCCESS
3341,1,52,20,CARGO,FAILURE
3342,0,41,62,CARGO,SUCCESS
3343,0,60,5,PASSENGER,FAILURE
3344,1,45,33,CARGO,SUCCESS
3345,0,57,21,CARGO,FAILURE
3346,1,38,85,PASSENGER,SUCCESS
3347,1,69,30,PASSENGER,FAILURE
3348,0,32,61,PASSENGER,SUCCESS
3349,0,59,27,CARGO,FAILURE
3350,0,34,30,PASSENGER,FAILURE
3351,1,70,40,CARGO,FAILURE
3352,1,46,20,CARGO,FAILURE
3353,0,21,45,CARGO,SUCCESS
3354,0,27,40,PASSENGER,SUCCESS
3355,1,19,54,PASSENGER,SUCCESS
3356,1,21,95,PASSENGER,SUCCESS
3357,1,37,10,CARGO,FAILURE
3358,1,19,38,PASSENGER,SUCCESS
3359,1,22,55,PASSENGER,SUCCESS
3360,0,20,38,PASSENGER,SUCCESS
3361,0,67,14,CARGO,FAILURE
3362,1,24,85,PASSENGER,SUCCESS
3363,0,70,26,CARGO,FAILURE
3364,0,55,10,PASSENGER,FAILURE
3365,0,24,89,CARGO,SUCCESS
3366,0,32,90,PASSENGER,SUCCESS
3367,0,35,35,PASSENGER,SUCCESS
3368,1,64,16,PASSENGER,FAILURE
3369,0,35,31,PASSENGER,SUCCESS
3370,1,46,5,CARGO,FAILURE
3371,0,32,78,PASSENGER,SUCCESS
3372,0,64,13,CARGO,FAILURE
3373,0,44,33,PASSENGER,FAILURE
3374,0,31,34,PASSENGER,FAILURE
3375,1,65,31,PASSENGER,FAILURE
3376,0,31,53,CARGO,SUCCESS
3377,0,22,84,PASSENGER,SUCCESS
3378,1,62,17,PASSENGER,FAILURE
3379,0,47,6,CARGO,FAILURE
3380,1,29,81,PASSENGER,SUCCESS
3381,1,30,5,CARGO,FAILURE
3382,1,46,7,PASSENGER,FAILURE
3383,1,44,58,CARGO,SUCCESS
3384,1,18,31,PASSENGER,SUCCESS
3385,0,18,43,PASSENGER,SUCCESS
3386,0,31,51,PASSENGER,SUCCESS
3387,1,20,58,PASSENGER,SUCCESS
3388,0,43,19,CARGO,FAILURE
3389,1,30,93,CARGO,SUCCESS
3390,0,31,45,CARGO,SUCCESS
3391,1,45,89,PASSENGER,SUCCESS
3392,0,45,40,PASSENGER,FAILURE
3393,0,39,39,PASSENGER,FAILURE
3394,1,41,100,PASSENGER,SUCCESS
3395,1,22,49,PASSENGER,SUCCESS
3396,1,67,27,CARGO,FAILURE
3397,0,59,19,CARGO,FAILURE
3398,0,57,20,PASSENGER,FAILURE
3399,1,41,18,CARGO,FAILURE
3400,1,53,20,CARGO,FAILURE
3401,1,51,33,PASSENGER,FAILURE
3402,1,49,13,PASSENGER,FAILURE
3403,1,55,40,CARGO,FAILURE
3404,1,58,25,PASSENGER,FAILURE
3405,1,33,58,CARGO,SUCCESS
3406,1,50,16,PASSENGER,FAILURE
3407,0,67,22,CARGO,FAILURE
3408,1,27,90,PASSENGER,SUCCESS
3409,0,41,23,CARGO,FAILURE
3410,1,64,17,CARGO,FAILURE
3411,1,38,83,PASSENGER,SUCCESS
3412,0,21,68,PASSENGER,SUCCESS
3413,1,22,80,PASSENGER,SUCCESS
3414,1,54,9,CARGO,FAILURE
3415,1,43,27,PASSENGER,FAILURE
3416,0,23,55,CARGO,SUCCESS
3417,0,42,33,PASSENGER,FAILURE
3418,1,37,32,PASSENGER,FAILURE
3419,0,56,38,CARGO,FAILURE
3420,1,23,74,PASSENGER,SUCCESS
3421,1,21,52,PASSENGER,SUCCESS
3422,1,42,28,PASSENGER,FAILURE
3423,1,27,47,PASSENGER,SUCCESS
3424,1,44,25,CARGO,FAILURE
3425,1,46,28,CARGO,FAILURE
3426,1,66,32,CARGO,FAILURE
3427,1,34,91,CARGO,SUCCESS
3428,0,24,46,PASSENGER,SUCCESS
3429,1,43,95,PASSENGER,SUCCESS
3430,1,31,34,PASSENGER,SUCCESS
3431,0,68,33,CARGO,FAILURE
3432,1,47,26,CARGO,FAILURE
3433,0,38,14,PASSENGER,FAILURE
3434,0,39,19,CARGO,FAILURE
3435,1,55,22,PASSENGER,FAILURE
3436,0,55,22,PASSENGER,FAILURE
3437,1,39,37,PASSENGER,SUCCESS
3438,0,52,16,CARGO,FAILURE
3439,1,18,47,CARGO,SUCCESS
3440,0,33,82,CARGO,SUCCESS
3441,0,43,76,PASSENGER,SUCCESS
3442,0,31,31,CARGO,FAILURE
3443,1,58,10,PASSENGER,FAILURE
3444,0,33,28,PASSENGER,FAILURE
3445,1,22,98,PASSENGER,SUCCESS
3446,1,60,34,PASSENGER,FAILURE
3447,1,57,38,PASSENGER,FAILURE
3448,0,66,26,CARGO,FAILURE
3449,1,41,97,PASSENGER,SUCCESS
3450,0,40,79,PASSENGER,SUCCESS
3451,0,19,81,CARGO,SUCCESS
3452,1,32,99,CARGO,SUCCESS
3453,1,37,12,CARGO,FAILURE
3454,1,23,94,PASSENGER,SUCCESS
3455,0,59,31,PASSENGER,FAILURE
3456,0,56,23,PASSENGER,FAILURE
3457,1,32,21,CARGO,FAILURE
3458,0,24,39,PASSENGER,SUCCESS
3459,1,18,95,PASSENGER,SUCCESS
3460,0,36,53,PASSENGER,SUCCESS
3461,0,68,27,PASSENGER,FAILURE
3462,1,64,22,CARGO,FAILURE
3463,1,36,76,PASSENGER,SUCCESS
3464,1,35,23,CARGO,FAILURE
3465,1,35,42,PASSENGER,SUCCESS
3466,1,69,26,PASSENGER,FAILURE
3467,1,27,85,PASSENGER,SUCCESS
3468,0,33,70,PASSENGER,SUCCESS
3469,0,53,11,PASSENGER,FAILURE
3470,0,38,36,CARGO,FAILURE
3471,1,68,16,PASSENGER,FAILURE
3472,0,34,33,PASSENGER,SUCCESS
3473,1,64,34,PASSENGER,FAILURE
3474,1,28,84,PASSENGER,SUCCESS
3475,1,57,14,PASSENGER,FAILURE
3476,1,37,7,CARGO,FAILURE
3477,1,27,88,PASSENGER,SUCCESS
3478,0,44,71,PASSENGER,SUCCESS
3479,0,64,26,CARGO,FAILURE
3480,0,41,68,PASSENGER,SUCCESS
3481,0,52,30,CARGO,FAILURE
3482,1,36,16,PASSENGER,FAILURE
3483,0,24,87,PASSENGER,SUCCESS
3484,0,24,68,PASSENGER,SUCCESS
3485,1,37,79,PASSENGER,SUCCESS
3486,0,36,18,CARGO,FAILURE
3487,1,31,64,PASSENGER,SUCCESS
3488,1,24,62,PASSENGER,SUCCESS
3489,0,52,9,CARGO,FAILURE
3490,0,18,61,PASSENGER,SUCCESS
3491,1,44,55,CARGO,SUCCESS
3492,1,40,18,CARGO,FAILURE
3493,0,47,40,CARGO,FAILURE
3494,0,42,15,PASSENGER,FAILURE
3495,0,58,31,CARGO,FAILURE
3496,0,60,15,PASSENGER,FAILURE
3497,1,43,13,CARGO,FAILURE
3498,0,35,73,PASSENGER,SUCCESS
3499,0,34,10,CARGO,FAILURE
3500,1,27,66,PASSENGER,SUCCESS
3501,1,53,22,CARGO,FAILURE
3502,0,33,33,PASSENGER,FAILURE
3503,0,20,31,PASSENGER,SUCCESS
3504,1,53,20,PASSENGER,FAILURE
3505,1,67,35,CARGO,FAILURE
3506,0,28,86,PASSENGER,SUCCESS
3507,1,52,10,CARGO,FAILURE
3508,0,42,33,CARGO,SUCCESS
3509,0,39,10,CARGO,FAILURE
3510,0,37,94,PASSENGER,SUCCESS
3511,0,43,28,PASSENGER,FAILURE
3512,0,53,21,PASSENGER,FAILURE
3513,0,60,33,CARGO,FAILURE
3514,0,61,39,CARGO,FAILURE
3515,0,37,19,CARGO,FAILURE
3516,1,67,29,CARGO,FAILURE
3517,1,28,90,PASSENGER,SUCCESS
3518,0,50,32,CARGO,FAILURE
3519,1,34,54,PASSENGER,SUCCESS
3520,1,31,7,CARGO,FAILURE
3521,1,23,34,CARGO,SUCCESS
3522,1,18,31,PASSENGER,SUCCESS
3523,1,51,20,PASSENGER,FAILURE
3524,0,37,39,CARGO,FAILURE
3525,1,34,55,CARGO,SUCCESS
3526,0,65,24,CARGO,FAILURE
3527,0,39,37,CARGO,FAILURE
3528,0,42,68,PASSENGER,SUCCESS
3529,0,18,88,PASSENGER,SUCCESS
3530,1,30,98,CARGO,SUCCESS
3531,0,23,50,PASSENGER,SUCCESS
3532,0,41,66,PASSENGER,SUCCESS
3533,1,45,37,CARGO,FAILURE
3534,0,65,14,PASSENGER,FAILURE
3535,0,25,57,PASSENGER,SUCCESS
3536,1,52,17,PASSENGER,FAILURE
3537,0,70,28,CARGO,FAILURE
3538,0,32,53,PASSENGER,SUCCESS
3539,1,28,41,PASSENGER,SUCCESS
3540,1,36,30,CARGO,SUCCESS
3541,0,64,33,PASSENGER,FAILURE
3542,1,37,88,PASSENGER,SUCCESS
3543,0,47,22,CARGO,FAILURE
3544,1,38,6,CARGO,FAILURE
3545,1,69,10,PASSENGER,FAILURE
3546,0,23,35,PASSENGER,SUCCESS
3547,1,32,33,CARGO,FAILURE
3548,0,43,85,PASSENGER,SUCCESS
3549,1,38,23,CARGO,FAILURE
3550,1,60,14,CARGO,FAILURE
3551,0,51,40,CARGO,FAILURE
3552,0,36,52,PASSENGER,SUCCESS
3553,1,31,85,CARGO,SUCCESS
3554,0,69,30,CARGO,FAILURE
3555,1,47,26,CARGO,FAILURE
3556,0,40,34,PASSENGER,FAILURE
3557,0,34,38,PASSENGER,FAILURE
3558,0,45,19,PASSENGER,FAILURE
3559,1,47,37,PASSENGER,FAILURE
3560,1,45,35,PASSENGER,SUCCESS
3561,1,46,12,PASSENGER,FAILURE
3562,0,18,87,PASSENGER,SUCCESS
3563,0,41,66,PASSENGER,SUCCESS
3564,1,70,19,CARGO,FAILURE
3565,0,43,55,PASSENGER,SUCCESS
3566,0,60,14,CARGO,FAILURE
3567,0,19,45,CARGO,SUCCESS
3568,0,54,23,CARGO,FAILURE
3569,0,62,6,PASSENGER,FAILURE
3570,0,63,8,PASSENGER,FAILURE
3571,0,44,6,CARGO,FAILURE
3572,0,61,30,PASSENGER,FAILURE
3573,1,64,19,CARGO,FAILURE
3574,1,32,100,PASSENGER,SUCCESS
3575,0,31,7,PASSENGER,FAILURE
3576,1,32,64,CARGO,SUCCESS
3577,0,47,13,PASSENGER,FAILURE
3578,1,29,71,PASSENGER,SUCCESS
3579,1,67,14,CARGO,FAILURE
3580,1,46,13,PASSENGER,FAILURE
3581,0,40,87,PASSENGER,SUCCESS
3582,1,38,37,CARGO,FAILURE
3583,1,50,9,PASSENGER,FAILURE
3584,0,18,35,CARGO,SUCCESS
3585,0,42,15,CARGO,FAILURE
3586,0,42,46,CARGO,SUCCESS
3587,1,60,24,PASSENGER,FAILURE
3588,1,64,6,CARGO,FAILURE
3589,1,21,47,PASSENGER,SUCCESS
3590,1,63,33,CARGO,FAILURE
3591,0,43,17,PASSENGER,FAILURE
3592,0,48,14,CARGO,FAILURE
3593,0,20,40,PASSENGER,SUCCESS
3594,0,38,33,PASSENGER,FAILURE
3595,0,30,22,PASSENGER,FAILURE
3596,1,41,70,PASSENGER,SUCCESS
3597,0,65,21,CARGO,FAILURE
3598,0,37,85,PASSENGER,SUCCESS
3599,0,67,5,CARGO,FAILURE
3600,0,51,21,PASSENGER,FAILURE
3601,1,40,59,PASSENGER,SUCCESS
3602,0,35,10,CARGO,FAILURE
3603,0,51,27,PASSENGER,FAILURE
3604,0,46,5,CARGO,FAILURE
3605,0,69,10,CARGO,FAILURE
3606,0,24,58,PASSENGER,SUCCESS
3607,1,69,12,PASSENGER,FAILURE
3608,0,69,9,CARGO,FAILURE
3609,1,58,10,CARGO,FAILURE
3610,0,32,96,CARGO,SUCCESS
3611,1,56,28,CARGO,FAILURE
3612,0,47,24,PASSENGER,FAILURE
3613,1,49,39,PASSENGER,FAILURE
3614,0,19,84,PASSENGER,SUCCESS
3615,1,50,31,CARGO,FAILURE
3616,1,63,36,CARGO,FAILURE
3617,1,27,69,PASSENGER,SUCCESS
3618,0,56,28,CARGO,FAILURE
3619,0,30,27,CARGO,FAILURE
3620,1,22,97,PASSENGER,SUCCESS
3621,0,36,15,CARGO,FAILURE
3622,1,32,41,PASSENGER,SUCCESS
3623,1,36,37,PASSENGER,SUCCESS
3624,1,36,33,PASSENGER,SUCCESS
3625,0,43,31,CARGO,FAILURE
3626,0,35,93,PASSENGER,SUCCESS
3627,1,53,10,PASSENGER,FAILURE
3628,1,33,72,PASSENGER,SUCCESS
3629,0,39,32,CARGO,SUCCESS
3630,1,61,36,CARGO,FAILURE
3631,1,34,63,PASSENGER,SUCCESS
3632,1,27,96,PASSENGER,SUCCESS
3633,1,35,13,PASSENGER,FAILURE
3634,0,61,21,CARGO,FAILURE
3635,0,29,94,PASSENGER,SUCCESS
3636,1,27,98,PASSENGER,SUCCESS
3637,0,43,34,CARGO,FAILURE
3638,0,20,46,PASSENGER,SUCCESS
3639,1,21,49,PASSENGER,SUCCESS
3640,1,44,26,PASSENGER,FAILURE
3641,0,39,32,CARGO,FAILURE
3642,1,61,14,CARGO,FAILURE
3643,0,56,13,CARGO,FAILURE
3644,1,41,78,PASSENGER,SUCCESS
3645,1,43,83,PASSENGER,SUCCESS
3646,0,31,38,PASSENGER,SUCCESS
3647,0,42,39,CARGO,FAILURE
3648,1,21,77,CARGO,SUCCESS
3649,0,32,15,CARGO,FAILURE
3650,0,57,13,PASSENGER,FAILURE
3651,1,36,41,PASSENGER,SUCCESS
3652,1,23,84,PASSENGER,SUCCESS
3653,1,31,33,CARGO,FAILURE
3654,1,32,64,PASSENGER,SUCCESS
3655,1,49,10,CARGO,FAILURE
3656,1,69,12,CARGO,FAILURE
3657,0,53,26,CARGO,FAILURE
3658,0,67,29,CARGO,FAILURE
3659,1,32,34,CARGO,SUCCESS
3660,0,42,69,PASSENGER,SUCCESS
3661,0,60,31,CARGO,FAILURE
3662,1,21,64,PASSENGER,SUCCESS
3663,0,59,22,PASSENGER,FAILURE
3664,1,60,39,PASSENGER,FAILURE
3665,1,40,48,PASSENGER,SUCCESS
3666,1,18,97,PASSENGER,SUCCESS
3667,1,66,5,CARGO,FAILURE
3668,0,45,26,PASSENGER,FAILURE
3669,1,44,23,CARGO,FAILURE
3670,1,26,54,PASSENGER,SUCCESS
3671,1,20,32,PASSENGER,SUCCESS
3672,0,40,20,CARGO,FAILURE
3673,1,19,84,PASSENGER,SUCCESS
3674,1,55,9,PASSENGER,FAILURE
3675,0,63,16,PASSENGER,FAILURE
3676,1,34,12,PASSENGER,FAILURE
3677,0,24,31,PASSENGER,SUCCESS
3678,1,32,17,CARGO,FAILURE
3679,1,52,21,CARGO,FAILURE
3680,0,53,13,CARGO,FAILURE
3681,1,59,25,CARGO,FAILURE
3682,0,47,18,CARGO,FAILURE
3683,1,54,32,CARGO,FAILURE
3684,1,50,16,PASSENGER,FAILURE
3685,1,30,38,CARGO,FAILURE
3686,0,53,9,CARGO,FAILURE
3687,0,35,78,PASSENGER,SUCCESS
3688,1,35,18,PASSENGER,FAILURE
3689,1,64,13,CARGO,FAILURE
3690,1,53,26,PASSENGER,FAILURE
3691,1,34,31,CARGO,FAILURE
3692,0,18,61,CARGO,SUCCESS
3693,1,56,31,CARGO,FAILURE
3694,0,46,32,CARGO,FAILURE
3695,0,69,30,CARGO,FAILURE
3696,0,60,14,PASSENGER,FAILURE
3697,1,26,42,CARGO,SUCCESS
3698,1,26,31,PASSENGER,SUCCESS
3699,1,53,27,PASSENGER,FAILURE
3700,1,32,34,PASSENGER,FAILURE
3701,1,45,14,CARGO,FAILURE
3702,0,70,17,CARGO,FAILURE
3703,1,42,33,PASSENGER,SUCCESS
3704,0,44,66,CARGO,SUCCESS
3705,0,51,39,CARGO,FAILURE
3706,0,22,96,CARGO,SUCCESS
3707,1,58,6,CARGO,FAILURE
3708,1,30,45,PASSENGER,SUCCESS
3709,0,29,40,CARGO,SUCCESS
3710,1,64,35,PASSENGER,FAILURE
3711,1,28,36,PASSENGER,SUCCESS
3712,1,45,25,PASSENGER,FAILURE
3713,0,35,24,CARGO,FAILURE
3714,1,41,35,CARGO,FAILURE
3715,1,29,47,PASSENGER,SUCCESS
3716,0,70,28,PASSENGER,FAILURE
3717,1,49,17,CARGO,FAILURE
3718,1,34,77,PASSENGER,SUCCESS
3719,0,62,35,PASSENGER,FAILURE
3720,0,64,38,PASSENGER,FAILURE
3721,1,40,70,PASSENGER,SUCCESS
3722,1,39,20,CARGO,FAILURE
3723,0,31,65,PASSENGER,SUCCESS
3724,0,35,82,PASSENGER,SUCCESS
3725,1,69,37,CARGO,FAILURE
3726,0,20,89,PASSENGER,SUCCESS
3727,0,30,37,CARGO,FAILURE
3728,0,38,88,PASSENGER,SUCCESS
3729,0,68,19,CARGO,FAILURE
3730,1,66,15,PASSENGER,FAILURE
3731,0,48,6,PASSENGER,FAILURE
3732,1,34,37,PASSENGER,FAILURE
3733,1,51,14,CARGO,FAILURE
3734,1,35,31,PASSENGER,SUCCESS
3735,0,32,36,PASSENGER,SUCCESS
3736,1,26,75,PASSENGER,SUCCESS
3737,1,63,32,CARGO,FAILURE
3738,0,42,90,PASSENGER,SUCCESS
3739,0,70,16,PASSENGER,FAILURE
3740,0,28,60,CARGO,SUCCESS
3741,1,39,15,PASSENGER,FAILURE
3742,0,65,38,CARGO,FAILURE
3743,1,45,84,PASSENGER,SUCCESS
3744,1,57,29,CARGO,FAILURE
3745,0,67,20,CARGO,FAILURE
3746,1,65,10,CARGO,FAILURE
3747,0,67,26,CARGO,FAILURE
3748,0,50,22,CARGO,FAILURE
3749,0,65,31,PASSENGER,FAILURE
3750,1,60,37,PASSENGER,FAILURE
3751,1,55,15,CARGO,FAILURE
3752,0,20,82,CARGO,SUCCESS
3753,1,32,23,CARGO,FAILURE
3754,0,31,39,CARGO,SUCCESS
3755,1,18,77,CARGO,SUCCESS
3756,0,58,5,CARGO,FAILURE
3757,0,41,27,CARGO,FAILURE
3758,1,28,37,PASSENGER,SUCCESS
3759,1,27,70,PASSENGER,SUCCESS
3760,1,55,13,CARGO,FAILURE
3761,0,24,41,PASSENGER,SUCCESS
3762,1,35,66,PASSENGER,SUCCESS
3763,1,42,46,PASSENGER,SUCCESS
3764,1,18,86,PASSENGER,SUCCESS
3765,0,34,38,PASSENGER,FAILURE
3766,0,53,22,CARGO,FAILURE
3767,0,44,19,CARGO,FAILURE
3768,0,42,78,PASSENGER,SUCCESS
3769,1,22,88,PASSENGER,SUCCESS
3770,1,44,83,PASSENGER,SUCCESS
3771,0,43,72,PASSENGER,SUCCESS
3772,0,24,49,PASSENGER,SUCCESS
3773,1,25,72,PASSENGER,SUCCESS
3774,1,39,18,PASSENGER,FAILURE
3775,0,44,51,CARGO,SUCCESS
3776,0,49,17,CARGO,FAILURE
3777,0,47,30,PASSENGER,FAILURE
3778,0,62,15,PASSENGER,FAILURE
3779,0,25,39,PASSENGER,SUCCESS
3780,0,38,72,PASSENGER,SUCCESS
3781,1,45,91,PASSENGER,SUCCESS
3782,1,59,22,CARGO,FAILURE
3783,0,41,39,PASSENGER,FAILURE
3784,0,53,30,CARGO,FAILURE
3785,1,42,6,PASSENGER,FAILURE
3786,1,48,18,PASSENGER,FAILURE
3787,0,18,87,PASSENGER,SUCCESS
3788,0,26,33,PASSENGER,SUCCESS
3789,1,43,17,PASSENGER,FAILURE
3790,1,47,10,CARGO,FAILURE
3791,0,32,10,CARGO,FAILURE
3792,1,52,25,CARGO,FAILURE
3793,1,39,31,CARGO,SUCCESS
3794,1,29,33,PASSENGER,SUCCESS
3795,1,26,68,PASSENGER,SUCCESS
3796,1,23,45,CARGO,SUCCESS
3797,0,30,24,CARGO,FAILURE
3798,1,32,56,PASSENGER,SUCCESS
3799,0,21,56,PASSENGER,SUCCESS
3800,0,40,7,CARGO,FAILURE
3801,0,33,57,PASSENGER,SUCCESS
3802,0,64,6,CARGO,FAILURE
3803,1,45,35,CARGO,FAILURE
3804,0,58,23,PASSENGER,FAILURE
3805,1,43,69,PASSENGER,SUCCESS
3806,1,55,12,CARGO,FAILURE
3807,1,54,30,PASSENGER,FAILURE
3808,0,50,19,CARGO,FAILURE
3809,1,45,38,CARGO,FAILURE
3810,0,48,30,PASSENGER,FAILURE
3811,0,32,11,PASSENGER,FAILURE
3812,1,38,77,PASSENGER,SUCCESS
3813,1,69,16,CARGO,FAILURE
3814,0,39,77,PASSENGER,SUCCESS
3815,0,54,24,CARGO,FAILURE
3816,0,23,39,PASSENGER,SUCCESS
3817,0,37,5,CARGO,FAILURE
3818,1,30,67,PASSENGER,SUCCESS
3819,1,27,49,PASSENGER,SUCCESS
3820,0,67,33,CARGO,FAILURE
3821,0,27,85,PASSENGER,SUCCESS
3822,1,69,26,PASSENGER,FAILURE
3823,1,64,9,CARGO,FAILURE
3824,1,54,18,PASSENGER,FAILURE
3825,1,28,35,PASSENGER,SUCCESS
3826,1,29,73,PASSENGER,SUCCESS
3827,0,33,89,PASSENGER,SUCCESS
3828,1,49,34,CARGO,FAILURE
3829,1,45,35,CARGO,FAILURE
3830,1,56,14,PASSENGER,FAILURE
3831,1,25,48,PASSENGER,SUCCESS
3832,1,47,26,CARGO,FAILURE
3833,0,59,23,PASSENGER,FAILURE
3834,0,37,99,PASSENGER,SUCCESS
3835,0,18,93,CARGO,SUCCESS
3836,1,45,29,PASSENGER,FAILURE
3837,1,45,24,PASSENGER,FAILURE
3838,0,34,17,CARGO,FAILURE
3839,1,37,25,CARGO,FAILURE
3840,1,69,36,CARGO,FAILURE
3841,0,64,6,CARGO,FAILURE
3842,0,70,39,CARGO,FAILURE
3843,1,44,88,CARGO,SUCCESS
3844,1,41,95,PASSENGER,SUCCESS
3845,0,49,11,CARGO,FAILURE
3846,0,23,69,CARGO,SUCCESS
3847,0,34,95,CARGO,SUCCESS
3848,0,60,35,CARGO,FAILURE
3849,0,29,69,CARGO,SUCCESS
3850,1,48,34,CARGO,FAILURE
3851,1,21,98,PASSENGER,SUCCESS
3852,1,48,31,CARGO,FAILURE
3853,1,59,35,CARGO,FAILURE
3854,0,40,77,PASSENGER,SUCCESS
3855,0,53,30,PASSENGER,FAILURE
3856,0,53,16,PASSENGER,FAILURE
3857,1,32,17,CARGO,FAILURE
3858,1,33,8,CARGO,FAILURE
3859,1,40,70,PASSENGER,SUCCESS
3860,0,64,25,CARGO,FAILURE
3861,0,29,60,PASSENGER,SUCCESS
3862,1,43,87,PASSENGER,SUCCESS
3863,0,56,28,PASSENGER,FAILURE
3864,0,31,84,PASSENGER,SUCCESS
3865,0,27,32,PASSENGER,SUCCESS
3866,0,29,40,PASSENGER,SUCCESS
3867,1,25,48,PASSENGER,SUCCESS
3868,0,20,68,PASSENGER,SUCCESS
3869,0,48,19,CARGO,FAILURE
3870,1,36,71,PASSENGER,SUCCESS
3871,1,42,7,CARGO,FAILURE
3872,1,51,7,CARGO,FAILURE
3873,0,69,37,CARGO,FAILURE
3874,1,43,32,PASSENGER,SUCCESS
3875,1,35,35,CARGO,FAILURE
3876,1,63,13,PASSENGER,FAILURE
3877,1,52,24,PASSENGER,FAILURE
3878,0,18,35,PASSENGER,SUCCESS
3879,0,47,10,CARGO,FAILURE
3880,1,30,25,CARGO,FAILURE
3881,0,43,88,PASSENGER,SUCCESS
3882,1,34,62,CARGO,SUCCESS
3883,0,47,6,CARGO,FAILURE
3884,0,28,81,PASSENGER,SUCCESS
3885,0,52,12,PASSENGER,FAILURE
3886,0,34,5,PASSENGER,FAILURE
3887,0,39,34,CARGO,FAILURE
3888,1,40,55,CARGO,SUCCESS
3889,1,57,13,PASSENGER,FAILURE
3890,1,39,76,CARGO,SUCCESS
3891,0,55,12,PASSENGER,FAILURE
3892,1,30,79,PASSENGER,SUCCESS
3893,0,39,38,PASSENGER,SUCCESS
3894,0,63,20,CARGO,FAILURE
3895,0,44,36,PASSENGER,SUCCESS
3896,0,27,51,CARGO,SUCCESS
3897,0,18,46,CARGO,SUCCESS
3898,1,66,6,PASSENGER,FAILURE
3899,0,64,6,PASSENGER,FAILURE
3900,0,42,30,PASSENGER,SUCCESS
3901,1,51,16,CARGO,FAILURE
3902,1,41,38,PASSENGER,FAILURE
3903,0,56,19,CARGO,FAILURE
3904,0,34,80,PASSENGER,SUCCESS
3905,0,27,74,PASSENGER,SUCCESS
3906,0,22,94,PASSENGER,SUCCESS
3907,0,56,29,PASSENGER,FAILURE
3908,0,35,58,PASSENGER,SUCCESS
3909,0,48,38,PASSENGER,FAILURE
3910,1,62,10,PASSENGER,FAILURE
3911,0,45,20,PASSENGER,FAILURE
3912,1,70,12,PASSENGER,FAILURE
3913,1,44,93,PASSENGER,SUCCESS
3914,1,50,29,PASSENGER,FAILURE
3915,0,45,28,CARGO,FAILURE
3916,1,36,37,CARGO,FAILURE
3917,1,47,19,PASSENGER,FAILURE
3918,1,38,31,CARGO,FAILURE
3919,1,41,21,CARGO,FAILURE
3920,0,33,11,CARGO,FAILURE
3921,1,44,23,PASSENGER,FAILURE
3922,0,45,99,CARGO,SUCCESS
3923,0,22,60,PASSENGER,SUCCESS
3924,0,25,92,PASSENGER,SUCCESS
3925,1,66,18,CARGO,FAILURE
3926,0,42,24,CARGO,FAILURE
3927,1,43,74,PASSENGER,SUCCESS
3928,1,30,19,PASSENGER,FAILURE
3929,1,66,17,CARGO,FAILURE
3930,0,45,64,PASSENGER,SUCCESS
3931,0,33,85,PASSENGER,SUCCESS
3932,1,36,29,PASSENGER,FAILURE
3933,1,38,80,PASSENGER,SUCCESS
3934,1,61,27,PASSENGER,FAILURE
3935,0,20,61,PASSENGER,SUCCESS
3936,0,31,33,PASSENGER,SUCCESS
3937,1,43,60,CARGO,SUCCESS
3938,0,26,89,PASSENGER,SUCCESS
3939,0,26,61,PASSENGER,SUCCESS
3940,0,70,27,CARGO,FAILURE
3941,0,27,64,PASSENGER,SUCCESS
3942,1,30,16,PASSENGER,FAILURE
3943,1,55,19,PASSENGER,FAILURE
3944,1,38,86,PASSENGER,SUCCESS
3945,0,24,54,PASSENGER,SUCCESS
3946,0,45,19,PASSENGER,FAILURE
3947,0,44,77,PASSENGER,SUCCESS
3948,0,41,30,CARGO,FAILURE
3949,0,52,26,CARGO,FAILURE
3950,0,24,88,CARGO,SUCCESS
3951,0,32,10,PASSENGER,FAILURE
3952,0,30,54,PASSENGER,SUCCESS
3953,0,65,24,PASSENGER,FAILURE
3954,0,28,35,PASSENGER,SUCCESS
3955,1,51,28,CARGO,FAILURE
3956,0,41,30,CARGO,FAILURE
3957,0,21,71,PASSENGER,SUCCESS
3958,1,67,5,PASSENGER,FAILURE
3959,0,47,12,CARGO,FAILURE
3960,1,20,69,PASSENGER,SUCCESS
3961,0,42,36,CARGO,FAILURE
3962,1,69,32,PASSENGER,FAILURE
3963,0,29,97,CARGO,SUCCESS
3964,0,34,62,PASSENGER,SUCCESS
3965,0,51,23,PASSENGER,FAILURE
3966,0,40,13,PASSENGER,FAILURE
3967,0,37,35,CARGO,SUCCESS
3968,0,22,100,PASSENGER,SUCCESS
3969,1,53,10,PASSENGER,FAILURE
3970,1,53,19,PASSENGER,FAILURE
3971,0,31,88,PASSENGER,SUCCESS
3972,0,58,28,PASSENGER,FAILURE
3973,1,49,22,PASSENGER,FAILURE
3974,1,34,22,CARGO,FAILURE
3975,0,39,31,CARGO,FAILURE
3976,0,19,62,PASSENGER,SUCCESS
3977,1,48,22,CARGO,FAILURE
3978,1,69,27,CARGO,FAILURE
3979,0,33,34,PASSENGER,SUCCESS
3980,1,64,35,PASSENGER,FAILURE
3981,1,25,76,CARGO,SUCCESS
3982,1,61,10,CARGO,FAILURE
3983,0,61,24,PASSENGER,FAILURE
3984,0,66,16,CARGO,FAILURE
3985,0,60,30,PASSENGER,FAILURE
3986,1,25,31,PASSENGER,SUCCESS
3987,1,39,81,PASSENGER,SUCCESS
3988,0,30,61,PASSENGER,SUCCESS
3989,1,66,28,CARGO,FAILURE
3990,0,30,61,CARGO,SUCCESS
3991,1,45,30,CARGO,FAILURE
3992,0,51,36,CARGO,FAILURE
3993,0,20,47,PASSENGER,SUCCESS
3994,1,56,10,CARGO,FAILURE
3995,1,25,56,PASSENGER,SUCCESS
3996,1,58,25,PASSENGER,FAILURE
3997,1,43,88,PASSENGER,SUCCESS
3998,1,35,35,PASSENGER,FAILURE
3999,0,19,79,CARGO,SUCCESS
4000,0,19,55,PASSENGER,SUCCESS
4001,1,23,45,CARGO,SUCCESS
4002,1,57,18,CARGO,FAILURE
4003,1,52,29,PASSENGER,FAILURE
4004,1,45,50,CARGO,SUCCESS
4005,1,67,17,CARGO,FAILURE
4006,1,45,94,PASSENGER,SUCCESS
4007,1,43,31,PASSENGER,SUCCESS
4008,1,42,8,PASSENGER,FAILURE
4009,1,18,74,PASSENGER,SUCCESS
4010,0,42,8,PASSENGER,FAILURE
4011,0,42,65,PASSENGER,SUCCESS
4012,0,46,6,CARGO,FAILURE
4013,0,42,9,CARGO,FAILURE
4014,1,26,88,PASSENGER,SUCCESS
4015,1,37,19,CARGO,FAILURE
4016,0,36,85,PASSENGER,SUCCESS
4017,0,19,64,PASSENGER,SUCCESS
4018,1,28,66,PASSENGER,SUCCESS
4019,1,18,89,PASSENGER,SUCCESS
4020,0,58,17,CARGO,FAILURE
4021,1,38,8,CARGO,FAILURE
4022,1,44,37,PASSENGER,SUCCESS
4023,0,53,9,CARGO,FAILURE
4024,0,42,23,PASSENGER,FAILURE
4025,1,33,44,PASSENGER,SUCCESS
4026,1,49,28,CARGO,FAILURE
4027,0,36,81,PASSENGER,SUCCESS
4028,0,49,34,PASSENGER,FAILURE
4029,0,33,85,PASSENGER,SUCCESS
4030,1,52,24,CARGO,FAILURE
4031,1,62,33,PASSENGER,FAILURE
4032,0,38,28,PASSENGER,FAILURE
4033,1,42,49,PASSENGER,SUCCESS
4034,0,40,13,CARGO,FAILURE
4035,0,58,29,CARGO,FAILURE
4036,1,20,61,PASSENGER,SUCCESS
4037,0,58,31,CARGO,FAILURE
4038,1,46,26,PASSENGER,FAILURE
4039,1,43,21,CARGO,FAILURE
4040,1,67,24,CARGO,FAILURE
4041,1,37,30,PASSENGER,FAILURE
4042,1,65,21,CARGO,FAILURE
4043,1,45,8,CARGO,FAILURE
4044,0,32,88,PASSENGER,SUCCESS
4045,1,40,35,PASSENGER,SUCCESS
4046,0,33,11,CARGO,FAILURE
4047,0,37,41,PASSENGER,SUCCESS
4048,0,65,16,PASSENGER,FAILURE
4049,1,20,100,CARGO,SUCCESS
4050,1,60,19,CARGO,FAILURE
4051,0,68,24,PASSENGER,FAILURE
4052,0,31,30,CARGO,FAILURE
4053,0,49,27,PASSENGER,FAILURE
4054,0,51,11,CARGO,FAILURE
4055,0,34,39,CARGO,SUCCESS
4056,0,24,78,PASSENGER,SUCCESS
4057,0,34,30,PASSENGER,FAILURE
4058,0,57,14,CARGO,FAILURE
4059,0,31,28,PASSENGER,FAILURE
4060,1,22,61,CARGO,SUCCESS
4061,1,42,33,PASSENGER,SUCCESS
4062,0,42,9,CARGO,FAILURE
4063,0,31,70,PASSENGER,SUCCESS
4064,1,45,71,PASSENGER,SUCCESS
4065,1,19,37,PASSENGER,SUCCESS
4066,1,40,16,CARGO,FAILURE
4067,1,28,59,PASSENGER,SUCCESS
4068,1,41,13,CARGO,FAILURE
4069,1,33,34,CARGO,FAILURE
4070,1,70,18,CARGO,FAILURE
4071,0,59,14,CARGO,FAILURE
4072,0,45,16,PASSENGER,FAILURE
4073,0,43,18,CARGO,FAILURE
4074,1,39,44,PASSENGER,SUCCESS
4075,0,40,48,PASSENGER,SUCCESS
4076,0,53,6,PASSENGER,FAILURE
4077,0,27,53,PASSENGER,SUCCESS
4078,1,66,12,CARGO,FAILURE
4079,0,70,39,PASSENGER,FAILURE
4080,1,61,39,CARGO,FAILURE
4081,0,20,72,PASSENGER,SUCCESS
4082,0,54,18,PASSENGER,FAILURE
4083,1,33,87,CARGO,SUCCESS
4084,0,67,35,CARGO,FAILURE
4085,0,56,36,CARGO,FAILURE
4086,1,44,20,CARGO,FAILURE
4087,1,49,6,CARGO,FAILURE
4088,0,24,56,PASSENGER,SUCCESS
4089,1,43,78,CARGO,SUCCESS
4090,1,67,12,PASSENGER,FAILURE
4091,1,40,34,CARGO,FAILURE
4092,1,33,49,PASSENGER,SUCCESS
4093,1,64,23,CARGO,FAILURE
4094,0,44,52,CARGO,SUCCESS
4095,1,59,34,CARGO,FAILURE
4096,0,49,22,CARGO,FAILURE
4097,1,39,60,PASSENGER,SUCCESS
4098,0,61,29,PASSENGER,FAILURE
4099,0,36,70,PASSENGER,SUCCESS
4100,0,37,90,PASSENGER,SUCCESS
4101,0,59,22,CARGO,FAILURE
4102,1,50,16,CARGO,FAILURE
4103,1,33,40,CARGO,FAILURE
4104,1,60,7,CARGO,FAILURE
4105,1,65,27,CARGO,FAILURE
4106,1,23,49,PASSENGER,SUCCESS
4107,1,51,5,CARGO,FAILURE
4108,1,21,66,PASSENGER,SUCCESS
4109,0,60,12,PASSENGER,FAILURE
4110,0,26,92,PASSENGER,SUCCESS
4111,1,35,12,PASSENGER,FAILURE
4112,0,35,68,PASSENGER,SUCCESS
4113,1,44,34,PASSENGER,SUCCESS
4114,1,29,72,PASSENGER,SUCCESS
4115,1,23,70,PASSENGER,SUCCESS
4116,1,30,28,CARGO,FAILURE
4117,0,30,87,PASSENGER,SUCCESS
4118,0,53,35,CARGO,FAILURE
4119,1,24,45,PASSENGER,SUCCESS
4120,1,33,17,PASSENGER,FAILURE
4121,0,31,26,CARGO,FAILURE
4122,0,34,92,PASSENGER,SUCCESS
4123,0,51,24,PASSENGER,FAILURE
4124,0,23,67,PASSENGER,SUCCESS
4125,0,36,53,PASSENGER,SUCCESS
4126,0,25,48,PASSENGER,SUCCESS
4127,0,40,46,PASSENGER,SUCCESS
4128,1,39,86,PASSENGER,SUCCESS
4129,0,68,33,CARGO,FAILURE
4130,0,48,17,CARGO,FAILURE
4131,1,23,100,CARGO,SUCCESS
4132,0,63,39,CARGO,FAILURE
4133,0,43,23,PASSENGER,FAILURE
4134,1,55,34,CARGO,FAILURE
4135,1,38,85,PASSENGER,SUCCESS
4136,1,23,87,PASSENGER,SUCCESS
4137,1,49,39,CARGO,FAILURE
4138,0,60,22,PASSENGER,FAILURE
4139,1,29,92,PASSENGER,SUCCESS
4140,0,33,62,PASSENGER,SUCCESS
4141,0,34,42,PASSENGER,SUCCESS
4142,0,42,32,PASSENGER,FAILURE
4143,1,60,7,PASSENGER,FAILURE
4144,0,32,62,PASSENGER,SUCCESS
4145,1,37,100,PASSENGER,SUCCESS
4146,0,67,14,CARGO,FAILURE
4147,1,22,85,PASSENGER,SUCCESS
4148,1,20,38,PASSENGER,SUCCESS
4149,0,46,30,CARGO,FAILURE
4150,1,51,26,CARGO,FAILURE
4151,1,65,35,PASSENGER,FAILURE
4152,1,46,20,CARGO,FAILURE
4153,0,55,38,CARGO,FAILURE
4154,1,65,15,CARGO,FAILURE
4155,0,41,47,PASSENGER,SUCCESS
4156,0,49,19,CARGO,FAILURE
4157,1,45,13,CARGO,FAILURE
4158,1,35,38,PASSENGER,FAILURE
4159,1,22,77,PASSENGER,SUCCESS
4160,0,67,17,CARGO,FAILURE
4161,0,68,33,CARGO,FAILURE
4162,1,32,71,PASSENGER,SUCCESS
4163,0,53,30,CARGO,FAILURE
4164,0,23,88,PASSENGER,SUCCESS
4165,1,56,13,CARGO,FAILURE
4166,1,30,100,CARGO,SUCCESS
4167,0,19,76,CARGO,SUCCESS
4168,0,56,34,PASSENGER,FAILURE
4169,0,39,8,PASSENGER,FAILURE
4170,0,30,27,CARGO,FAILURE
4171,0,31,36,CARGO,FAILURE
4172,1,28,68,PASSENGER,SUCCESS
4173,0,38,50,PASSENGER,SUCCESS
4174,1,61,9,CARGO,FAILURE
4175,1,39,34,PASSENGER,SUCCESS
4176,0,56,39,CARGO,FAILURE
4177,1,37,36,CARGO,FAILURE
4178,0,31,27,CARGO,FAILURE
4179,0,42,61,PASSENGER,SUCCESS
4180,0,59,13,PASSENGER,FAILURE
4181,1,66,34,PASSENGER,FAILURE
4182,0,57,15,CARGO,FAILURE
4183,0,57,33,CARGO,FAILURE
4184,0,54,17,PASSENGER,FAILURE
4185,1,41,12,CARGO,FAILURE
4186,1,23,92,PASSENGER,SUCCESS
4187,1,34,32,CARGO,FAILURE
4188,1,23,82,PASSENGER,SUCCESS
4189,1,58,39,CARGO,FAILURE
4190,0,38,48,PASSENGER,SUCCESS
4191,1,66,38,PASSENGER,FAILURE
4192,1,28,65,CARGO,SUCCESS
4193,1,54,24,CARGO,FAILURE
4194,1,41,44,PASSENGER,SUCCESS
4195,0,41,23,CARGO,FAILURE
4196,1,38,43,PASSENGER,SUCCESS
4197,1,59,36,CARGO,FAILURE
4198,0,59,22,PASSENGER,FAILURE
4199,1,70,34,PASSENGER,FAILURE
4200,0,20,70,CARGO,SUCCESS
4201,0,31,67,PASSENGER,SUCCESS
4202,1,58,38,CARGO,FAILURE
4203,1,54,22,CARGO,FAILURE
4204,0,38,33,PASSENGER,FAILURE
4205,0,28,90,PASSENGER,SUCCESS
4206,0,43,29,CARGO,FAILURE
4207,0,49,20,PASSENGER,FAILURE
4208,1,27,32,PASSENGER,SUCCESS
4209,1,53,7,CARGO,FAILURE
4210,1,65,11,CARGO,FAILURE
4211,1,49,30,CARGO,FAILURE
4212,0,41,62,PASSENGER,SUCCESS
4213,0,66,8,CARGO,FAILURE
4214,1,26,60,PASSENGER,SUCCESS
4215,0,47,31,PASSENGER,FAILURE
4216,1,41,5,CARGO,FAILURE
4217,1,45,14,CARGO,FAILURE
4218,1,29,100,CARGO,SUCCESS
4219,0,23,47,PASSENGER,SUCCESS
4220,1,41,88,PASSENGER,SUCCESS
4221,1,66,5,CARGO,FAILURE
4222,0,42,16,CARGO,FAILURE
4223,1,56,17,CARGO,FAILURE
4224,1,26,44,PASSENGER,SUCCESS
4225,1,43,5,CARGO,FAILURE
4226,1,60,18,CARGO,FAILURE
4227,1,38,95,PASSENGER,SUCCESS
4228,1,31,83,PASSENGER,SUCCESS
4229,1,33,8,CARGO,FAILURE
4230,1,45,58,PASSENGER,SUCCESS
4231,1,24,82,PASSENGER,SUCCESS
4232,0,56,34,CARGO,FAILURE
4233,0,48,28,PASSENGER,FAILURE
4234,0,33,27,CARGO,FAILURE
4235,0,48,30,CARGO,FAILURE
4236,1,24,36,PASSENGER,SUCCESS
4237,1,43,97,PASSENGER,SUCCESS
4238,0,35,9,CARGO,FAILURE
4239,1,35,76,PASSENGER,SUCCESS
4240,1,36,6,CARGO,FAILURE
4241,1,21,98,PASSENGER,SUCCESS
4242,0,56,27,PASSENGER,FAILURE
4243,0,27,43,PASSENGER,SUCCESS
4244,0,36,16,CARGO,FAILURE
4245,1,42,86,PASSENGER,SUCCESS
4246,1,31,56,PASSENGER,SUCCESS
4247,1,39,26,CARGO,FAILURE
4248,1,20,79,PASSENGER,SUCCESS
4249,0,18,46,PASSENGER,SUCCESS
4250,0,44,54,CARGO,SUCCESS
4251,0,41,14,CARGO,FAILURE
4252,0,68,17,CARGO,FAILURE
4253,1,39,47,PASSENGER,SUCCESS
4254,0,56,5,PASSENGER,FAILURE
4255,1,69,5,PASSENGER,FAILURE
4256,0,39,24,CARGO,FAILURE
4257,1,57,11,CARGO,FAILURE
4258,0,52,28,PASSENGER,FAILURE
4259,0,44,75,PASSENGER,SUCCESS
4260,0,39,68,PASSENGER,SUCCESS
4261,0,58,30,CARGO,FAILURE
4262,0,47,36,PASSENGER,FAILURE
4263,0,59,36,CARGO,FAILURE
4264,1,39,85,PASSENGER,SUCCESS
4265,1,45,55,PASSENGER,SUCCESS
4266,1,49,7,CARGO,FAILURE
4267,0,34,10,CARGO,FAILURE
4268,0,47,32,CARGO,FAILURE
4269,1,32,17,CARGO,FAILURE
4270,0,35,46,PASSENGER,SUCCESS
4271,0,63,36,CARGO,FAILURE
4272,1,64,30,PASSENGER,FAILURE
4273,1,39,74,PASSENGER,SUCCESS
4274,0,43,9,CARGO,FAILURE
4275,0,56,15,PASSENGER,FAILURE
4276,0,30,44,PASSENGER,SUCCESS
4277,0,47,31,CARGO,FAILURE
4278,0,30,25,PASSENGER,FAILURE
4279,1,38,50,PASSENGER,SUCCESS
4280,1,64,17,PASSENGER,FAILURE
4281,0,31,69,PASSENGER,SUCCESS
4282,0,62,33,CARGO,FAILURE
4283,0,21,74,PASSENGER,SUCCESS
4284,0,21,80,PASSENGER,SUCCESS
4285,0,37,61,CARGO,SUCCESS
4286,0,31,30,CARGO,FAILURE
4287,0,26,90,PASSENGER,SUCCESS
4288,1,30,7,CARGO,FAILURE
4289,0,42,51,PASSENGER,SUCCESS
4290,1,37,77,PASSENGER,SUCCESS
4291,0,60,7,CARGO,FAILURE
4292,0,34,36,PASSENGER,FAILURE
4293,1,33,40,PASSENGER,SUCCESS
4294,1,21,35,PASSENGER,SUCCESS
4295,1,44,62,PASSENGER,SUCCESS
4296,1,33,18,CARGO,FAILURE
4297,0,36,81,CARGO,SUCCESS
4298,1,21,30,CARGO,SUCCESS
4299,0,60,27,PASSENGER,FAILURE
4300,1,66,7,PASSENGER,FAILURE
4301,0,29,85,CARGO,SUCCESS
4302,0,45,41,PASSENGER,SUCCESS
4303,0,64,40,PASSENGER,FAILURE
4304,1,37,19,PASSENGER,FAILURE
4305,0,65,10,CARGO,FAILURE
4306,1,54,33,CARGO,FAILURE
4307,1,34,85,CARGO,SUCCESS
4308,0,24,51,PASSENGER,SUCCESS
4309,1,20,84,PASSENGER,SUCCESS
4310,0,20,86,PASSENGER,SUCCESS
4311,0,60,32,PASSENGER,FAILURE
4312,0,30,37,CARGO,FAILURE
4313,1,67,28,CARGO,FAILURE
4314,0,56,29,CARGO,FAILURE
4315,1,34,22,PASSENGER,FAILURE
4316,1,68,35,CARGO,FAILURE
4317,1,50,32,CARGO,FAILURE
4318,0,32,61,PASSENGER,SUCCESS
4319,0,19,75,PASSENGER,SUCCESS
4320,0,65,39,PASSENGER,FAILURE
4321,0,63,27,PASSENGER,FAILURE
4322,1,29,52,PASSENGER,SUCCESS
4323,0,61,15,PASSENGER,FAILURE
4324,1,32,6,PASSENGER,FAILURE
4325,1,35,38,CARGO,FAILURE
4326,0,67,24,CARGO,FAILURE
4327,0,25,41,PASSENGER,SUCCESS
4328,1,45,16,CARGO,FAILURE
4329,0,56,26,CARGO,FAILURE
4330,0,43,8,PASSENGER,FAILURE
4331,0,51,9,CARGO,FAILURE
4332,0,38,49,PASSENGER,SUCCESS
4333,1,68,8,CARGO,FAILURE
4334,0,22,49,PASSENGER,SUCCESS
4335,1,38,74,PASSENGER,SUCCESS
4336,1,41,89,PASSENGER,SUCCESS
4337,1,65,26,PASSENGER,FAILURE
4338,1,68,25,CARGO,FAILURE
4339,1,63,14,CARGO,FAILURE
4340,1,33,19,PASSENGER,FAILURE
4341,1,61,5,PASSENGER,FAILURE
4342,0,40,51,PASSENGER,SUCCESS
4343,1,32,81,CARGO,SUCCESS
4344,1,26,34,PASSENGER,SUCCESS
4345,0,57,35,PASSENGER,FAILURE
4346,0,39,54,PASSENGER,SUCCESS
4347,1,53,16,CARGO,FAILURE
4348,1,50,9,PASSENGER,FAILURE
4349,0,57,26,CARGO,FAILURE
4350,1,64,31,PASSENGER,FAILURE
4351,0,35,21,CARGO,FAILURE
4352,1,39,19,PASSENGER,FAILURE
4353,1,32,22,CARGO,FAILURE
4354,1,20,69,PASSENGER,SUCCESS
4355,0,31,63,PASSENGER,SUCCESS
4356,0,41,34,CARGO,FAILURE
4357,0,48,39,CARGO,FAILURE
4358,0,46,7,CARGO,FAILURE
4359,1,54,36,PASSENGER,FAILURE
4360,0,24,79,CARGO,SUCCESS
4361,1,33,27,CARGO,FAILURE
4362,0,20,46,PASSENGER,SUCCESS
4363,1,33,46,PASSENGER,SUCCESS
4364,0,50,5,PASSENGER,FAILURE
4365,1,22,43,PASSENGER,SUCCESS
4366,0,45,64,PASSENGER,SUCCESS
4367,1,44,45,PASSENGER,SUCCESS
4368,1,22,52,CARGO,SUCCESS
4369,0,18,65,PASSENGER,SUCCESS
4370,0,27,33,PASSENGER,SUCCESS
4371,1,33,41,PASSENGER,SUCCESS
4372,0,63,23,CARGO,FAILURE
4373,0,40,8,CARGO,FAILURE
4374,1,56,21,CARGO,FAILURE
4375,0,70,39,PASSENGER,FAILURE
4376,1,64,14,PASSENGER,FAILURE
4377,1,43,32,CARGO,FAILURE
4378,1,42,65,PASSENGER,SUCCESS
4379,1,38,73,PASSENGER,SUCCESS
4380,0,61,21,CARGO,FAILURE
4381,0,30,91,PASSENGER,SUCCESS
4382,0,51,17,CARGO,FAILURE
4383,1,57,23,CARGO,FAILURE
4384,1,39,11,PASSENGER,FAILURE
4385,0,45,16,CARGO,FAILURE
4386,0,64,34,CARGO,FAILURE
4387,0,21,95,PASSENGER,SUCCESS
4388,0,49,9,PASSENGER,FAILURE
4389,1,35,15,CARGO,FAILURE
4390,0,42,89,PASSENGER,SUCCESS
4391,1,18,92,PASSENGER,SUCCESS
4392,0,48,31,CARGO,FAILURE
4393,1,48,7,CARGO,FAILURE
4394,0,46,32,CARGO,FAILURE
4395,1,45,96,PASSENGER,SUCCESS
4396,1,18,73,PASSENGER,SUCCESS
4397,1,50,18,CARGO,FAILURE
4398,0,31,76,PASSENGER,SUCCESS
4399,1,35,14,CARGO,FAILURE
4400,1,30,59,CARGO,SUCCESS
4401,1,46,5,CARGO,FAILURE
4402,0,40,15,PASSENGER,FAILURE
4403,0,69,38,PASSENGER,FAILURE
4404,1,42,44,CARGO,SUCCESS
4405,0,66,29,CARGO,FAILURE
4406,1,29,42,PASSENGER,SUCCESS
4407,1,27,49,PASSENGER,SUCCESS
4408,0,26,47,CARGO,SUCCESS
4409,0,51,35,CARGO,FAILURE
4410,1,42,32,CARGO,FAILURE
4411,1,67,35,CARGO,FAILURE
4412,0,68,29,CARGO,FAILURE
4413,1,30,57,PASSENGER,SUCCESS
4414,0,64,28,PASSENGER,FAILURE
4415,1,41,47,CARGO,SUCCESS
4416,1,38,88,PASSENGER,SUCCESS
4417,0,30,30,CARGO,SUCCESS
4418,1,38,46,CARGO,SUCCESS
4419,0,64,13,CARGO,FAILURE
4420,0,47,9,PASSENGER,FAILURE
4421,0,37,32,CARGO,FAILURE
4422,0,46,35,PASSENGER,FAILURE
4423,1,33,64,PASSENGER,SUCCESS
4424,0,51,38,PASSENGER,FAILURE
4425,1,54,28,PASSENGER,FAILURE
4426,1,39,40,CARGO,FAILURE
4427,0,43,5,CARGO,FAILURE
4428,1,29,55,CARGO,SUCCESS
4429,0,25,81,PASSENGER,FAILURE
4430,0,19,91,CARGO,FAILURE
4431,1,37,19,CARGO,SUCCESS
4432,0,35,59,CARGO,FAILURE
4433,0,24,58,PASSENGER,SUCCESS
4434,1,39,11,CARGO,FAILURE
4435,0,45,77,PASSENGER,FAILURE
4436,0,41,11,PASSENGER,SUCCESS
4437,1,34,96,PASSENGER,SUCCESS
4438,1,41,7,PASSENGER,SUCCESS
4439,1,47,6,PASSENGER,FAILURE
4440,1,30,40,CARGO,FAILURE
4441,0,32,38,PASSENGER,FAILURE
4442,1,37,55,PASSENGER,SUCCESS
4443,1,43,12,CARGO,SUCCESS
4444,1,37,48,PASSENGER,SUCCESS
4445,0,58,40,CARGO,FAILURE
4446,1,70,25,CARGO,FAILURE
4447,0,63,17,PASSENGER,FAILURE
4448,0,27,62,CARGO,SUCCESS
4449,1,52,27,PASSENGER,FAILURE
4450,1,45,48,PASSENGER,SUCCESS
4451,1,41,19,PASSENGER,FAILURE
4452,1,58,14,CARGO,FAILURE
4453,1,60,13,CARGO,FAILURE
4454,0,33,8,PASSENGER,FAILURE
4455,0,33,39,CARGO,FAILURE
4456,0,20,91,PASSENGER,SUCCESS
4457,0,44,29,CARGO,FAILURE
4458,0,62,30,CARGO,FAILURE
4459,1,56,11,PASSENGER,FAILURE
4460,1,45,77,PASSENGER,SUCCESS
4461,0,62,9,PASSENGER,FAILURE
4462,0,35,79,PASSENGER,SUCCESS
4463,1,35,27,PASSENGER,FAILURE
4464,0,40,93,PASSENGER,SUCCESS
4465,0,50,19,CARGO,FAILURE
4466,0,41,18,CARGO,FAILURE
4467,1,39,32,CARGO,FAILURE
4468,1,58,13,PASSENGER,FAILURE
4469,0,64,36,PASSENGER,FAILURE
4470,1,22,30,PASSENGER,SUCCESS
4471,1,49,37,CARGO,FAILURE
4472,0,32,40,PASSENGER,FAILURE
4473,1,48,28,CARGO,FAILURE
4474,0,55,10,CARGO,FAILURE
4475,0,25,75,PASSENGER,SUCCESS
4476,0,42,32,CARGO,FAILURE
4477,0,27,48,CARGO,SUCCESS
4478,0,53,24,PASSENGER,FAILURE
4479,1,45,76,PASSENGER,SUCCESS
4480,1,42,77,PASSENGER,SUCCESS
4481,1,38,29,PASSENGER,FAILURE
4482,1,41,31,CARGO,FAILURE
4483,1,31,30,PASSENGER,FAILURE
4484,1,34,70,PASSENGER,SUCCESS
4485,0,41,9,CARGO,FAILURE
4486,1,36,40,CARGO,FAILURE
4487,1,36,5,PASSENGER,FAILURE
4488,0,62,14,PASSENGER,FAILURE
4489,0,25,74,CARGO,SUCCESS
4490,1,60,30,CARGO,FAILURE
4491,0,58,30,PASSENGER,FAILURE
4492,1,44,84,CARGO,SUCCESS
4493,0,66,28,CARGO,FAILURE
4494,1,27,30,PASSENGER,SUCCESS
4495,0,60,21,CARGO,FAILURE
4496,0,51,39,PASSENGER,FAILURE
4497,1,63,32,CARGO,FAILURE
4498,0,35,26,PASSENGER,FAILURE
4499,1,42,40,PASSENGER,SUCCESS
4500,1,19,84,PASSENGER,SUCCESS
4501,1,30,11,CARGO,FAILURE
4502,0,59,18,CARGO,FAILURE
4503,0,21,80,CARGO,SUCCESS
4504,1,30,44,PASSENGER,SUCCESS
4505,0,33,21,CARGO,FAILURE
4506,0,35,7,CARGO,FAILURE
4507,0,45,20,CARGO,FAILURE
4508,1,44,71,PASSENGER,SUCCESS
4509,1,24,86,CARGO,SUCCESS
4510,1,43,32,CARGO,FAILURE
4511,0,54,32,PASSENGER,FAILURE
4512,1,31,23,CARGO,FAILURE
4513,0,29,43,PASSENGER,SUCCESS
4514,1,24,76,PASSENGER,SUCCESS
4515,0,62,40,CARGO,FAILURE
4516,1,23,99,PASSENGER,SUCCESS
4517,0,25,66,PASSENGER,SUCCESS
4518,0,38,18,CARGO,FAILURE
4519,0,66,21,PASSENGER,FAILURE
4520,1,37,20,CARGO,FAILURE
4521,0,61,12,CARGO,FAILURE
4522,1,28,65,PASSENGER,SUCCESS
4523,1,70,30,CARGO,FAILURE
4524,0,54,24,CARGO,FAILURE
4525,1,28,88,PASSENGER,SUCCESS
4526,1,42,30,PASSENGER,FAILURE
4527,1,31,14,PASSENGER,FAILURE
4528,0,34,32,CARGO,FAILURE
4529,0,24,86,PASSENGER,SUCCESS
4530,1,38,45,PASSENGER,SUCCESS
4531,0,69,30,PASSENGER,FAILURE
4532,0,33,22,PASSENGER,FAILURE
4533,0,36,77,PASSENGER,SUCCESS
4534,0,38,24,CARGO,FAILURE
4535,0,49,23,PASSENGER,FAILURE
4536,1,27,67,PASSENGER,SUCCESS
4537,0,37,6,CARGO,FAILURE
4538,0,47,32,CARGO,FAILURE
4539,1,44,91,PASSENGER,SUCCESS
4540,0,38,16,PASSENGER,FAILURE
4541,0,57,8,CARGO,FAILURE
4542,1,32,15,CARGO,FAILURE
4543,0,45,65,PASSENGER,SUCCESS
4544,0,42,84,PASSENGER,SUCCESS
4545,1,23,54,PASSENGER,SUCCESS
4546,1,28,69,PASSENGER,SUCCESS
4547,1,69,11,PASSENGER,FAILURE
4548,1,58,12,PASSENGER,FAILURE
4549,0,34,88,PASSENGER,SUCCESS
4550,0,61,32,PASSENGER,FAILURE
4551,1,59,25,PASSENGER,FAILURE
4552,0,39,24,CARGO,FAILURE
4553,0,38,59,CARGO,SUCCESS
4554,0,34,50,PASSENGER,SUCCESS
4555,1,45,13,CARGO,FAILURE
4556,0,37,57,PASSENGER,SUCCESS
4557,1,44,20,CARGO,FAILURE
4558,0,34,33,PASSENGER,SUCCESS
4559,1,23,83,PASSENGER,SUCCESS
4560,0,37,18,CARGO,FAILURE
4561,1,61,31,PASSENGER,FAILURE
4562,0,50,38,CARGO,FAILURE
4563,1,32,38,CARGO,FAILURE
4564,1,20,36,CARGO,SUCCESS
4565,1,31,38,CARGO,FAILURE
4566,1,38,91,PASSENGER,SUCCESS
4567,1,35,42,PASSENGER,SUCCESS
4568,1,51,32,PASSENGER,FAILURE
4569,1,45,49,CARGO,SUCCESS
4570,0,54,8,PASSENGER,FAILURE
4571,1,59,5,CARGO,FAILURE
4572,1,23,30,PASSENGER,SUCCESS
4573,0,37,56,PASSENGER,SUCCESS
4574,0,31,93,CARGO,SUCCESS
4575,1,48,36,PASSENGER,FAILURE
4576,1,36,11,CARGO,FAILURE
4577,0,41,31,PASSENGER,FAILURE
4578,1,32,42,PASSENGER,SUCCESS
4579,0,30,72,PASSENGER,SUCCESS
4580,1,60,36,PASSENGER,FAILURE
4581,0,70,30,CARGO,FAILURE
4582,0,25,88,PASSENGER,SUCCESS
4583,0,35,77,PASSENGER,SUCCESS
4584,1,43,33,PASSENGER,SUCCESS
4585,0,21,88,PASSENGER,SUCCESS
4586,1,45,96,PASSENGER,SUCCESS
4587,1,48,35,PASSENGER,FAILURE
4588,0,29,88,PASSENGER,SUCCESS
4589,0,19,45,PASSENGER,SUCCESS
4590,1,69,36,PASSENGER,FAILURE
4591,1,36,39,CARGO,FAILURE
4592,1,30,28,PASSENGER,FAILURE
4593,0,58,11,CARGO,FAILURE
4594,1,42,90,CARGO,SUCCESS
4595,0,22,96,PASSENGER,SUCCESS
4596,1,37,80,PASSENGER,SUCCESS
4597,1,20,45,PASSENGER,SUCCESS
4598,0,58,26,PASSENGER,FAILURE
4599,0,65,8,PASSENGER,FAILURE
4600,0,37,46,PASSENGER,SUCCESS
4601,0,31,45,PASSENGER,SUCCESS
4602,0,51,32,CARGO,FAILURE
4603,0,18,83,CARGO,SUCCESS
4604,1,19,34,PASSENGER,SUCCESS
4605,0,70,7,CARGO,FAILURE
4606,0,52,35,CARGO,FAILURE
4607,0,32,32,CARGO,FAILURE
4608,1,67,5,CARGO,FAILURE
4609,0,68,37,PASSENGER,FAILURE
4610,1,41,82,PASSENGER,SUCCESS
4611,1,62,14,CARGO,FAILURE
4612,1,23,93,PASSENGER,SUCCESS
4613,1,45,23,CARGO,FAILURE
4614,0,26,73,PASSENGER,SUCCESS
4615,0,44,67,PASSENGER,SUCCESS
4616,0,60,11,PASSENGER,FAILURE
4617,0,59,12,CARGO,FAILURE
4618,0,44,91,PASSENGER,SUCCESS
4619,0,53,34,PASSENGER,FAILURE
4620,0,20,88,PASSENGER,SUCCESS
4621,0,59,31,PASSENGER,FAILURE
4622,1,57,14,CARGO,FAILURE
4623,1,44,66,CARGO,SUCCESS
4624,1,70,24,CARGO,FAILURE
4625,1,46,17,PASSENGER,FAILURE
4626,1,40,6,CARGO,FAILURE
4627,1,45,98,CARGO,SUCCESS
4628,1,58,10,PASSENGER,FAILURE
4629,0,58,11,CARGO,FAILURE
4630,0,47,31,CARGO,FAILURE
4631,1,36,11,PASSENGER,FAILURE
4632,1,33,21,CARGO,FAILURE
4633,1,56,31,PASSENGER,FAILURE
4634,0,56,19,CARGO,FAILURE
4635,0,35,29,CARGO,FAILURE
4636,1,36,71,PASSENGER,SUCCESS
4637,0,34,11,PASSENGER,FAILURE
4638,0,67,40,PASSENGER,FAILURE
4639,0,62,15,PASSENGER,FAILURE
4640,0,61,17,CARGO,FAILURE
4641,1,31,86,CARGO,SUCCESS
4642,0,41,97,PASSENGER,SUCCESS
4643,0,35,15,CARGO,FAILURE
4644,1,67,26,CARGO,FAILURE
4645,0,56,21,CARGO,FAILURE
4646,1,33,95,CARGO,SUCCESS
4647,1,18,44,PASSENGER,SUCCESS
4648,1,60,24,CARGO,FAILURE
4649,0,34,23,PASSENGER,FAILURE
4650,1,42,40,PASSENGER,FAILURE
4651,0,66,15,CARGO,FAILURE
4652,0,19,64,PASSENGER,SUCCESS
4653,0,37,97,PASSENGER,SUCCESS
4654,1,32,88,PASSENGER,SUCCESS
4655,1,41,18,CARGO,FAILURE
4656,1,29,68,PASSENGER,SUCCESS
4657,0,50,30,CARGO,FAILURE
4658,0,31,39,PASSENGER,SUCCESS
4659,0,30,96,PASSENGER,SUCCESS
4660,1,54,20,CARGO,FAILURE
4661,0,67,40,PASSENGER,FAILURE
4662,1,61,23,CARGO,FAILURE
4663,1,52,8,PASSENGER,FAILURE
4664,1,56,6,PASSENGER,FAILURE
4665,0,48,29,CARGO,FAILURE
4666,0,46,40,PASSENGER,FAILURE
4667,1,44,96,PASSENGER,SUCCESS
4668,0,27,36,PASSENGER,SUCCESS
4669,1,46,25,CARGO,FAILURE
4670,1,27,68,PASSENGER,SUCCESS
4671,1,65,35,CARGO,FAILURE
4672,0,62,15,CARGO,FAILURE
4673,1,42,32,PASSENGER,FAILURE
4674,0,45,64,PASSENGER,SUCCESS
4675,0,38,7,CARGO,FAILURE
4676,0,30,5,PASSENGER,FAILURE
4677,1,52,39,CARGO,SUCCESS
4678,0,28,84,PASSENGER,FAILURE
4679,1,24,39,CARGO,SUCCESS
4680,0,38,53,PASSENGER,FAILURE
4681,1,27,35,PASSENGER,FAILURE
4682,1,43,90,PASSENGER,SUCCESS
4683,1,18,92,PASSENGER,SUCCESS
4684,1,40,27,CARGO,SUCCESS
4685,1,42,24,CARGO,FAILURE
4686,0,69,36,CARGO,FAILURE
4687,1,22,75,PASSENGER,FAILURE
4688,1,60,16,CARGO,SUCCESS
4689,0,64,19,CARGO,SUCCESS
4690,0,33,40,CARGO,FAILURE
4691,1,49,33,CARGO,FAILURE
4692,0,61,38,CARGO,FAILURE
4693,0,51,18,CARGO,FAILURE
4694,0,44,53,CARGO,SUCCESS
4695,1,59,39,CARGO,FAILURE
4696,1,23,31,PASSENGER,SUCCESS
4697,0,42,33,PASSENGER,SUCCESS
4698,0,31,9,PASSENGER,FAILURE
4699,0,27,34,PASSENGER,SUCCESS
4700,1,44,78,PASSENGER,SUCCESS
4701,1,58,7,CARGO,FAILURE
4702,1,23,32,PASSENGER,SUCCESS
4703,0,31,38,CARGO,FAILURE
4704,1,19,100,CARGO,SUCCESS
4705,1,64,22,CARGO,FAILURE
4706,1,34,26,CARGO,FAILURE
4707,0,28,100,CARGO,SUCCESS
4708,0,30,35,CARGO,FAILURE
4709,0,44,32,PASSENGER,SUCCESS
4710,0,29,95,PASSENGER,SUCCESS
4711,1,59,30,CARGO,FAILURE
4712,0,51,30,CARGO,FAILURE
4713,1,35,45,PASSENGER,SUCCESS
4714,0,18,65,PASSENGER,SUCCESS
4715,1,27,49,PASSENGER,SUCCESS
4716,0,39,8,CARGO,FAILURE
4717,1,46,28,PASSENGER,FAILURE
4718,1,69,20,CARGO,FAILURE
4719,0,56,36,CARGO,FAILURE
4720,0,66,23,CARGO,FAILURE
4721,0,26,57,PASSENGER,SUCCESS
4722,1,67,36,PASSENGER,FAILURE
4723,0,67,32,CARGO,FAILURE
4724,1,30,78,PASSENGER,SUCCESS
4725,1,67,27,CARGO,FAILURE
4726,1,23,39,PASSENGER,SUCCESS
4727,0,50,39,CARGO,FAILURE
4728,0,59,34,CARGO,FAILURE
4729,0,38,69,PASSENGER,SUCCESS
4730,1,45,48,PASSENGER,SUCCESS
4731,0,61,38,CARGO,FAILURE
4732,0,35,62,CARGO,SUCCESS
4733,0,36,20,CARGO,FAILURE
4734,0,44,62,PASSENGER,SUCCESS
4735,0,41,27,PASSENGER,FAILURE
4736,0,26,58,PASSENGER,SUCCESS
4737,0,52,8,PASSENGER,FAILURE
4738,1,21,58,PASSENGER,SUCCESS
4739,0,51,10,PASSENGER,FAILURE
4740,1,64,22,PASSENGER,FAILURE
4741,0,46,20,PASSENGER,FAILURE
4742,1,30,38,PASSENGER,SUCCESS
4743,0,29,30,CARGO,SUCCESS
4744,0,27,60,CARGO,SUCCESS
4745,0,33,32,CARGO,FAILURE
4746,0,35,98,PASSENGER,SUCCESS
4747,1,26,82,PASSENGER,SUCCESS
4748,0,21,49,CARGO,SUCCESS
4749,0,43,73,PASSENGER,SUCCESS
4750,1,51,38,PASSENGER,FAILURE
4751,0,23,44,PASSENGER,SUCCESS
4752,0,55,10,CARGO,FAILURE
4753,0,51,25,PASSENGER,FAILURE
4754,0,38,75,PASSENGER,SUCCESS
4755,0,67,38,CARGO,FAILURE
4756,1,35,9,PASSENGER,FAILURE
4757,0,31,11,CARGO,FAILURE
4758,1,39,37,CARGO,FAILURE
4759,1,30,22,CARGO,FAILURE
4760,1,44,20,CARGO,FAILURE
4761,1,26,85,PASSENGER,SUCCESS
4762,0,43,21,CARGO,FAILURE
4763,0,32,70,PASSENGER,SUCCESS
4764,1,50,7,CARGO,FAILURE
4765,0,18,60,PASSENGER,SUCCESS
4766,1,19,92,PASSENGER,SUCCESS
4767,0,47,6,CARGO,FAILURE
4768,1,33,12,PASSENGER,FAILURE
4769,0,37,83,PASSENGER,SUCCESS
4770,0,53,39,CARGO,FAILURE
4771,1,55,19,CARGO,FAILURE
4772,0,18,33,PASSENGER,SUCCESS
4773,0,44,37,PASSENGER,SUCCESS
4774,1,69,28,CARGO,FAILURE
4775,1,60,35,CARGO,FAILURE
4776,0,33,94,PASSENGER,SUCCESS
4777,0,19,61,PASSENGER,SUCCESS
4778,0,55,13,CARGO,FAILURE
4779,0,60,33,CARGO,FAILURE
4780,0,38,74,PASSENGER,SUCCESS
4781,1,47,23,CARGO,FAILURE
4782,0,21,62,PASSENGER,SUCCESS
4783,0,58,19,CARGO,FAILURE
4784,0,35,71,PASSENGER,SUCCESS
4785,1,50,22,PASSENGER,FAILURE
4786,1,41,81,PASSENGER,SUCCESS
4787,1,50,5,PASSENGER,FAILURE
4788,1,57,28,CARGO,FAILURE
4789,0,52,36,CARGO,FAILURE
4790,0,30,25,CARGO,FAILURE
4791,1,70,27,CARGO,FAILURE
4792,1,57,20,PASSENGER,FAILURE
4793,0,21,67,PASSENGER,SUCCESS
4794,1,31,36,PASSENGER,FAILURE
4795,0,55,17,CARGO,FAILURE
4796,1,40,66,PASSENGER,SUCCESS
4797,0,40,9,CARGO,FAILURE
4798,0,32,21,CARGO,FAILURE
4799,1,36,97,PASSENGER,SUCCESS
4800,1,24,70,CARGO,SUCCESS
4801,0,67,17,CARGO,FAILURE
4802,1,33,79,CARGO,SUCCESS
4803,1,68,35,PASSENGER,FAILURE
4804,1,26,57,PASSENGER,SUCCESS
4805,0,36,68,CARGO,SUCCESS
4806,0,31,16,CARGO,FAILURE
4807,1,50,13,CARGO,FAILURE
4808,0,42,45,PASSENGER,SUCCESS
4809,1,20,65,PASSENGER,SUCCESS
4810,1,27,63,PASSENGER,SUCCESS
4811,0,43,11,CARGO,FAILURE
4812,0,33,27,PASSENGER,FAILURE
4813,1,67,37,PASSENGER,FAILURE
4814,1,33,13,PASSENGER,FAILURE
4815,0,32,16,PASSENGER,FAILURE
4816,1,45,95,PASSENGER,SUCCESS
4817,1,33,36,PASSENGER,SUCCESS
4818,1,43,50,PASSENGER,SUCCESS
4819,0,34,73,PASSENGER,SUCCESS
4820,0,44,33,CARGO,FAILURE
4821,1,49,28,CARGO,FAILURE
4822,0,32,71,PASSENGER,SUCCESS
4823,1,44,95,PASSENGER,SUCCESS
4824,0,22,79,CARGO,SUCCESS
4825,0,38,33,PASSENGER,SUCCESS
4826,1,21,93,PASSENGER,SUCCESS
4827,0,43,52,PASSENGER,SUCCESS
4828,0,27,66,PASSENGER,SUCCESS
4829,1,31,13,CARGO,FAILURE
4830,0,27,97,PASSENGER,SUCCESS
4831,1,66,7,PASSENGER,FAILURE
4832,1,30,21,CARGO,FAILURE
4833,1,41,14,PASSENGER,FAILURE
4834,1,30,6,PASSENGER,FAILURE
4835,0,25,85,PASSENGER,SUCCESS
4836,0,30,89,PASSENGER,SUCCESS
4837,0,34,43,PASSENGER,SUCCESS
4838,1,65,18,CARGO,FAILURE
4839,0,45,50,PASSENGER,SUCCESS
4840,0,44,13,CARGO,FAILURE
4841,1,41,62,PASSENGER,SUCCESS
4842,1,61,19,PASSENGER,FAILURE
4843,1,42,56,PASSENGER,SUCCESS
4844,0,48,27,CARGO,FAILURE
4845,1,30,93,PASSENGER,SUCCESS
4846,1,31,26,PASSENGER,FAILURE
4847,1,45,37,CARGO,FAILURE
4848,1,51,10,PASSENGER,FAILURE
4849,1,38,62,PASSENGER,SUCCESS
4850,0,25,33,PASSENGER,SUCCESS
4851,0,52,28,PASSENGER,FAILURE
4852,0,18,70,CARGO,SUCCESS
4853,0,35,58,CARGO,SUCCESS
4854,0,65,13,PASSENGER,FAILURE
4855,1,56,6,CARGO,FAILURE
4856,0,40,95,PASSENGER,SUCCESS
4857,0,70,23,PASSENGER,FAILURE
4858,0,58,29,PASSENGER,FAILURE
4859,1,68,21,CARGO,FAILURE
4860,0,51,39,CARGO,FAILURE
4861,1,22,55,PASSENGER,SUCCESS
4862,0,35,55,PASSENGER,SUCCESS
4863,1,19,39,PASSENGER,SUCCESS
4864,1,49,35,CARGO,FAILURE
4865,1,37,35,CARGO,FAILURE
4866,0,38,61,PASSENGER,SUCCESS
4867,1,39,88,CARGO,SUCCESS
4868,1,20,53,PASSENGER,SUCCESS
4869,0,38,14,PASSENGER,FAILURE
4870,0,41,17,CARGO,FAILURE
4871,0,51,19,PASSENGER,FAILURE
4872,0,33,26,PASSENGER,FAILURE
4873,0,40,85,CARGO,SUCCESS
4874,0,33,47,CARGO,SUCCESS
4875,0,57,14,CARGO,FAILURE
4876,0,41,82,CARGO,SUCCESS
4877,1,50,25,CARGO,FAILURE
4878,0,44,90,PASSENGER,SUCCESS
4879,0,37,19,CARGO,FAILURE
4880,1,43,17,CARGO,FAILURE
4881,0,30,14,CARGO,FAILURE
4882,0,38,49,PASSENGER,SUCCESS
4883,1,23,74,PASSENGER,SUCCESS
4884,1,34,34,PASSENGER,FAILURE
4885,1,19,54,PASSENGER,SUCCESS
4886,0,45,79,PASSENGER,SUCCESS
4887,0,54,37,PASSENGER,FAILURE
4888,0,40,36,PASSENGER,SUCCESS
4889,0,20,32,CARGO,SUCCESS
4890,0,51,12,CARGO,FAILURE
4891,1,35,9,CARGO,FAILURE
4892,0,36,31,CARGO,FAILURE
4893,1,43,45,CARGO,SUCCESS
4894,1,22,72,PASSENGER,SUCCESS
4895,0,53,9,PASSENGER,FAILURE
4896,0,48,13,PASSENGER,FAILURE
4897,1,44,16,PASSENGER,FAILURE
4898,1,32,42,PASSENGER,SUCCESS
4899,1,62,35,CARGO,FAILURE
4900,1,36,14,PASSENGER,FAILURE
4901,0,54,30,CARGO,FAILURE
4902,1,20,81,CARGO,SUCCESS
4903,1,30,92,PASSENGER,SUCCESS
4904,0,70,27,CARGO,FAILURE
4905,0,44,52,CARGO,SUCCESS
4906,1,42,49,PASSENGER,SUCCESS
4907,0,44,24,CARGO,FAILURE
4908,0,20,99,PASSENGER,SUCCESS
4909,1,60,12,CARGO,FAILURE
4910,0,70,9,PASSENGER,FAILURE
4911,0,36,17,CARGO,FAILURE
4912,0,21,37,PASSENGER,SUCCESS
4913,1,39,46,PASSENGER,SUCCESS
4914,1,41,93,PASSENGER,SUCCESS
4915,1,23,34,CARGO,SUCCESS
4916,0,33,31,PASSENGER,SUCCESS
4917,0,30,21,PASSENGER,FAILURE
4918,0,43,8,CARGO,FAILURE
4919,1,30,25,CARGO,FAILURE
4920,1,42,24,PASSENGER,FAILURE
4921,0,33,91,CARGO,SUCCESS
4922,0,34,36,CARGO,FAILURE
4923,1,58,27,CARGO,FAILURE
4924,1,65,31,CARGO,FAILURE
4925,0,33,20,PASSENGER,FAILURE
4926,1,54,21,CARGO,FAILURE
4927,0,35,57,PASSENGER,SUCCESS
4928,0,39,37,CARGO,FAILURE
4929,0,51,23,PASSENGER,FAILURE
4930,0,46,17,CARGO,FAILURE
4931,0,59,30,CARGO,FAILURE
4932,0,50,12,PASSENGER,FAILURE
4933,0,27,92,CARGO,SUCCESS
4934,0,18,48,PASSENGER,SUCCESS
4935,1,37,94,PASSENGER,SUCCESS
4936,0,25,84,CARGO,SUCCESS
4937,1,39,70,PASSENGER,SUCCESS
4938,1,66,36,PASSENGER,FAILURE
4939,1,61,21,CARGO,FAILURE
4940,0,37,71,PASSENGER,SUCCESS
4941,0,40,8,PASSENGER,FAILURE
4942,1,44,86,PASSENGER,SUCCESS
4943,0,39,90,PASSENGER,SUCCESS
4944,1,42,13,CARGO,FAILURE
4945,0,21,55,CARGO,SUCCESS
4946,0,33,64,PASSENGER,SUCCESS
4947,1,52,17,CARGO,FAILURE
4948,0,67,31,PASSENGER,FAILURE
4949,1,22,62,PASSENGER,SUCCESS
4950,0,31,31,PASSENGER,SUCCESS
4951,0,46,33,CARGO,FAILURE
4952,0,37,15,PASSENGER,FAILURE
4953,1,44,55,CARGO,SUCCESS
4954,0,44,15,PASSENGER,FAILURE
4955,1,31,37,PASSENGER,SUCCESS
4956,0,24,94,PASSENGER,SUCCESS
4957,0,24,71,PASSENGER,SUCCESS
4958,0,59,37,CARGO,FAILURE
4959,0,36,23,CARGO,FAILURE
4960,0,67,16,CARGO,FAILURE
4961,1,44,71,PASSENGER,SUCCESS
4962,0,67,21,PASSENGER,FAILURE
4963,0,41,98,PASSENGER,SUCCESS
4964,0,35,84,PASSENGER,SUCCESS
4965,0,70,32,CARGO,FAILURE
4966,1,63,36,CARGO,FAILURE
4967,0,67,9,PASSENGER,FAILURE
4968,1,61,20,PASSENGER,FAILURE
4969,0,38,37,CARGO,FAILURE
4970,1,60,32,CARGO,FAILURE
4971,0,37,9,CARGO,FAILURE
4972,0,38,16,PASSENGER,FAILURE
4973,0,43,31,CARGO,FAILURE
4974,1,32,95,PASSENGER,SUCCESS
4975,1,42,27,PASSENGER,FAILURE
4976,0,66,9,CARGO,FAILURE
4977,1,20,84,CARGO,SUCCESS
4978,0,33,33,PASSENGER,FAILURE
4979,1,66,10,PASSENGER,FAILURE
4980,1,57,12,PASSENGER,FAILURE
4981,1,57,21,CARGO,FAILURE
4982,1,33,23,CARGO,FAILURE
4983,0,53,15,CARGO,FAILURE
4984,0,19,35,PASSENGER,SUCCESS
4985,0,53,10,CARGO,FAILURE
4986,1,70,20,CARGO,FAILURE
4987,1,47,37,PASSENGER,FAILURE
4988,0,56,35,PASSENGER,FAILURE
4989,1,35,96,CARGO,SUCCESS
4990,0,34,29,PASSENGER,FAILURE
4991,0,33,14,PASSENGER,FAILURE
4992,1,38,15,CARGO,FAILURE
4993,1,33,32,CARGO,FAILURE
4994,1,25,30,PASSENGER,SUCCESS
4995,1,62,5,CARGO,FAILURE
4996,0,65,10,CARGO,FAILURE
4997,1,40,30,CARGO,FAILURE
4998,1,31,7,PASSENGER,FAILURE
4999,1,41,68,CARGO,SUCCESS
5000,0,50,28,PASSENGER,FAILURE
5001,0,60,17,CARGO,FAILURE
5002,1,33,92,PASSENGER,SUCCESS
5003,1,69,23,PASSENGER,FAILURE
5004,1,43,42,PASSENGER,SUCCESS
5005,1,24,78,CARGO,SUCCESS
5006,0,59,22,CARGO,FAILURE
5007,1,30,72,PASSENGER,SUCCESS
5008,1,24,59,PASSENGER,SUCCESS
5009,0,25,69,PASSENGER,SUCCESS
5010,0,23,44,PASSENGER,SUCCESS
5011,0,51,15,CARGO,FAILURE
5012,1,31,95,PASSENGER,SUCCESS
5013,0,32,26,PASSENGER,FAILURE
5014,1,41,74,CARGO,SUCCESS
5015,0,18,53,PASSENGER,SUCCESS
5016,0,31,91,PASSENGER,SUCCESS
5017,1,32,38,CARGO,SUCCESS
5018,1,38,37,CARGO,FAILURE
5019,0,37,20,PASSENGER,FAILURE
5020,1,34,65,PASSENGER,SUCCESS
5021,0,40,95,PASSENGER,SUCCESS
5022,1,49,26,PASSENGER,FAILURE
5023,0,54,12,CARGO,FAILURE
5024,1,45,28,CARGO,FAILURE
5025,0,38,19,CARGO,FAILURE
5026,1,55,29,CARGO,FAILURE
5027,1,39,37,PASSENGER,FAILURE
5028,0,28,32,CARGO,SUCCESS
5029,0,47,33,CARGO,FAILURE
5030,1,18,65,CARGO,SUCCESS
5031,0,59,26,CARGO,FAILURE
5032,1,40,39,PASSENGER,SUCCESS
5033,1,35,73,PASSENGER,SUCCESS
5034,1,19,62,PASSENGER,SUCCESS
5035,0,43,99,PASSENGER,SUCCESS
5036,1,32,58,PASSENGER,SUCCESS
5037,0,53,19,CARGO,FAILURE
5038,0,58,39,CARGO,FAILURE
5039,1,56,37,PASSENGER,FAILURE
5040,0,35,23,PASSENGER,FAILURE
5041,0,38,59,PASSENGER,SUCCESS
5042,1,34,58,PASSENGER,SUCCESS
5043,0,28,54,PASSENGER,SUCCESS
5044,0,35,36,CARGO,FAILURE
5045,1,35,100,CARGO,SUCCESS
5046,1,41,79,PASSENGER,SUCCESS
5047,1,56,34,CARGO,FAILURE
5048,0,38,8,CARGO,FAILURE
5049,1,42,32,CARGO,FAILURE
5050,0,33,78,PASSENGER,SUCCESS
5051,1,41,32,PASSENGER,FAILURE
5052,0,34,74,PASSENGER,SUCCESS
5053,1,33,16,PASSENGER,FAILURE
5054,1,65,8,CARGO,FAILURE
5055,0,44,91,PASSENGER,SUCCESS
5056,1,42,14,CARGO,FAILURE
5057,0,35,23,CARGO,FAILURE
5058,1,58,6,CARGO,FAILURE
5059,1,36,7,CARGO,FAILURE
5060,0,54,37,PASSENGER,FAILURE
5061,0,39,77,PASSENGER,SUCCESS
5062,0,22,69,PASSENGER,SUCCESS
5063,1,48,22,PASSENGER,FAILURE
5064,0,55,13,CARGO,FAILURE
5065,0,60,10,CARGO,FAILURE
5066,0,18,97,PASSENGER,SUCCESS
5067,1,46,28,CARGO,FAILURE
5068,0,57,19,PASSENGER,FAILURE
5069,1,49,14,CARGO,FAILURE
5070,0,41,7,CARGO,FAILURE
5071,1,19,80,PASSENGER,SUCCESS
5072,0,41,48,PASSENGER,SUCCESS
5073,1,38,99,PASSENGER,SUCCESS
5074,1,47,38,CARGO,FAILURE
5075,1,42,95,PASSENGER,SUCCESS
5076,0,24,73,CARGO,SUCCESS
5077,0,69,40,CARGO,FAILURE
5078,0,29,87,PASSENGER,SUCCESS
5079,0,25,72,PASSENGER,SUCCESS
5080,0,22,100,PASSENGER,SUCCESS
5081,1,44,53,PASSENGER,SUCCESS
5082,1,32,50,PASSENGER,SUCCESS
5083,1,26,31,PASSENGER,SUCCESS
5084,1,37,33,CARGO,FAILURE
5085,1,21,76,PASSENGER,SUCCESS
5086,0,32,19,CARGO,FAILURE
5087,1,24,75,PASSENGER,SUCCESS
5088,0,54,11,CARGO,FAILURE
5089,1,39,76,PASSENGER,SUCCESS
5090,1,39,93,PASSENGER,SUCCESS
5091,1,30,45,PASSENGER,SUCCESS
5092,1,45,91,PASSENGER,SUCCESS
5093,0,48,12,CARGO,FAILURE
5094,0,28,57,PASSENGER,SUCCESS
5095,1,37,18,CARGO,FAILURE
5096,1,52,23,CARGO,FAILURE
5097,1,63,16,CARGO,FAILURE
5098,1,70,10,CARGO,FAILURE
5099,0,30,21,PASSENGER,FAILURE
5100,0,61,13,PASSENGER,FAILURE
5101,0,25,50,PASSENGER,SUCCESS
5102,0,66,31,PASSENGER,FAILURE
5103,0,43,63,CARGO,SUCCESS
5104,0,25,82,PASSENGER,SUCCESS
5105,0,32,51,PASSENGER,SUCCESS
5106,0,33,13,PASSENGER,FAILURE
5107,1,42,29,CARGO,FAILURE
5108,1,49,30,CARGO,FAILURE
5109,1,46,11,CARGO,FAILURE
5110,0,42,97,CARGO,SUCCESS
5111,0,28,58,PASSENGER,SUCCESS
5112,1,37,61,PASSENGER,SUCCESS
5113,1,63,26,PASSENGER,FAILURE
5114,0,66,21,PASSENGER,FAILURE
5115,1,27,93,PASSENGER,SUCCESS
5116,0,61,34,CARGO,FAILURE
5117,1,20,34,PASSENGER,SUCCESS
5118,0,38,6,PASSENGER,FAILURE
5119,0,41,26,CARGO,FAILURE
5120,1,37,77,PASSENGER,SUCCESS
5121,0,37,5,CARGO,FAILURE
5122,1,54,39,CARGO,FAILURE
5123,0,32,45,PASSENGER,SUCCESS
5124,1,34,26,CARGO,FAILURE
5125,0,18,75,PASSENGER,SUCCESS
5126,1,47,39,CARGO,FAILURE
5127,0,38,46,PASSENGER,SUCCESS
5128,1,41,33,PASSENGER,FAILURE
5129,0,40,29,CARGO,FAILURE
5130,1,29,69,PASSENGER,SUCCESS
5131,1,63,13,CARGO,FAILURE
5132,0,21,83,PASSENGER,SUCCESS
5133,0,45,11,CARGO,FAILURE
5134,1,40,26,PASSENGER,FAILURE
5135,0,37,32,CARGO,FAILURE
5136,0,51,39,PASSENGER,FAILURE
5137,1,22,52,PASSENGER,SUCCESS
5138,1,34,32,CARGO,FAILURE
5139,0,40,9,PASSENGER,FAILURE
5140,1,38,42,PASSENGER,SUCCESS
5141,0,70,32,PASSENGER,FAILURE
5142,0,44,35,PASSENGER,FAILURE
5143,0,58,29,PASSENGER,FAILURE
5144,1,35,59,PASSENGER,SUCCESS
5145,0,52,7,PASSENGER,FAILURE
5146,1,49,40,CARGO,FAILURE
5147,1,25,60,CARGO,SUCCESS
5148,0,19,67,PASSENGER,SUCCESS
5149,1,48,7,CARGO,FAILURE
5150,1,59,37,PASSENGER,FAILURE
5151,0,41,80,PASSENGER,SUCCESS
5152,0,67,16,CARGO,FAILURE
5153,1,39,64,PASSENGER,SUCCESS
5154,1,60,16,PASSENGER,FAILURE
5155,1,49,23,PASSENGER,FAILURE
5156,0,39,16,CARGO,FAILURE
5157,1,37,94,PASSENGER,SUCCESS
5158,0,64,33,CARGO,FAILURE
5159,1,30,60,PASSENGER,SUCCESS
5160,0,31,41,PASSENGER,SUCCESS
5161,1,33,21,PASSENGER,FAILURE
5162,0,22,64,PASSENGER,SUCCESS
5163,1,60,34,CARGO,FAILURE
5164,1,31,30,CARGO,FAILURE
5165,1,37,76,PASSENGER,SUCCESS
5166,1,18,42,CARGO,SUCCESS
5167,0,40,79,PASSENGER,SUCCESS
5168,1,58,33,PASSENGER,FAILURE
5169,0,51,32,CARGO,FAILURE
5170,0,42,28,CARGO,FAILURE
5171,0,54,30,CARGO,FAILURE
5172,0,31,28,CARGO,FAILURE
5173,1,37,50,PASSENGER,SUCCESS
5174,1,38,35,PASSENGER,SUCCESS
5175,1,27,87,PASSENGER,SUCCESS
5176,0,55,31,CARGO,FAILURE
5177,1,40,72,PASSENGER,SUCCESS
5178,0,35,73,PASSENGER,SUCCESS
5179,0,63,32,PASSENGER,FAILURE
5180,0,33,15,CARGO,FAILURE
5181,1,45,22,CARGO,FAILURE
5182,1,50,26,CARGO,FAILURE
5183,1,23,95,CARGO,SUCCESS
5184,0,29,35,CARGO,SUCCESS
5185,1,40,8,CARGO,FAILURE
5186,0,40,28,PASSENGER,FAILURE
5187,0,47,22,PASSENGER,FAILURE
5188,0,40,100,PASSENGER,SUCCESS
5189,1,40,18,PASSENGER,FAILURE
5190,1,39,10,CARGO,FAILURE
5191,1,65,28,CARGO,FAILURE
5192,0,21,97,PASSENGER,SUCCESS
5193,1,23,81,CARGO,SUCCESS
5194,0,69,33,PASSENGER,FAILURE
5195,0,40,16,PASSENGER,FAILURE
5196,1,67,32,PASSENGER,FAILURE
5197,1,52,14,PASSENGER,FAILURE
5198,1,42,19,CARGO,FAILURE
5199,0,30,9,CARGO,FAILURE
5200,0,62,35,PASSENGER,FAILURE
5201,1,53,10,PASSENGER,FAILURE
5202,0,30,36,CARGO,FAILURE
5203,0,65,20,PASSENGER,FAILURE
5204,0,19,35,PASSENGER,SUCCESS
5205,0,37,31,PASSENGER,SUCCESS
5206,0,28,31,PASSENGER,SUCCESS
5207,0,66,28,PASSENGER,FAILURE
5208,1,43,68,PASSENGER,SUCCESS
5209,1,33,21,PASSENGER,FAILURE
5210,1,35,31,PASSENGER,FAILURE
5211,0,35,33,PASSENGER,SUCCESS
5212,0,43,45,PASSENGER,SUCCESS
5213,1,55,11,CARGO,FAILURE
5214,1,43,31,PASSENGER,SUCCESS
5215,0,40,61,PASSENGER,SUCCESS
5216,1,34,71,PASSENGER,SUCCESS
5217,1,61,40,CARGO,FAILURE
5218,0,19,76,PASSENGER,SUCCESS
5219,1,45,36,PASSENGER,FAILURE
5220,1,60,17,PASSENGER,FAILURE
5221,0,24,31,PASSENGER,SUCCESS
5222,0,55,39,CARGO,FAILURE
5223,1,62,36,CARGO,FAILURE
5224,0,45,34,PASSENGER,FAILURE
5225,0,38,31,CARGO,FAILURE
5226,1,49,21,CARGO,FAILURE
5227,0,55,21,CARGO,FAILURE
5228,1,25,85,CARGO,SUCCESS
5229,1,41,42,PASSENGER,SUCCESS
5230,1,37,20,CARGO,FAILURE
5231,0,53,31,PASSENGER,FAILURE
5232,0,37,63,PASSENGER,SUCCESS
5233,0,43,87,CARGO,SUCCESS
5234,0,43,76,PASSENGER,SUCCESS
5235,1,26,67,PASSENGER,SUCCESS
5236,0,38,18,PASSENGER,FAILURE
5237,0,43,26,PASSENGER,FAILURE
5238,0,39,19,CARGO,FAILURE
5239,1,50,29,PASSENGER,FAILURE
5240,0,64,16,CARGO,FAILURE
5241,0,29,91,PASSENGER,SUCCESS
5242,0,64,18,CARGO,FAILURE
5243,1,32,99,PASSENGER,SUCCESS
5244,0,34,32,CARGO,FAILURE
5245,0,42,45,PASSENGER,SUCCESS
5246,1,60,39,PASSENGER,FAILURE
5247,0,22,58,PASSENGER,SUCCESS
5248,1,38,56,PASSENGER,SUCCESS
5249,1,44,86,PASSENGER,SUCCESS
5250,1,36,92,PASSENGER,SUCCESS
5251,0,66,21,PASSENGER,FAILURE
5252,1,33,22,PASSENGER,FAILURE
5253,0,44,59,CARGO,SUCCESS
5254,1,44,41,PASSENGER,SUCCESS
5255,0,43,18,CARGO,FAILURE
5256,1,40,41,PASSENGER,SUCCESS
5257,1,38,35,CARGO,FAILURE
5258,0,61,19,PASSENGER,FAILURE
5259,0,63,35,PASSENGER,FAILURE
5260,0,50,33,PASSENGER,FAILURE
5261,0,35,31,PASSENGER,FAILURE
5262,1,23,82,PASSENGER,SUCCESS
5263,1,45,89,PASSENGER,SUCCESS
5264,1,34,40,PASSENGER,SUCCESS
5265,0,45,22,PASSENGER,FAILURE
5266,0,64,8,CARGO,FAILURE
5267,1,27,96,PASSENGER,SUCCESS
5268,0,32,7,PASSENGER,FAILURE
5269,0,41,16,CARGO,FAILURE
5270,0,40,68,PASSENGER,SUCCESS
5271,1,62,28,CARGO,FAILURE
5272,1,29,77,PASSENGER,SUCCESS
5273,0,61,22,PASSENGER,FAILURE
5274,0,20,63,PASSENGER,SUCCESS
5275,1,36,33,PASSENGER,SUCCESS
5276,0,51,25,PASSENGER,FAILURE
5277,0,70,28,CARGO,FAILURE
5278,1,51,15,PASSENGER,FAILURE
5279,1,50,34,CARGO,FAILURE
5280,1,18,99,PASSENGER,SUCCESS
5281,0,66,28,CARGO,FAILURE
5282,1,40,66,CARGO,SUCCESS
5283,1,65,25,CARGO,FAILURE
5284,1,21,51,PASSENGER,SUCCESS
5285,0,38,94,PASSENGER,SUCCESS
5286,1,18,30,PASSENGER,SUCCESS
5287,1,43,34,PASSENGER,SUCCESS
5288,0,31,14,PASSENGER,FAILURE
5289,0,22,61,CARGO,SUCCESS
5290,0,18,60,CARGO,SUCCESS
5291,1,61,15,CARGO,FAILURE
5292,0,42,8,CARGO,FAILURE
5293,0,70,19,CARGO,FAILURE
5294,0,31,85,CARGO,SUCCESS
5295,1,31,38,CARGO,FAILURE
5296,0,22,54,PASSENGER,SUCCESS
5297,1,37,82,PASSENGER,SUCCESS
5298,0,19,71,PASSENGER,SUCCESS
5299,0,44,57,PASSENGER,SUCCESS
5300,0,65,20,CARGO,FAILURE
5301,0,70,26,PASSENGER,FAILURE
5302,1,59,10,CARGO,FAILURE
5303,1,22,90,CARGO,SUCCESS
5304,1,33,29,CARGO,FAILURE
5305,0,36,5,CARGO,FAILURE
5306,1,47,35,PASSENGER,FAILURE
5307,1,56,24,CARGO,FAILURE
5308,1,21,46,PASSENGER,SUCCESS
5309,0,23,100,PASSENGER,SUCCESS
5310,0,21,62,PASSENGER,SUCCESS
5311,0,36,60,PASSENGER,SUCCESS
5312,0,22,91,PASSENGER,SUCCESS
5313,0,21,93,CARGO,SUCCESS
5314,0,66,18,CARGO,FAILURE
5315,1,37,30,PASSENGER,SUCCESS
5316,0,37,15,PASSENGER,FAILURE
5317,1,43,67,PASSENGER,SUCCESS
5318,0,39,21,PASSENGER,FAILURE
5319,1,24,40,CARGO,SUCCESS
5320,0,29,48,PASSENGER,SUCCESS
5321,0,18,48,CARGO,SUCCESS
5322,0,33,75,PASSENGER,SUCCESS
5323,1,49,26,CARGO,FAILURE
5324,1,44,8,CARGO,FAILURE
5325,1,30,65,PASSENGER,SUCCESS
5326,0,21,81,PASSENGER,SUCCESS
5327,0,23,87,PASSENGER,SUCCESS
5328,1,34,42,PASSENGER,SUCCESS
5329,0,29,81,PASSENGER,SUCCESS
5330,1,19,46,PASSENGER,SUCCESS
5331,1,19,56,PASSENGER,SUCCESS
5332,1,53,28,PASSENGER,FAILURE
5333,0,49,18,CARGO,FAILURE
5334,1,56,29,PASSENGER,FAILURE
5335,1,54,16,PASSENGER,FAILURE
5336,1,43,78,PASSENGER,SUCCESS
5337,1,29,32,PASSENGER,SUCCESS
5338,1,58,27,CARGO,FAILURE
5339,0,40,57,PASSENGER,SUCCESS
5340,0,68,37,PASSENGER,FAILURE
5341,1,33,61,PASSENGER,SUCCESS
5342,1,38,11,CARGO,FAILURE
5343,1,42,65,PASSENGER,SUCCESS
5344,1,23,55,CARGO,SUCCESS
5345,0,20,30,PASSENGER,SUCCESS
5346,0,23,54,PASSENGER,SUCCESS
5347,1,25,92,PASSENGER,SUCCESS
5348,1,34,85,PASSENGER,SUCCESS
5349,1,38,42,CARGO,SUCCESS
5350,0,46,7,CARGO,FAILURE
5351,0,62,33,PASSENGER,FAILURE
5352,1,32,87,PASSENGER,SUCCESS
5353,1,36,59,PASSENGER,SUCCESS
5354,0,60,38,CARGO,FAILURE
5355,0,44,72,CARGO,SUCCESS
5356,1,44,7,PASSENGER,FAILURE
5357,0,58,30,CARGO,FAILURE
5358,0,35,9,CARGO,FAILURE
5359,1,48,35,CARGO,FAILURE
5360,0,42,29,CARGO,FAILURE
5361,1,57,22,PASSENGER,FAILURE
5362,1,34,38,CARGO,FAILURE
5363,1,65,32,CARGO,FAILURE
5364,0,65,7,PASSENGER,FAILURE
5365,0,36,73,PASSENGER,SUCCESS
5366,1,32,62,PASSENGER,SUCCESS
5367,1,37,83,PASSENGER,SUCCESS
5368,1,43,39,PASSENGER,SUCCESS
5369,0,56,16,CARGO,FAILURE
5370,1,29,46,PASSENGER,SUCCESS
5371,1,51,19,CARGO,FAILURE
5372,1,37,47,PASSENGER,SUCCESS
5373,1,67,5,CARGO,FAILURE
5374,0,54,14,PASSENGER,FAILURE
5375,1,38,70,CARGO,SUCCESS
5376,0,42,83,PASSENGER,SUCCESS
5377,0,39,8,PASSENGER,FAILURE
5378,0,23,47,PASSENGER,SUCCESS
5379,0,24,51,PASSENGER,SUCCESS
5380,0,37,81,PASSENGER,SUCCESS
5381,1,25,63,PASSENGER,SUCCESS
5382,1,26,87,PASSENGER,SUCCESS
5383,0,26,43,CARGO,SUCCESS
5384,1,57,14,CARGO,FAILURE
5385,1,41,97,CARGO,SUCCESS
5386,0,23,71,PASSENGER,SUCCESS
5387,1,70,21,CARGO,FAILURE
5388,0,25,92,PASSENGER,SUCCESS
5389,0,37,58,PASSENGER,SUCCESS
5390,0,32,80,PASSENGER,SUCCESS
5391,1,44,50,PASSENGER,SUCCESS
5392,1,66,8,PASSENGER,FAILURE
5393,1,63,27,CARGO,FAILURE
5394,0,31,67,PASSENGER,SUCCESS
5395,0,23,33,CARGO,SUCCESS
5396,1,51,11,PASSENGER,FAILURE
5397,1,45,87,CARGO,SUCCESS
5398,0,48,37,CARGO,FAILURE
5399,0,44,82,PASSENGER,SUCCESS
5400,0,31,24,CARGO,FAILURE
5401,0,32,33,CARGO,FAILURE
5402,1,53,30,PASSENGER,FAILURE
5403,1,26,48,PASSENGER,SUCCESS
5404,0,66,23,CARGO,FAILURE
5405,0,19,46,PASSENGER,SUCCESS
5406,1,50,35,PASSENGER,FAILURE
5407,1,30,22,CARGO,FAILURE
5408,0,22,58,PASSENGER,SUCCESS
5409,0,56,11,PASSENGER,FAILURE
5410,1,40,62,PASSENGER,SUCCESS
5411,1,32,10,CARGO,FAILURE
5412,0,52,30,PASSENGER,FAILURE
5413,0,36,34,PASSENGER,FAILURE
5414,0,45,94,PASSENGER,SUCCESS
5415,0,42,99,PASSENGER,SUCCESS
5416,0,23,92,CARGO,SUCCESS
5417,1,25,33,PASSENGER,SUCCESS
5418,1,20,60,PASSENGER,SUCCESS
5419,0,22,87,PASSENGER,SUCCESS
5420,0,39,35,CARGO,FAILURE
5421,1,68,5,CARGO,FAILURE
5422,0,40,36,PASSENGER,SUCCESS
5423,0,36,33,CARGO,FAILURE
5424,1,67,11,PASSENGER,FAILURE
5425,0,63,15,CARGO,FAILURE
5426,0,36,57,PASSENGER,SUCCESS
5427,0,43,25,CARGO,FAILURE
5428,1,42,13,PASSENGER,FAILURE
5429,1,41,20,CARGO,FAILURE
5430,1,69,17,CARGO,FAILURE
5431,0,39,19,CARGO,FAILURE
5432,0,64,29,CARGO,FAILURE
5433,1,52,8,CARGO,FAILURE
5434,1,39,74,PASSENGER,SUCCESS
5435,0,59,37,CARGO,FAILURE
5436,1,45,98,PASSENGER,SUCCESS
5437,0,57,7,CARGO,FAILURE
5438,1,55,26,CARGO,FAILURE
5439,1,38,23,PASSENGER,FAILURE
5440,0,39,14,CARGO,FAILURE
5441,1,48,10,CARGO,FAILURE
5442,0,62,9,CARGO,FAILURE
5443,0,53,18,CARGO,FAILURE
5444,0,38,29,CARGO,FAILURE
5445,1,41,30,CARGO,FAILURE
5446,1,66,34,PASSENGER,FAILURE
5447,0,60,35,CARGO,FAILURE
5448,0,50,18,CARGO,FAILURE
5449,0,53,31,CARGO,FAILURE
5450,1,66,6,CARGO,FAILURE
5451,0,59,36,CARGO,FAILURE
5452,1,31,96,PASSENGER,SUCCESS
5453,0,35,24,CARGO,FAILURE
5454,1,30,32,CARGO,FAILURE
5455,1,40,14,CARGO,FAILURE
5456,0,41,16,CARGO,FAILURE
5457,1,22,88,CARGO,SUCCESS
5458,1,46,14,CARGO,FAILURE
5459,0,43,33,PASSENGER,FAILURE
5460,1,23,56,PASSENGER,SUCCESS
5461,1,45,20,CARGO,FAILURE
5462,0,33,34,PASSENGER,FAILURE
5463,1,64,26,PASSENGER,FAILURE
5464,1,19,88,PASSENGER,SUCCESS
5465,1,38,97,PASSENGER,SUCCESS
5466,1,34,72,PASSENGER,SUCCESS
5467,0,58,36,CARGO,FAILURE
5468,0,22,31,CARGO,SUCCESS
5469,0,33,76,PASSENGER,SUCCESS
5470,0,37,63,PASSENGER,SUCCESS
5471,1,23,50,PASSENGER,SUCCESS
5472,1,35,44,PASSENGER,SUCCESS
5473,1,21,54,CARGO,SUCCESS
5474,0,44,18,CARGO,FAILURE
5475,0,33,73,PASSENGER,SUCCESS
5476,0,56,36,CARGO,FAILURE
5477,0,64,39,CARGO,FAILURE
5478,0,51,36,CARGO,FAILURE
5479,0,27,75,CARGO,SUCCESS
5480,1,26,58,PASSENGER,SUCCESS
5481,0,41,72,PASSENGER,SUCCESS
5482,1,36,12,PASSENGER,FAILURE
5483,1,32,97,PASSENGER,SUCCESS
5484,0,61,28,CARGO,FAILURE
5485,1,37,50,PASSENGER,SUCCESS
5486,0,60,16,PASSENGER,FAILURE
5487,0,41,53,PASSENGER,SUCCESS
5488,0,65,18,PASSENGER,FAILURE
5489,1,31,35,PASSENGER,SUCCESS
5490,0,37,36,CARGO,FAILURE
5491,0,19,40,PASSENGER,SUCCESS
5492,1,66,40,CARGO,FAILURE
5493,0,42,39,PASSENGER,SUCCESS
5494,1,41,26,CARGO,FAILURE
5495,1,20,30,PASSENGER,SUCCESS
5496,1,27,75,CARGO,SUCCESS
5497,1,62,29,PASSENGER,FAILURE
5498,1,30,35,PASSENGER,SUCCESS
5499,1,33,12,CARGO,FAILURE
5500,1,45,57,CARGO,SUCCESS
5501,0,53,35,CARGO,FAILURE
5502,0,38,25,PASSENGER,FAILURE
5503,0,31,25,CARGO,FAILURE
5504,0,43,71,PASSENGER,SUCCESS
5505,0,31,81,PASSENGER,SUCCESS
5506,1,56,18,CARGO,FAILURE
5507,0,28,46,PASSENGER,SUCCESS
5508,0,44,53,CARGO,SUCCESS
5509,1,40,32,PASSENGER,FAILURE
5510,1,30,54,CARGO,SUCCESS
5511,0,55,33,CARGO,FAILURE
5512,1,44,68,CARGO,SUCCESS
5513,1,51,26,CARGO,FAILURE
5514,0,37,34,PASSENGER,SUCCESS
5515,0,37,36,PASSENGER,FAILURE
5516,0,25,86,PASSENGER,SUCCESS
5517,1,44,96,PASSENGER,SUCCESS
5518,1,32,38,CARGO,FAILURE
5519,1,48,9,CARGO,FAILURE
5520,1,35,43,PASSENGER,SUCCESS
5521,0,66,16,PASSENGER,FAILURE
5522,0,34,17,PASSENGER,FAILURE
5523,0,53,37,CARGO,FAILURE
5524,0,59,33,PASSENGER,FAILURE
5525,1,33,92,PASSENGER,SUCCESS
5526,0,44,39,PASSENGER,SUCCESS
5527,1,59,19,CARGO,FAILURE
5528,1,38,33,PASSENGER,SUCCESS
5529,0,32,69,PASSENGER,SUCCESS
5530,1,47,29,PASSENGER,FAILURE
5531,1,64,20,CARGO,FAILURE
5532,0,66,35,PASSENGER,FAILURE
5533,1,45,77,PASSENGER,SUCCESS
5534,0,26,78,PASSENGER,SUCCESS
5535,1,34,31,PASSENGER,FAILURE
5536,0,38,93,PASSENGER,SUCCESS
5537,1,31,22,PASSENGER,FAILURE
5538,1,49,20,PASSENGER,FAILURE
5539,1,22,92,PASSENGER,SUCCESS
5540,1,25,39,PASSENGER,SUCCESS
5541,0,24,54,PASSENGER,SUCCESS
5542,1,28,98,PASSENGER,SUCCESS
5543,1,26,72,PASSENGER,SUCCESS
5544,0,23,60,PASSENGER,SUCCESS
5545,0,51,18,CARGO,FAILURE
5546,0,40,55,CARGO,SUCCESS
5547,0,61,32,PASSENGER,FAILURE
5548,1,43,55,PASSENGER,SUCCESS
5549,0,63,37,CARGO,FAILURE
5550,0,52,34,CARGO,FAILURE
5551,1,33,35,CARGO,FAILURE
5552,1,39,6,CARGO,FAILURE
5553,0,30,59,PASSENGER,SUCCESS
5554,1,22,57,CARGO,SUCCESS
5555,1,36,32,PASSENGER,FAILURE
5556,0,47,32,CARGO,FAILURE
5557,1,43,38,CARGO,SUCCESS
5558,0,32,37,CARGO,FAILURE
5559,0,19,80,PASSENGER,SUCCESS
5560,1,25,35,CARGO,SUCCESS
5561,0,35,40,PASSENGER,FAILURE
5562,1,32,61,PASSENGER,SUCCESS
5563,1,42,47,CARGO,SUCCESS
5564,1,29,84,CARGO,SUCCESS
5565,0,39,82,PASSENGER,SUCCESS
5566,1,43,8,PASSENGER,FAILURE
5567,1,37,60,PASSENGER,SUCCESS
5568,1,24,94,CARGO,SUCCESS
5569,1,29,67,CARGO,SUCCESS
5570,1,60,13,CARGO,FAILURE
5571,1,64,39,CARGO,FAILURE
5572,0,58,18,PASSENGER,FAILURE
5573,0,29,86,PASSENGER,SUCCESS
5574,1,23,100,PASSENGER,SUCCESS
5575,1,25,55,CARGO,SUCCESS
5576,1,35,18,PASSENGER,FAILURE
5577,1,19,33,CARGO,SUCCESS
5578,1,66,32,CARGO,FAILURE
5579,0,26,37,PASSENGER,SUCCESS
5580,0,70,6,CARGO,FAILURE
5581,1,55,20,PASSENGER,FAILURE
5582,0,43,41,PASSENGER,SUCCESS
5583,1,49,8,CARGO,FAILURE
5584,0,39,37,CARGO,FAILURE
5585,1,41,65,CARGO,SUCCESS
5586,1,32,87,CARGO,SUCCESS
5587,1,26,82,PASSENGER,SUCCESS
5588,1,30,31,PASSENGER,SUCCESS
5589,1,47,31,PASSENGER,FAILURE
5590,1,28,57,PASSENGER,SUCCESS
5591,0,41,31,PASSENGER,FAILURE
5592,0,48,13,CARGO,FAILURE
5593,0,56,31,CARGO,FAILURE
5594,1,24,76,PASSENGER,SUCCESS
5595,0,67,17,PASSENGER,FAILURE
5596,1,27,83,CARGO,SUCCESS
5597,0,35,34,CARGO,FAILURE
5598,1,27,96,CARGO,SUCCESS
5599,0,68,28,CARGO,FAILURE
5600,0,30,34,PASSENGER,FAILURE
5601,1,29,65,PASSENGER,SUCCESS
5602,0,23,76,PASSENGER,SUCCESS
5603,1,61,39,PASSENGER,FAILURE
5604,1,39,30,CARGO,FAILURE
5605,1,45,96,PASSENGER,SUCCESS
5606,1,34,33,CARGO,FAILURE
5607,1,34,20,CARGO,FAILURE
5608,0,61,12,CARGO,FAILURE
5609,1,26,76,PASSENGER,SUCCESS
5610,1,32,33,CARGO,FAILURE
5611,0,39,33,CARGO,FAILURE
5612,1,21,75,CARGO,SUCCESS
5613,1,36,22,CARGO,FAILURE
5614,0,46,40,PASSENGER,FAILURE
5615,1,30,32,CARGO,FAILURE
5616,1,24,85,PASSENGER,SUCCESS
5617,0,42,61,PASSENGER,SUCCESS
5618,0,59,8,PASSENGER,FAILURE
5619,1,26,51,PASSENGER,SUCCESS
5620,0,24,79,CARGO,SUCCESS
5621,0,64,11,PASSENGER,FAILURE
5622,0,35,29,PASSENGER,FAILURE
5623,1,52,7,CARGO,FAILURE
5624,1,63,8,CARGO,FAILURE
5625,1,59,40,CARGO,FAILURE
5626,0,65,22,CARGO,FAILURE
5627,1,39,17,PASSENGER,FAILURE
5628,0,38,16,PASSENGER,FAILURE
5629,1,30,13,PASSENGER,FAILURE
5630,0,39,5,PASSENGER,FAILURE
5631,1,42,29,PASSENGER,FAILURE
5632,1,34,27,CARGO,FAILURE
5633,1,43,76,CARGO,SUCCESS
5634,0,32,44,PASSENGER,SUCCESS
5635,0,41,89,PASSENGER,SUCCESS
5636,1,59,25,PASSENGER,FAILURE
5637,1,44,93,PASSENGER,SUCCESS
5638,0,40,20,CARGO,FAILURE
5639,1,54,37,CARGO,FAILURE
5640,0,28,59,PASSENGER,SUCCESS
5641,1,44,31,PASSENGER,SUCCESS
5642,0,60,16,PASSENGER,FAILURE
5643,1,29,85,CARGO,SUCCESS
5644,0,25,49,PASSENGER,SUCCESS
5645,1,70,7,CARGO,FAILURE
5646,0,25,78,PASSENGER,SUCCESS
5647,0,39,29,CARGO,FAILURE
5648,1,29,80,PASSENGER,SUCCESS
5649,0,52,23,PASSENGER,FAILURE
5650,1,32,24,PASSENGER,FAILURE
5651,0,38,33,CARGO,FAILURE
5652,1,37,35,PASSENGER,SUCCESS
5653,1,39,29,CARGO,FAILURE
5654,0,22,100,PASSENGER,SUCCESS
5655,0,19,96,PASSENGER,SUCCESS
5656,0,33,27,PASSENGER,FAILURE
5657,0,38,70,PASSENGER,SUCCESS
5658,1,59,37,CARGO,FAILURE
5659,0,63,38,PASSENGER,FAILURE
5660,1,54,25,CARGO,FAILURE
5661,1,18,99,PASSENGER,SUCCESS
5662,0,65,25,PASSENGER,FAILURE
5663,0,63,15,PASSENGER,FAILURE
5664,1,21,45,PASSENGER,SUCCESS
5665,0,31,50,CARGO,SUCCESS
5666,1,35,94,PASSENGER,SUCCESS
5667,0,39,91,PASSENGER,SUCCESS
5668,0,23,53,PASSENGER,SUCCESS
5669,0,64,40,PASSENGER,FAILURE
5670,0,42,58,PASSENGER,SUCCESS
5671,0,30,26,CARGO,FAILURE
5672,0,34,55,PASSENGER,SUCCESS
5673,0,62,31,CARGO,FAILURE
5674,0,40,77,PASSENGER,SUCCESS
5675,0,54,9,PASSENGER,FAILURE
5676,1,52,23,PASSENGER,FAILURE
5677,0,64,17,PASSENGER,FAILURE
5678,1,61,26,PASSENGER,FAILURE
5679,0,40,7,CARGO,FAILURE
5680,1,20,97,PASSENGER,SUCCESS
5681,0,32,81,PASSENGER,SUCCESS
5682,0,36,26,CARGO,FAILURE
5683,1,42,37,PASSENGER,FAILURE
5684,0,35,81,PASSENGER,SUCCESS
5685,0,41,62,PASSENGER,SUCCESS
5686,1,37,59,CARGO,SUCCESS
5687,0,54,23,CARGO,FAILURE
5688,1,37,58,PASSENGER,SUCCESS
5689,1,44,32,PASSENGER,FAILURE
5690,1,29,82,PASSENGER,SUCCESS
5691,1,59,16,CARGO,FAILURE
5692,0,44,79,CARGO,SUCCESS
5693,1,36,49,PASSENGER,SUCCESS
5694,0,45,34,PASSENGER,FAILURE
5695,1,47,10,PASSENGER,FAILURE
5696,1,25,48,PASSENGER,SUCCESS
5697,1,35,48,PASSENGER,SUCCESS
5698,1,50,29,PASSENGER,FAILURE
5699,0,27,42,PASSENGER,SUCCESS
5700,0,41,27,CARGO,FAILURE
5701,1,30,13,PASSENGER,FAILURE
5702,1,36,58,PASSENGER,SUCCESS
5703,0,53,12,CARGO,FAILURE
5704,1,59,32,CARGO,FAILURE
5705,1,33,9,CARGO,FAILURE
5706,1,57,24,PASSENGER,FAILURE
5707,0,20,79,PASSENGER,SUCCESS
5708,1,38,70,PASSENGER,SUCCESS
5709,0,53,31,CARGO,FAILURE
5710,0,68,24,CARGO,FAILURE
5711,1,47,6,PASSENGER,FAILURE
5712,0,61,18,CARGO,FAILURE
5713,1,59,11,CARGO,FAILURE
5714,1,46,37,CARGO,FAILURE
5715,0,18,85,PASSENGER,SUCCESS
5716,1,69,36,PASSENGER,FAILURE
5717,0,29,88,PASSENGER,SUCCESS
5718,1,47,35,CARGO,FAILURE
5719,1,23,74,PASSENGER,SUCCESS
5720,1,38,28,PASSENGER,FAILURE
5721,1,67,18,PASSENGER,FAILURE
5722,0,56,35,CARGO,FAILURE
5723,1,26,51,PASSENGER,SUCCESS
5724,0,42,34,CARGO,FAILURE
5725,0,69,14,CARGO,FAILURE
5726,1,50,40,PASSENGER,FAILURE
5727,0,31,20,CARGO,FAILURE
5728,0,57,17,PASSENGER,FAILURE
5729,0,38,74,PASSENGER,SUCCESS
5730,0,23,48,PASSENGER,SUCCESS
5731,0,18,71,CARGO,SUCCESS
5732,0,49,8,PASSENGER,FAILURE
5733,0,20,95,PASSENGER,SUCCESS
5734,1,60,38,CARGO,FAILURE
5735,0,33,74,CARGO,SUCCESS
5736,1,25,44,PASSENGER,SUCCESS
5737,0,27,30,PASSENGER,SUCCESS
5738,1,67,11,PASSENGER,FAILURE
5739,1,33,11,CARGO,FAILURE
5740,0,28,47,PASSENGER,SUCCESS
5741,1,65,23,CARGO,FAILURE
5742,0,36,57,PASSENGER,SUCCESS
5743,0,33,72,CARGO,SUCCESS
5744,0,30,30,PASSENGER,SUCCESS
5745,1,70,25,PASSENGER,FAILURE
5746,0,35,11,PASSENGER,FAILURE
5747,1,38,28,PASSENGER,FAILURE
5748,1,60,17,CARGO,FAILURE
5749,1,39,40,PASSENGER,SUCCESS
5750,0,22,84,PASSENGER,SUCCESS
5751,1,41,35,PASSENGER,FAILURE
5752,1,31,83,PASSENGER,SUCCESS
5753,1,62,16,CARGO,FAILURE
5754,0,23,80,CARGO,SUCCESS
5755,0,36,32,PASSENGER,FAILURE
5756,1,60,34,CARGO,FAILURE
5757,0,39,31,PASSENGER,FAILURE
5758,0,44,39,CARGO,SUCCESS
5759,0,21,62,PASSENGER,SUCCESS
5760,1,39,5,CARGO,FAILURE
5761,1,18,86,PASSENGER,SUCCESS
5762,1,31,20,PASSENGER,FAILURE
5763,0,36,65,PASSENGER,SUCCESS
5764,1,19,65,CARGO,SUCCESS
5765,0,52,26,CARGO,FAILURE
5766,0,21,60,CARGO,SUCCESS
5767,0,64,26,CARGO,FAILURE
5768,1,64,20,CARGO,FAILURE
5769,0,19,78,PASSENGER,SUCCESS
5770,1,35,47,PASSENGER,SUCCESS
5771,1,40,12,PASSENGER,FAILURE
5772,1,25,45,PASSENGER,SUCCESS
5773,1,35,6,CARGO,FAILURE
5774,1,42,22,CARGO,FAILURE
5775,0,36,22,CARGO,FAILURE
5776,1,40,67,CARGO,SUCCESS
5777,1,40,83,PASSENGER,SUCCESS
5778,1,45,79,PASSENGER,SUCCESS
5779,0,49,9,PASSENGER,FAILURE
5780,1,42,72,PASSENGER,SUCCESS
5781,0,32,27,PASSENGER,FAILURE
5782,0,61,40,CARGO,FAILURE
5783,0,63,5,CARGO,FAILURE
5784,0,33,81,PASSENGER,SUCCESS
5785,0,54,32,PASSENGER,FAILURE
5786,1,37,89,PASSENGER,SUCCESS
5787,1,68,23,CARGO,FAILURE
5788,0,33,35,PASSENGER,SUCCESS
5789,1,18,94,PASSENGER,SUCCESS
5790,0,67,15,CARGO,FAILURE
5791,0,43,17,CARGO,FAILURE
5792,0,41,27,CARGO,FAILURE
5793,0,23,31,PASSENGER,SUCCESS
5794,1,50,17,CARGO,FAILURE
5795,0,18,92,PASSENGER,SUCCESS
5796,0,39,18,PASSENGER,FAILURE
5797,0,38,53,PASSENGER,SUCCESS
5798,0,32,5,CARGO,FAILURE
5799,0,35,30,CARGO,FAILURE
5800,1,62,38,CARGO,FAILURE
5801,1,52,6,CARGO,FAILURE
5802,1,29,69,PASSENGER,SUCCESS
5803,0,32,37,CARGO,FAILURE
5804,1,65,27,PASSENGER,FAILURE
5805,0,25,31,PASSENGER,SUCCESS
5806,0,55,20,CARGO,FAILURE
5807,1,32,96,CARGO,SUCCESS
5808,0,45,27,CARGO,FAILURE
5809,1,37,25,CARGO,FAILURE
5810,1,30,51,CARGO,SUCCESS
5811,0,32,46,CARGO,SUCCESS
5812,0,58,21,CARGO,FAILURE
5813,0,57,13,PASSENGER,FAILURE
5814,0,57,22,CARGO,FAILURE
5815,1,19,94,PASSENGER,SUCCESS
5816,0,27,86,PASSENGER,SUCCESS
5817,0,22,58,PASSENGER,SUCCESS
5818,0,37,46,CARGO,SUCCESS
5819,1,50,24,CARGO,FAILURE
5820,1,37,24,CARGO,FAILURE
5821,0,69,9,PASSENGER,FAILURE
5822,0,31,41,PASSENGER,SUCCESS
5823,0,34,25,PASSENGER,FAILURE
5824,1,18,83,PASSENGER,SUCCESS
5825,1,57,35,PASSENGER,FAILURE
5826,1,59,11,PASSENGER,FAILURE
5827,1,31,17,CARGO,FAILURE
5828,1,22,45,PASSENGER,SUCCESS
5829,1,47,23,PASSENGER,FAILURE
5830,0,70,13,CARGO,FAILURE
5831,1,62,33,PASSENGER,FAILURE
5832,0,62,17,CARGO,FAILURE
5833,1,65,40,PASSENGER,FAILURE
5834,0,39,36,CARGO,FAILURE
5835,0,35,6,PASSENGER,FAILURE
5836,0,21,38,PASSENGER,SUCCESS
5837,1,23,70,CARGO,SUCCESS
5838,0,44,69,PASSENGER,SUCCESS
5839,1,58,39,PASSENGER,FAILURE
5840,1,33,40,CARGO,FAILURE
5841,1,32,91,PASSENGER,SUCCESS
5842,0,45,5,PASSENGER,FAILURE
5843,0,46,18,PASSENGER,FAILURE
5844,1,67,37,CARGO,FAILURE
5845,0,34,92,CARGO,SUCCESS
5846,1,23,34,PASSENGER,SUCCESS
5847,1,41,95,PASSENGER,SUCCESS
5848,0,39,11,PASSENGER,FAILURE
5849,1,62,13,CARGO,FAILURE
5850,0,34,36,CARGO,FAILURE
5851,0,31,83,PASSENGER,SUCCESS
5852,1,35,5,CARGO,FAILURE
5853,1,20,51,CARGO,SUCCESS
5854,0,69,13,CARGO,FAILURE
5855,0,58,34,CARGO,FAILURE
5856,0,33,9,CARGO,FAILURE
5857,1,53,34,PASSENGER,FAILURE
5858,0,66,7,CARGO,FAILURE
5859,1,32,12,PASSENGER,FAILURE
5860,1,22,91,PASSENGER,SUCCESS
5861,1,60,26,CARGO,FAILURE
5862,0,35,81,CARGO,SUCCESS
5863,1,57,25,CARGO,FAILURE
5864,1,42,35,PASSENGER,SUCCESS
5865,1,43,29,CARGO,FAILURE
5866,1,46,23,CARGO,FAILURE
5867,0,40,70,PASSENGER,SUCCESS
5868,1,37,9,CARGO,FAILURE
5869,0,48,8,CARGO,FAILURE
5870,1,66,28,CARGO,FAILURE
5871,0,27,35,PASSENGER,SUCCESS
5872,1,41,40,CARGO,FAILURE
5873,0,23,66,CARGO,SUCCESS
5874,1,27,44,CARGO,SUCCESS
5875,0,34,26,PASSENGER,FAILURE
5876,1,36,6,CARGO,FAILURE
5877,1,47,10,CARGO,FAILURE
5878,1,18,87,PASSENGER,SUCCESS
5879,0,60,29,PASSENGER,FAILURE
5880,0,59,26,CARGO,FAILURE
5881,0,70,19,PASSENGER,FAILURE
5882,0,54,12,CARGO,FAILURE
5883,0,30,57,PASSENGER,SUCCESS
5884,0,60,28,PASSENGER,FAILURE
5885,1,69,30,PASSENGER,FAILURE
5886,0,36,20,CARGO,FAILURE
5887,1,30,79,CARGO,SUCCESS
5888,0,24,89,PASSENGER,SUCCESS
5889,0,35,39,CARGO,SUCCESS
5890,0,35,37,PASSENGER,SUCCESS
5891,1,53,6,PASSENGER,FAILURE
5892,0,62,26,CARGO,FAILURE
5893,0,36,70,CARGO,SUCCESS
5894,1,59,18,CARGO,FAILURE
5895,1,67,21,CARGO,FAILURE
5896,0,48,5,CARGO,FAILURE
5897,1,39,93,PASSENGER,SUCCESS
5898,1,45,16,PASSENGER,FAILURE
5899,0,33,37,CARGO,FAILURE
5900,0,47,13,CARGO,FAILURE
5901,0,35,95,CARGO,SUCCESS
5902,0,45,64,PASSENGER,SUCCESS
5903,0,52,26,CARGO,FAILURE
5904,1,28,34,PASSENGER,SUCCESS
5905,1,42,14,PASSENGER,FAILURE
5906,1,44,16,CARGO,FAILURE
5907,0,38,99,CARGO,SUCCESS
5908,0,20,70,CARGO,SUCCESS
5909,0,53,20,CARGO,FAILURE
5910,0,33,83,PASSENGER,SUCCESS
5911,1,46,11,CARGO,FAILURE
5912,1,35,65,PASSENGER,SUCCESS
5913,1,35,73,PASSENGER,SUCCESS
5914,0,29,48,PASSENGER,SUCCESS
5915,0,45,30,CARGO,FAILURE
5916,0,61,15,CARGO,FAILURE
5917,0,35,28,CARGO,FAILURE
5918,1,45,9,CARGO,FAILURE
5919,0,66,8,PASSENGER,FAILURE
5920,1,20,55,PASSENGER,SUCCESS
5921,0,50,40,CARGO,FAILURE
5922,1,37,57,PASSENGER,SUCCESS
5923,0,25,75,PASSENGER,SUCCESS
5924,0,29,63,PASSENGER,SUCCESS
5925,0,32,7,CARGO,FAILURE
5926,1,38,30,CARGO,FAILURE
5927,1,55,33,CARGO,FAILURE
5928,1,20,64,PASSENGER,SUCCESS
5929,0,35,34,PASSENGER,SUCCESS
5930,1,37,31,CARGO,FAILURE
5931,0,40,95,PASSENGER,SUCCESS
5932,0,40,22,PASSENGER,FAILURE
5933,0,39,14,PASSENGER,FAILURE
5934,1,31,27,PASSENGER,FAILURE
5935,0,31,69,PASSENGER,SUCCESS
5936,0,42,80,PASSENGER,SUCCESS
5937,1,42,30,CARGO,SUCCESS
5938,0,24,95,PASSENGER,SUCCESS
5939,0,48,39,CARGO,FAILURE
5940,1,35,35,CARGO,FAILURE
5941,0,42,52,PASSENGER,SUCCESS
5942,1,41,66,PASSENGER,SUCCESS
5943,1,19,91,PASSENGER,SUCCESS
5944,1,69,28,CARGO,FAILURE
5945,1,25,74,PASSENGER,SUCCESS
5946,0,33,62,PASSENGER,SUCCESS
5947,1,36,95,PASSENGER,SUCCESS
5948,1,25,67,PASSENGER,SUCCESS
5949,0,31,26,CARGO,FAILURE
5950,1,34,88,PASSENGER,SUCCESS
5951,0,44,55,PASSENGER,SUCCESS
5952,0,40,69,PASSENGER,SUCCESS
5953,1,36,41,PASSENGER,SUCCESS
5954,1,31,91,PASSENGER,SUCCESS
5955,0,57,5,CARGO,FAILURE
5956,1,18,79,PASSENGER,SUCCESS
5957,1,64,8,PASSENGER,FAILURE
5958,1,69,40,CARGO,FAILURE
5959,1,44,40,CARGO,FAILURE
5960,1,22,77,PASSENGER,SUCCESS
5961,1,32,81,PASSENGER,SUCCESS
5962,1,31,42,PASSENGER,SUCCESS
5963,0,41,95,PASSENGER,SUCCESS
5964,0,19,42,PASSENGER,SUCCESS
5965,1,22,52,PASSENGER,SUCCESS
5966,0,30,34,CARGO,FAILURE
5967,1,26,76,PASSENGER,SUCCESS
5968,0,44,39,PASSENGER,SUCCESS
5969,0,62,20,CARGO,FAILURE
5970,0,62,8,CARGO,FAILURE
5971,1,37,58,PASSENGER,SUCCESS
5972,1,31,34,CARGO,FAILURE
5973,1,45,72,PASSENGER,SUCCESS
5974,1,34,8,CARGO,FAILURE
5975,1,34,58,PASSENGER,SUCCESS
5976,0,36,52,PASSENGER,SUCCESS
5977,0,70,23,CARGO,FAILURE
5978,1,26,50,PASSENGER,SUCCESS
5979,1,34,29,CARGO,FAILURE
5980,0,40,44,PASSENGER,SUCCESS
5981,0,39,73,PASSENGER,SUCCESS
5982,1,35,77,CARGO,SUCCESS
5983,1,38,50,PASSENGER,SUCCESS
5984,0,32,70,PASSENGER,SUCCESS
5985,1,35,8,PASSENGER,FAILURE
5986,1,31,34,CARGO,FAILURE
5987,0,64,11,PASSENGER,FAILURE
5988,1,24,88,PASSENGER,SUCCESS
5989,0,65,24,CARGO,FAILURE
5990,0,34,47,PASSENGER,SUCCESS
5991,0,41,39,CARGO,FAILURE
5992,0,35,9,PASSENGER,FAILURE
5993,1,18,68,PASSENGER,SUCCESS
5994,0,40,39,CARGO,FAILURE
5995,0,39,14,CARGO,FAILURE
5996,0,34,27,CARGO,FAILURE
5997,0,62,20,CARGO,FAILURE
5998,1,49,20,CARGO,FAILURE
5999,1,56,40,CARGO,FAILURE
6000,0,34,20,CARGO,FAILURE
6001,0,31,14,PASSENGER,FAILURE
6002,0,65,30,PASSENGER,FAILURE
6003,1,22,73,CARGO,SUCCESS
6004,0,41,75,PASSENGER,SUCCESS
6005,1,53,12,CARGO,FAILURE
6006,0,31,80,PASSENGER,SUCCESS
6007,1,18,59,PASSENGER,SUCCESS
6008,0,49,9,CARGO,FAILURE
6009,0,31,43,CARGO,SUCCESS
6010,1,60,13,CARGO,FAILURE
6011,1,54,6,CARGO,FAILURE
6012,0,64,25,CARGO,FAILURE
6013,1,39,14,CARGO,FAILURE
6014,0,66,26,CARGO,FAILURE
6015,1,39,22,CARGO,FAILURE
6016,1,22,72,PASSENGER,SUCCESS
6017,1,33,36,CARGO,SUCCESS
6018,0,38,35,CARGO,FAILURE
6019,1,25,89,PASSENGER,SUCCESS
6020,1,61,7,CARGO,FAILURE
6021,1,27,58,PASSENGER,SUCCESS
6022,1,30,6,CARGO,FAILURE
6023,0,62,39,CARGO,FAILURE
6024,0,40,12,CARGO,FAILURE
6025,0,47,5,PASSENGER,FAILURE
6026,1,30,31,CARGO,FAILURE
6027,1,27,56,CARGO,SUCCESS
6028,0,54,28,CARGO,FAILURE
6029,0,39,29,PASSENGER,FAILURE
6030,0,32,8,PASSENGER,FAILURE
6031,0,35,67,PASSENGER,SUCCESS
6032,0,50,26,CARGO,FAILURE
6033,0,48,21,CARGO,FAILURE
6034,0,53,8,CARGO,FAILURE
6035,1,41,12,PASSENGER,FAILURE
6036,1,43,39,CARGO,FAILURE
6037,0,59,32,PASSENGER,FAILURE
6038,1,38,37,CARGO,SUCCESS
6039,0,65,9,PASSENGER,FAILURE
6040,1,29,64,PASSENGER,SUCCESS
6041,1,43,58,PASSENGER,SUCCESS
6042,0,42,74,PASSENGER,SUCCESS
6043,1,60,13,CARGO,FAILURE
6044,1,61,9,CARGO,FAILURE
6045,0,43,40,CARGO,FAILURE
6046,1,32,98,PASSENGER,SUCCESS
6047,0,68,6,CARGO,FAILURE
6048,0,63,35,CARGO,FAILURE
6049,0,45,86,PASSENGER,SUCCESS
6050,0,26,73,CARGO,SUCCESS
6051,0,41,45,PASSENGER,SUCCESS
6052,1,56,17,CARGO,FAILURE
6053,0,33,51,PASSENGER,SUCCESS
6054,1,44,37,CARGO,SUCCESS
6055,0,38,68,PASSENGER,SUCCESS
6056,0,39,81,PASSENGER,SUCCESS
6057,1,20,70,PASSENGER,SUCCESS
6058,1,21,38,PASSENGER,SUCCESS
6059,0,37,33,PASSENGER,SUCCESS
6060,1,42,69,CARGO,SUCCESS
6061,0,20,90,CARGO,SUCCESS
6062,1,68,35,PASSENGER,FAILURE
6063,1,18,66,PASSENGER,SUCCESS
6064,0,43,39,CARGO,FAILURE
6065,0,49,11,CARGO,FAILURE
6066,0,52,5,PASSENGER,FAILURE
6067,1,39,15,CARGO,FAILURE
6068,1,25,89,PASSENGER,SUCCESS
6069,1,43,5,PASSENGER,FAILURE
6070,1,34,25,CARGO,FAILURE
6071,1,63,36,CARGO,FAILURE
6072,0,37,62,CARGO,SUCCESS
6073,0,19,69,PASSENGER,SUCCESS
6074,0,32,42,PASSENGER,SUCCESS
6075,1,44,23,CARGO,FAILURE
6076,1,55,16,PASSENGER,FAILURE
6077,1,35,42,PASSENGER,SUCCESS
6078,1,61,14,PASSENGER,FAILURE
6079,0,21,79,PASSENGER,SUCCESS
6080,1,24,55,PASSENGER,SUCCESS
6081,1,30,39,PASSENGER,SUCCESS
6082,1,44,23,PASSENGER,FAILURE
6083,0,32,17,PASSENGER,FAILURE
6084,1,45,23,CARGO,FAILURE
6085,1,62,21,PASSENGER,FAILURE
6086,1,52,37,CARGO,FAILURE
6087,1,53,29,CARGO,FAILURE
6088,1,34,43,PASSENGER,SUCCESS
6089,0,34,24,CARGO,FAILURE
6090,1,49,29,PASSENGER,FAILURE
6091,1,63,17,CARGO,FAILURE
6092,0,55,27,PASSENGER,FAILURE
6093,0,30,19,PASSENGER,FAILURE
6094,1,57,22,CARGO,FAILURE
6095,0,38,42,PASSENGER,SUCCESS
6096,1,31,71,PASSENGER,SUCCESS
6097,1,38,62,PASSENGER,SUCCESS
6098,0,55,15,PASSENGER,FAILURE
6099,1,40,96,PASSENGER,SUCCESS
6100,0,41,53,PASSENGER,SUCCESS
6101,0,55,20,CARGO,FAILURE
6102,0,51,13,PASSENGER,FAILURE
6103,0,52,30,PASSENGER,FAILURE
6104,0,22,37,PASSENGER,SUCCESS
6105,1,50,25,PASSENGER,FAILURE
6106,1,65,11,CARGO,FAILURE
6107,0,26,37,PASSENGER,SUCCESS
6108,0,54,38,CARGO,FAILURE
6109,0,45,53,CARGO,SUCCESS
6110,0,51,30,CARGO,FAILURE
6111,0,31,35,PASSENGER,FAILURE
6112,1,70,36,CARGO,FAILURE
6113,1,54,28,CARGO,FAILURE
6114,0,40,78,PASSENGER,SUCCESS
6115,0,34,14,PASSENGER,FAILURE
6116,0,62,17,PASSENGER,FAILURE
6117,1,47,29,PASSENGER,FAILURE
6118,1,69,33,PASSENGER,FAILURE
6119,1,40,5,PASSENGER,FAILURE
6120,0,34,95,CARGO,SUCCESS
6121,1,22,33,PASSENGER,SUCCESS
6122,1,32,87,PASSENGER,SUCCESS
6123,1,30,76,CARGO,SUCCESS
6124,0,36,31,CARGO,FAILURE
6125,1,41,56,PASSENGER,SUCCESS
6126,1,40,78,PASSENGER,SUCCESS
6127,1,36,19,CARGO,FAILURE
6128,1,53,9,CARGO,FAILURE
6129,0,40,13,CARGO,FAILURE
6130,0,69,29,PASSENGER,FAILURE
6131,0,25,58,PASSENGER,SUCCESS
6132,0,20,68,PASSENGER,SUCCESS
6133,0,30,23,CARGO,FAILURE
6134,0,22,97,PASSENGER,SUCCESS
6135,1,28,78,PASSENGER,SUCCESS
6136,1,43,61,PASSENGER,SUCCESS
6137,0,42,5,CARGO,FAILURE
6138,1,61,30,CARGO,FAILURE
6139,1,56,33,CARGO,FAILURE
6140,0,54,23,CARGO,FAILURE
6141,0,62,14,PASSENGER,FAILURE
6142,0,41,71,CARGO,SUCCESS
6143,1,42,31,PASSENGER,SUCCESS
6144,0,21,100,CARGO,SUCCESS
6145,1,48,38,PASSENGER,FAILURE
6146,0,42,83,PASSENGER,SUCCESS
6147,0,60,12,CARGO,FAILURE
6148,0,27,36,CARGO,SUCCESS
6149,0,32,22,CARGO,FAILURE
6150,0,48,36,CARGO,FAILURE
6151,0,70,39,PASSENGER,FAILURE
6152,1,23,84,PASSENGER,SUCCESS
6153,1,24,35,PASSENGER,SUCCESS
6154,0,35,80,PASSENGER,SUCCESS
6155,0,34,51,PASSENGER,SUCCESS
6156,0,19,78,PASSENGER,SUCCESS
6157,1,49,12,CARGO,FAILURE
6158,1,37,21,CARGO,FAILURE
6159,0,65,8,PASSENGER,FAILURE
6160,0,41,88,PASSENGER,SUCCESS
6161,1,35,8,CARGO,FAILURE
6162,1,66,10,CARGO,FAILURE
6163,0,51,18,CARGO,FAILURE
6164,0,70,12,CARGO,FAILURE
6165,1,55,19,PASSENGER,FAILURE
6166,0,35,81,PASSENGER,SUCCESS
6167,0,30,29,PASSENGER,FAILURE
6168,0,22,97,PASSENGER,SUCCESS
6169,0,38,78,PASSENGER,SUCCESS
6170,0,33,86,PASSENGER,SUCCESS
6171,1,56,15,PASSENGER,FAILURE
6172,0,30,30,PASSENGER,SUCCESS
6173,1,53,7,CARGO,FAILURE
6174,0,39,56,PASSENGER,SUCCESS
6175,0,38,14,PASSENGER,FAILURE
6176,0,47,12,CARGO,FAILURE
6177,1,21,74,PASSENGER,SUCCESS
6178,1,18,58,PASSENGER,SUCCESS
6179,0,45,78,PASSENGER,SUCCESS
6180,0,37,72,PASSENGER,SUCCESS
6181,1,34,5,PASSENGER,FAILURE
6182,1,30,71,PASSENGER,SUCCESS
6183,1,58,10,CARGO,FAILURE
6184,0,41,27,CARGO,FAILURE
6185,1,22,91,PASSENGER,SUCCESS
6186,0,37,64,PASSENGER,SUCCESS
6187,1,41,55,CARGO,SUCCESS
6188,1,34,98,PASSENGER,SUCCESS
6189,0,51,7,CARGO,FAILURE
6190,1,23,48,PASSENGER,SUCCESS
6191,0,39,53,CARGO,SUCCESS
6192,1,66,15,PASSENGER,FAILURE
6193,1,62,22,CARGO,FAILURE
6194,0,54,28,PASSENGER,FAILURE
6195,0,52,30,PASSENGER,FAILURE
6196,0,64,25,CARGO,FAILURE
6197,1,43,76,PASSENGER,SUCCESS
6198,1,18,58,CARGO,SUCCESS
6199,0,39,43,PASSENGER,SUCCESS
6200,0,20,78,PASSENGER,SUCCESS
6201,1,34,86,CARGO,SUCCESS
6202,0,43,11,PASSENGER,FAILURE
6203,1,42,70,PASSENGER,SUCCESS
6204,1,41,17,CARGO,FAILURE
6205,0,39,78,PASSENGER,SUCCESS
6206,0,39,32,PASSENGER,FAILURE
6207,0,44,23,CARGO,FAILURE
6208,1,21,98,PASSENGER,SUCCESS
6209,1,31,67,CARGO,SUCCESS
6210,1,32,21,PASSENGER,FAILURE
6211,0,18,57,PASSENGER,SUCCESS
6212,1,23,78,PASSENGER,SUCCESS
6213,0,39,28,CARGO,FAILURE
6214,0,31,92,PASSENGER,SUCCESS
6215,0,70,18,CARGO,FAILURE
6216,0,22,59,PASSENGER,SUCCESS
6217,1,39,10,CARGO,FAILURE
6218,1,42,54,CARGO,SUCCESS
6219,1,41,30,PASSENGER,SUCCESS
6220,0,35,53,CARGO,SUCCESS
6221,1,26,80,PASSENGER,SUCCESS
6222,0,36,80,CARGO,SUCCESS
6223,0,65,24,PASSENGER,FAILURE
6224,1,42,90,PASSENGER,SUCCESS
6225,0,36,6,CARGO,FAILURE
6226,0,39,77,PASSENGER,SUCCESS
6227,1,43,33,PASSENGER,FAILURE
6228,1,29,66,PASSENGER,SUCCESS
6229,0,50,32,CARGO,FAILURE
6230,1,28,82,PASSENGER,SUCCESS
6231,0,41,23,CARGO,FAILURE
6232,1,53,40,PASSENGER,FAILURE
6233,0,28,42,PASSENGER,SUCCESS
6234,1,47,9,CARGO,FAILURE
6235,0,43,19,PASSENGER,FAILURE
6236,1,26,40,PASSENGER,SUCCESS
6237,0,56,26,CARGO,FAILURE
6238,0,57,6,PASSENGER,FAILURE
6239,1,54,11,CARGO,FAILURE
6240,1,36,23,CARGO,FAILURE
6241,1,54,32,CARGO,FAILURE
6242,0,42,43,PASSENGER,SUCCESS
6243,0,18,66,PASSENGER,SUCCESS
6244,1,19,90,PASSENGER,SUCCESS
6245,1,66,35,PASSENGER,FAILURE
6246,0,31,14,CARGO,FAILURE
6247,0,60,28,CARGO,FAILURE
6248,0,59,32,CARGO,FAILURE
6249,1,52,40,CARGO,FAILURE
6250,1,58,16,PASSENGER,FAILURE
6251,0,32,63,PASSENGER,SUCCESS
6252,0,66,29,CARGO,FAILURE
6253,0,50,33,PASSENGER,FAILURE
6254,0,39,63,CARGO,SUCCESS
6255,0,29,96,CARGO,SUCCESS
6256,0,38,14,CARGO,FAILURE
6257,0,55,17,PASSENGER,FAILURE
6258,0,18,34,PASSENGER,SUCCESS
6259,1,62,7,CARGO,FAILURE
6260,0,40,94,PASSENGER,SUCCESS
6261,1,23,72,PASSENGER,SUCCESS
6262,1,27,39,CARGO,SUCCESS
6263,0,34,16,PASSENGER,FAILURE
6264,0,37,45,PASSENGER,SUCCESS
6265,0,38,63,PASSENGER,SUCCESS
6266,1,35,10,CARGO,FAILURE
6267,1,38,56,PASSENGER,SUCCESS
6268,0,28,70,CARGO,SUCCESS
6269,0,54,10,PASSENGER,FAILURE
6270,0,60,6,PASSENGER,FAILURE
6271,0,54,33,PASSENGER,FAILURE
6272,1,35,25,CARGO,FAILURE
6273,0,23,51,PASSENGER,SUCCESS
6274,0,23,98,PASSENGER,SUCCESS
6275,1,26,81,PASSENGER,SUCCESS
6276,1,43,5,PASSENGER,FAILURE
6277,1,33,27,PASSENGER,FAILURE
6278,1,53,37,PASSENGER,FAILURE
6279,1,26,95,PASSENGER,SUCCESS
6280,0,38,26,CARGO,FAILURE
6281,1,42,74,PASSENGER,SUCCESS
6282,1,42,97,PASSENGER,SUCCESS
6283,0,29,56,PASSENGER,SUCCESS
6284,1,69,20,PASSENGER,FAILURE
6285,0,54,26,CARGO,FAILURE
6286,0,38,54,PASSENGER,SUCCESS
6287,1,22,53,CARGO,SUCCESS
6288,0,28,85,CARGO,SUCCESS
6289,0,36,50,PASSENGER,SUCCESS
6290,0,26,85,PASSENGER,SUCCESS
6291,0,57,26,PASSENGER,FAILURE
6292,0,40,26,PASSENGER,FAILURE
6293,1,63,30,PASSENGER,FAILURE
6294,1,65,9,PASSENGER,FAILURE
6295,1,19,71,PASSENGER,SUCCESS
6296,0,64,32,CARGO,FAILURE
6297,1,70,13,CARGO,FAILURE
6298,0,40,66,PASSENGER,SUCCESS
6299,0,31,15,CARGO,FAILURE
6300,1,47,34,PASSENGER,FAILURE
6301,0,38,37,CARGO,FAILURE
6302,1,40,52,CARGO,SUCCESS
6303,0,49,8,CARGO,FAILURE
6304,0,49,6,CARGO,FAILURE
6305,0,38,16,CARGO,FAILURE
6306,1,30,93,PASSENGER,SUCCESS
6307,0,70,37,PASSENGER,FAILURE
6308,0,62,14,CARGO,FAILURE
6309,0,39,60,PASSENGER,SUCCESS
6310,1,56,28,CARGO,FAILURE
6311,1,22,48,PASSENGER,SUCCESS
6312,1,29,58,PASSENGER,SUCCESS
6313,0,33,64,PASSENGER,SUCCESS
6314,0,32,83,PASSENGER,SUCCESS
6315,0,47,31,PASSENGER,FAILURE
6316,1,30,42,CARGO,SUCCESS
6317,1,28,75,CARGO,SUCCESS
6318,0,38,29,CARGO,FAILURE
6319,1,23,38,PASSENGER,SUCCESS
6320,0,38,38,PASSENGER,SUCCESS
6321,1,31,29,CARGO,FAILURE
6322,1,20,32,PASSENGER,SUCCESS
6323,0,59,20,PASSENGER,FAILURE
6324,1,44,22,CARGO,FAILURE
6325,0,65,20,CARGO,FAILURE
6326,1,42,38,PASSENGER,SUCCESS
6327,1,53,29,CARGO,FAILURE
6328,1,47,30,CARGO,FAILURE
6329,0,18,56,PASSENGER,SUCCESS
6330,1,32,6,PASSENGER,FAILURE
6331,0,69,9,PASSENGER,FAILURE
6332,1,69,40,CARGO,FAILURE
6333,0,30,31,PASSENGER,FAILURE
6334,1,40,81,PASSENGER,SUCCESS
6335,0,43,19,CARGO,FAILURE
6336,0,62,18,PASSENGER,FAILURE
6337,1,68,25,CARGO,FAILURE
6338,0,31,42,PASSENGER,SUCCESS
6339,0,53,16,CARGO,FAILURE
6340,1,52,21,CARGO,FAILURE
6341,0,39,36,PASSENGER,SUCCESS
6342,1,36,7,PASSENGER,FAILURE
6343,1,43,91,PASSENGER,SUCCESS
6344,0,46,18,CARGO,FAILURE
6345,1,51,16,PASSENGER,FAILURE
6346,0,57,19,PASSENGER,FAILURE
6347,1,58,39,CARGO,FAILURE
6348,1,63,23,PASSENGER,FAILURE
6349,1,32,19,PASSENGER,FAILURE
6350,0,41,21,CARGO,FAILURE
6351,1,67,31,CARGO,FAILURE
6352,1,43,18,PASSENGER,FAILURE
6353,0,47,39,CARGO,FAILURE
6354,1,20,96,PASSENGER,SUCCESS
6355,1,37,38,PASSENGER,SUCCESS
6356,0,65,17,CARGO,FAILURE
6357,0,41,39,PASSENGER,FAILURE
6358,0,43,33,PASSENGER,SUCCESS
6359,0,28,62,CARGO,SUCCESS
6360,1,28,99,PASSENGER,SUCCESS
6361,1,44,35,PASSENGER,SUCCESS
6362,0,22,74,CARGO,SUCCESS
6363,1,19,46,PASSENGER,SUCCESS
6364,1,43,21,CARGO,FAILURE
6365,1,32,26,PASSENGER,FAILURE
6366,0,43,85,PASSENGER,SUCCESS
6367,0,44,84,PASSENGER,SUCCESS
6368,1,25,32,CARGO,SUCCESS
6369,1,49,7,CARGO,FAILURE
6370,0,45,37,PASSENGER,SUCCESS
6371,1,38,55,PASSENGER,SUCCESS
6372,1,45,82,PASSENGER,SUCCESS
6373,1,25,74,PASSENGER,SUCCESS
6374,1,39,60,PASSENGER,SUCCESS
6375,1,42,37,CARGO,FAILURE
6376,1,48,8,CARGO,FAILURE
6377,0,61,17,CARGO,FAILURE
6378,0,26,35,PASSENGER,SUCCESS
6379,1,62,7,CARGO,FAILURE
6380,0,40,22,CARGO,FAILURE
6381,1,34,64,PASSENGER,SUCCESS
6382,0,43,19,PASSENGER,FAILURE
6383,0,38,68,PASSENGER,SUCCESS
6384,1,41,39,CARGO,SUCCESS
6385,1,64,21,CARGO,FAILURE
6386,0,24,83,PASSENGER,SUCCESS
6387,1,21,96,PASSENGER,SUCCESS
6388,0,64,14,CARGO,FAILURE
6389,1,48,25,PASSENGER,FAILURE
6390,1,59,22,CARGO,FAILURE
6391,0,42,30,CARGO,FAILURE
6392,0,51,11,PASSENGER,FAILURE
6393,1,55,12,PASSENGER,FAILURE
6394,0,18,91,PASSENGER,SUCCESS
6395,1,50,28,PASSENGER,FAILURE
6396,0,47,30,PASSENGER,FAILURE
6397,1,35,6,CARGO,FAILURE
6398,1,52,15,CARGO,FAILURE
6399,0,43,31,CARGO,FAILURE
6400,0,60,17,CARGO,FAILURE
6401,1,31,12,CARGO,FAILURE
6402,0,45,12,PASSENGER,SUCCESS
6403,1,35,69,PASSENGER,FAILURE
6404,1,19,59,PASSENGER,SUCCESS
6405,1,59,25,CARGO,FAILURE
6406,1,31,59,PASSENGER,FAILURE
6407,0,30,15,CARGO,SUCCESS
6408,1,31,67,PASSENGER,SUCCESS
6409,0,35,25,CARGO,SUCCESS
6410,1,43,7,CARGO,FAILURE
6411,0,63,5,CARGO,FAILURE
6412,1,29,65,CARGO,FAILURE
6413,0,34,18,CARGO,SUCCESS
6414,1,48,21,CARGO,SUCCESS
6415,1,30,100,PASSENGER,SUCCESS
6416,1,67,18,CARGO,FAILURE
6417,1,62,10,PASSENGER,FAILURE
6418,0,33,21,PASSENGER,FAILURE
6419,1,31,36,PASSENGER,SUCCESS
6420,1,21,62,PASSENGER,SUCCESS
6421,0,43,11,CARGO,FAILURE
6422,0,25,61,PASSENGER,SUCCESS
6423,1,65,19,CARGO,FAILURE
6424,0,37,35,PASSENGER,SUCCESS
6425,1,28,54,CARGO,SUCCESS
6426,1,21,54,PASSENGER,SUCCESS
6427,0,46,22,CARGO,FAILURE
6428,1,34,33,CARGO,FAILURE
6429,1,51,23,PASSENGER,FAILURE
6430,1,48,13,PASSENGER,FAILURE
6431,0,49,37,PASSENGER,FAILURE
6432,1,62,24,PASSENGER,FAILURE
6433,1,20,33,PASSENGER,SUCCESS
6434,1,37,56,PASSENGER,SUCCESS
6435,1,62,6,CARGO,FAILURE
6436,1,43,18,CARGO,FAILURE
6437,1,41,60,PASSENGER,SUCCESS
6438,1,38,19,CARGO,FAILURE
6439,0,40,25,CARGO,FAILURE
6440,0,19,72,PASSENGER,SUCCESS
6441,1,32,36,PASSENGER,FAILURE
6442,0,30,93,CARGO,SUCCESS
6443,0,65,32,PASSENGER,FAILURE
6444,1,19,53,PASSENGER,SUCCESS
6445,0,65,6,CARGO,FAILURE
6446,1,43,37,PASSENGER,SUCCESS
6447,1,66,28,CARGO,FAILURE
6448,0,43,55,PASSENGER,SUCCESS
6449,1,55,34,PASSENGER,FAILURE
6450,0,62,16,PASSENGER,FAILURE
6451,1,18,79,PASSENGER,SUCCESS
6452,0,44,38,PASSENGER,FAILURE
6453,0,67,21,PASSENGER,FAILURE
6454,1,36,39,PASSENGER,FAILURE
6455,0,39,81,PASSENGER,SUCCESS
6456,1,38,25,PASSENGER,FAILURE
6457,1,23,49,PASSENGER,SUCCESS
6458,0,54,23,CARGO,FAILURE
6459,1,30,24,CARGO,FAILURE
6460,1,38,95,PASSENGER,SUCCESS
6461,0,55,26,CARGO,FAILURE
6462,1,30,67,CARGO,SUCCESS
6463,0,42,27,CARGO,FAILURE
6464,0,41,6,PASSENGER,FAILURE
6465,1,19,58,PASSENGER,SUCCESS
6466,1,65,10,PASSENGER,FAILURE
6467,1,41,95,PASSENGER,SUCCESS
6468,0,28,72,PASSENGER,SUCCESS
6469,0,52,22,PASSENGER,FAILURE
6470,1,31,64,PASSENGER,SUCCESS
6471,0,47,6,CARGO,FAILURE
6472,0,38,47,CARGO,SUCCESS
6473,1,43,37,CARGO,FAILURE
6474,0,25,63,PASSENGER,SUCCESS
6475,1,43,9,PASSENGER,FAILURE
6476,1,30,60,PASSENGER,SUCCESS
6477,1,24,54,PASSENGER,SUCCESS
6478,1,35,72,CARGO,SUCCESS
6479,0,59,27,PASSENGER,FAILURE
6480,1,52,30,PASSENGER,FAILURE
6481,1,22,65,PASSENGER,SUCCESS
6482,1,67,26,CARGO,FAILURE
6483,1,18,60,PASSENGER,SUCCESS
6484,0,40,97,PASSENGER,SUCCESS
6485,1,34,21,CARGO,FAILURE
6486,1,39,90,PASSENGER,SUCCESS
6487,1,22,75,PASSENGER,SUCCESS
6488,0,67,40,CARGO,FAILURE
6489,0,31,6,CARGO,FAILURE
6490,1,49,21,CARGO,FAILURE
6491,1,62,16,PASSENGER,FAILURE
6492,0,66,20,CARGO,FAILURE
6493,0,49,18,CARGO,FAILURE
6494,0,62,38,PASSENGER,FAILURE
6495,1,58,29,PASSENGER,FAILURE
6496,1,64,32,PASSENGER,FAILURE
6497,1,20,30,PASSENGER,SUCCESS
6498,0,60,18,CARGO,FAILURE
6499,1,41,97,PASSENGER,SUCCESS
6500,0,37,46,PASSENGER,SUCCESS
6501,0,31,50,PASSENGER,SUCCESS
6502,1,58,17,CARGO,FAILURE
6503,1,37,14,PASSENGER,FAILURE
6504,0,34,74,PASSENGER,SUCCESS
6505,0,38,96,PASSENGER,SUCCESS
6506,0,44,55,PASSENGER,SUCCESS
6507,0,38,38,PASSENGER,FAILURE
6508,1,21,33,PASSENGER,SUCCESS
6509,1,31,22,CARGO,FAILURE
6510,1,55,40,CARGO,FAILURE
6511,1,33,48,PASSENGER,SUCCESS
6512,0,60,16,PASSENGER,FAILURE
6513,0,54,14,CARGO,FAILURE
6514,0,57,7,CARGO,FAILURE
6515,1,25,58,CARGO,SUCCESS
6516,0,42,40,CARGO,FAILURE
6517,0,48,27,PASSENGER,FAILURE
6518,0,63,21,CARGO,FAILURE
6519,0,45,58,PASSENGER,SUCCESS
6520,0,38,35,PASSENGER,SUCCESS
6521,0,51,23,PASSENGER,FAILURE
6522,1,56,26,CARGO,FAILURE
6523,1,36,35,PASSENGER,FAILURE
6524,0,29,45,PASSENGER,SUCCESS
6525,1,62,16,CARGO,FAILURE
6526,0,27,90,CARGO,SUCCESS
6527,1,60,26,CARGO,FAILURE
6528,0,22,41,PASSENGER,SUCCESS
6529,1,45,53,PASSENGER,SUCCESS
6530,0,31,76,PASSENGER,SUCCESS
6531,0,47,38,CARGO,FAILURE
6532,0,33,41,CARGO,SUCCESS
6533,0,44,37,CARGO,FAILURE
6534,0,60,15,PASSENGER,FAILURE
6535,1,30,24,CARGO,FAILURE
6536,0,46,11,PASSENGER,FAILURE
6537,1,23,88,PASSENGER,SUCCESS
6538,1,55,31,PASSENGER,FAILURE
6539,0,61,14,CARGO,FAILURE
6540,1,56,39,CARGO,FAILURE
6541,0,43,29,PASSENGER,FAILURE
6542,0,54,8,CARGO,FAILURE
6543,0,37,36,CARGO,FAILURE
6544,1,67,20,CARGO,FAILURE
6545,1,43,76,PASSENGER,SUCCESS
6546,1,35,22,CARGO,FAILURE
6547,0,32,89,CARGO,SUCCESS
6548,0,23,33,PASSENGER,SUCCESS
6549,0,54,20,CARGO,FAILURE
6550,1,35,80,PASSENGER,SUCCESS
6551,0,48,40,CARGO,FAILURE
6552,0,40,20,CARGO,FAILURE
6553,0,29,83,PASSENGER,SUCCESS
6554,1,33,61,PASSENGER,SUCCESS
6555,0,60,31,CARGO,FAILURE
6556,0,31,32,CARGO,FAILURE
6557,0,55,20,CARGO,FAILURE
6558,1,45,75,PASSENGER,SUCCESS
6559,1,39,98,PASSENGER,SUCCESS
6560,1,31,26,CARGO,FAILURE
6561,1,70,37,CARGO,FAILURE
6562,1,34,12,CARGO,FAILURE
6563,1,56,5,PASSENGER,FAILURE
6564,0,38,98,PASSENGER,SUCCESS
6565,0,52,37,CARGO,FAILURE
6566,0,52,19,CARGO,FAILURE
6567,0,66,7,CARGO,FAILURE
6568,0,60,24,PASSENGER,FAILURE
6569,1,58,11,CARGO,FAILURE
6570,0,22,67,CARGO,SUCCESS
6571,1,55,9,CARGO,FAILURE
6572,0,18,75,CARGO,SUCCESS
6573,0,35,59,PASSENGER,SUCCESS
6574,1,35,52,CARGO,SUCCESS
6575,0,33,35,CARGO,FAILURE
6576,0,31,26,CARGO,FAILURE
6577,0,63,38,CARGO,FAILURE
6578,1,39,61,PASSENGER,SUCCESS
6579,1,62,30,PASSENGER,FAILURE
6580,1,32,35,CARGO,FAILURE
6581,1,51,20,CARGO,FAILURE
6582,0,32,91,PASSENGER,SUCCESS
6583,0,48,35,PASSENGER,FAILURE
6584,1,46,9,PASSENGER,FAILURE
6585,0,41,47,PASSENGER,SUCCESS
6586,1,25,86,CARGO,SUCCESS
6587,0,63,19,CARGO,FAILURE
6588,1,64,27,PASSENGER,FAILURE
6589,1,42,92,CARGO,SUCCESS
6590,0,43,18,CARGO,FAILURE
6591,1,33,38,CARGO,FAILURE
6592,1,44,76,PASSENGER,SUCCESS
6593,1,50,27,CARGO,FAILURE
6594,1,39,25,PASSENGER,FAILURE
6595,1,30,58,PASSENGER,SUCCESS
6596,1,45,48,PASSENGER,SUCCESS
6597,0,57,40,CARGO,FAILURE
6598,1,44,85,PASSENGER,SUCCESS
6599,1,31,23,CARGO,FAILURE
6600,0,42,16,PASSENGER,FAILURE
6601,1,48,18,CARGO,FAILURE
6602,0,37,35,CARGO,FAILURE
6603,0,23,43,PASSENGER,SUCCESS
6604,0,28,30,PASSENGER,SUCCESS
6605,0,36,74,PASSENGER,SUCCESS
6606,1,33,58,PASSENGER,SUCCESS
6607,0,22,97,CARGO,SUCCESS
6608,1,35,73,PASSENGER,SUCCESS
6609,0,37,5,PASSENGER,FAILURE
6610,0,27,44,PASSENGER,SUCCESS
6611,1,59,31,CARGO,FAILURE
6612,1,30,26,CARGO,FAILURE
6613,0,35,33,CARGO,FAILURE
6614,0,66,6,CARGO,FAILURE
6615,0,43,69,PASSENGER,SUCCESS
6616,0,42,15,CARGO,FAILURE
6617,0,24,56,PASSENGER,SUCCESS
6618,1,69,15,CARGO,FAILURE
6619,1,66,16,PASSENGER,FAILURE
6620,1,45,52,PASSENGER,SUCCESS
6621,0,54,33,PASSENGER,FAILURE
6622,0,30,6,CARGO,FAILURE
6623,1,40,100,PASSENGER,SUCCESS
6624,0,21,58,PASSENGER,SUCCESS
6625,1,42,71,PASSENGER,SUCCESS
6626,0,67,40,PASSENGER,FAILURE
6627,1,31,32,PASSENGER,SUCCESS
6628,0,33,97,PASSENGER,SUCCESS
6629,1,42,29,CARGO,FAILURE
6630,0,18,80,PASSENGER,SUCCESS
6631,0,47,23,CARGO,FAILURE
6632,1,41,91,PASSENGER,SUCCESS
6633,0,36,6,CARGO,FAILURE
6634,1,56,34,PASSENGER,FAILURE
6635,1,68,15,CARGO,FAILURE
6636,1,20,34,PASSENGER,SUCCESS
6637,1,30,16,PASSENGER,FAILURE
6638,0,24,58,PASSENGER,SUCCESS
6639,1,43,85,PASSENGER,SUCCESS
6640,0,36,30,PASSENGER,FAILURE
6641,0,22,96,PASSENGER,SUCCESS
6642,1,60,36,PASSENGER,FAILURE
6643,1,40,15,CARGO,FAILURE
6644,1,42,35,CARGO,SUCCESS
6645,1,68,28,PASSENGER,FAILURE
6646,0,56,30,CARGO,FAILURE
6647,1,54,11,CARGO,FAILURE
6648,0,57,25,CARGO,FAILURE
6649,1,21,34,PASSENGER,SUCCESS
6650,0,65,11,CARGO,FAILURE
6651,0,60,24,CARGO,FAILURE
6652,0,44,12,PASSENGER,FAILURE
6653,0,24,44,CARGO,SUCCESS
6654,0,44,76,PASSENGER,SUCCESS
6655,0,23,52,PASSENGER,SUCCESS
6656,1,37,22,CARGO,FAILURE
6657,1,70,12,CARGO,FAILURE
6658,0,62,24,CARGO,FAILURE
6659,1,37,11,PASSENGER,FAILURE
6660,0,39,86,PASSENGER,SUCCESS
6661,1,33,32,PASSENGER,FAILURE
6662,0,46,23,PASSENGER,FAILURE
6663,0,61,16,CARGO,FAILURE
6664,1,45,90,PASSENGER,SUCCESS
6665,0,29,92,PASSENGER,SUCCESS
6666,0,32,34,PASSENGER,SUCCESS
6667,1,63,38,PASSENGER,FAILURE
6668,0,67,27,CARGO,FAILURE
6669,0,37,38,PASSENGER,FAILURE
6670,1,38,85,PASSENGER,SUCCESS
6671,1,39,20,PASSENGER,FAILURE
6672,1,20,74,PASSENGER,SUCCESS
6673,0,33,20,CARGO,FAILURE
6674,1,32,5,CARGO,FAILURE
6675,1,62,39,CARGO,FAILURE
6676,1,51,32,PASSENGER,FAILURE
6677,0,41,35,PASSENGER,FAILURE
6678,1,54,26,PASSENGER,FAILURE
6679,1,64,17,PASSENGER,FAILURE
6680,1,28,33,PASSENGER,SUCCESS
6681,1,44,23,CARGO,FAILURE
6682,1,50,14,PASSENGER,FAILURE
6683,1,63,34,PASSENGER,FAILURE
6684,0,30,95,PASSENGER,SUCCESS
6685,1,42,13,CARGO,FAILURE
6686,0,70,25,CARGO,FAILURE
6687,0,19,62,CARGO,SUCCESS
6688,1,45,25,PASSENGER,FAILURE
6689,1,46,33,PASSENGER,FAILURE
6690,1,33,61,PASSENGER,SUCCESS
6691,1,19,96,PASSENGER,SUCCESS
6692,0,49,21,CARGO,FAILURE
6693,0,20,58,PASSENGER,SUCCESS
6694,0,31,5,CARGO,FAILURE
6695,1,30,96,CARGO,SUCCESS
6696,0,37,72,PASSENGER,SUCCESS
6697,1,36,26,CARGO,FAILURE
6698,0,45,49,PASSENGER,SUCCESS
6699,0,33,32,PASSENGER,SUCCESS
6700,1,31,62,PASSENGER,SUCCESS
6701,0,19,79,PASSENGER,SUCCESS
6702,1,63,28,PASSENGER,FAILURE
6703,0,51,23,PASSENGER,FAILURE
6704,0,48,10,PASSENGER,FAILURE
6705,1,53,22,CARGO,FAILURE
6706,0,34,38,PASSENGER,SUCCESS
6707,0,49,25,CARGO,FAILURE
6708,0,41,60,PASSENGER,SUCCESS
6709,1,23,39,PASSENGER,SUCCESS
6710,0,41,73,PASSENGER,SUCCESS
6711,1,46,23,CARGO,FAILURE
6712,1,44,62,CARGO,SUCCESS
6713,0,29,54,PASSENGER,SUCCESS
6714,1,41,33,PASSENGER,FAILURE
6715,1,64,31,PASSENGER,FAILURE
6716,0,38,9,CARGO,FAILURE
6717,0,67,24,CARGO,FAILURE
6718,1,50,33,CARGO,FAILURE
6719,1,50,13,CARGO,FAILURE
6720,1,39,82,PASSENGER,SUCCESS
6721,0,22,48,CARGO,SUCCESS
6722,0,56,29,PASSENGER,FAILURE
6723,1,42,89,PASSENGER,SUCCESS
6724,0,64,6,CARGO,FAILURE
6725,0,37,18,CARGO,FAILURE
6726,1,55,27,CARGO,FAILURE
6727,1,33,52,PASSENGER,SUCCESS
6728,1,54,14,PASSENGER,FAILURE
6729,0,65,32,CARGO,FAILURE
6730,0,38,92,PASSENGER,SUCCESS
6731,0,22,44,PASSENGER,SUCCESS
6732,0,28,34,PASSENGER,SUCCESS
6733,1,38,57,PASSENGER,SUCCESS
6734,1,31,35,PASSENGER,FAILURE
6735,0,45,50,PASSENGER,SUCCESS
6736,1,34,100,PASSENGER,SUCCESS
6737,0,31,60,CARGO,SUCCESS
6738,0,44,100,PASSENGER,SUCCESS
6739,0,43,38,PASSENGER,FAILURE
6740,1,66,23,PASSENGER,FAILURE
6741,1,68,39,PASSENGER,FAILURE
6742,1,60,15,PASSENGER,FAILURE
6743,0,44,15,PASSENGER,FAILURE
6744,1,52,18,CARGO,FAILURE
6745,0,42,31,PASSENGER,SUCCESS
6746,1,49,33,PASSENGER,FAILURE
6747,0,40,56,PASSENGER,SUCCESS
6748,1,57,26,CARGO,FAILURE
6749,0,67,29,PASSENGER,FAILURE
6750,1,32,53,PASSENGER,SUCCESS
6751,0,39,34,PASSENGER,FAILURE
6752,0,29,47,PASSENGER,SUCCESS
6753,1,53,8,CARGO,FAILURE
6754,1,63,32,CARGO,FAILURE
6755,0,22,37,PASSENGER,SUCCESS
6756,1,31,39,PASSENGER,SUCCESS
6757,0,38,96,PASSENGER,SUCCESS
6758,1,21,82,PASSENGER,SUCCESS
6759,1,47,39,CARGO,FAILURE
6760,0,33,89,PASSENGER,SUCCESS
6761,0,50,25,CARGO,FAILURE
6762,0,35,35,CARGO,FAILURE
6763,1,69,22,CARGO,FAILURE
6764,0,40,61,CARGO,SUCCESS
6765,1,58,9,PASSENGER,FAILURE
6766,1,38,63,CARGO,SUCCESS
6767,1,44,10,CARGO,FAILURE
6768,1,22,91,PASSENGER,SUCCESS
6769,0,32,96,CARGO,SUCCESS
6770,1,39,53,PASSENGER,SUCCESS
6771,0,30,51,PASSENGER,SUCCESS
6772,0,59,20,CARGO,FAILURE
6773,0,28,51,PASSENGER,SUCCESS
6774,0,27,53,PASSENGER,SUCCESS
6775,0,47,9,PASSENGER,FAILURE
6776,0,52,11,CARGO,FAILURE
6777,1,42,33,CARGO,FAILURE
6778,1,20,98,PASSENGER,SUCCESS
6779,0,46,12,PASSENGER,FAILURE
6780,0,46,6,PASSENGER,FAILURE
6781,0,43,36,CARGO,FAILURE
6782,1,58,39,PASSENGER,FAILURE
6783,0,67,28,PASSENGER,FAILURE
6784,0,38,8,CARGO,FAILURE
6785,0,69,13,PASSENGER,FAILURE
6786,1,70,25,PASSENGER,FAILURE
6787,0,57,6,CARGO,FAILURE
6788,1,52,13,CARGO,FAILURE
6789,0,26,42,PASSENGER,SUCCESS
6790,1,24,97,PASSENGER,SUCCESS
6791,0,47,5,CARGO,FAILURE
6792,0,67,40,PASSENGER,FAILURE
6793,1,50,20,CARGO,FAILURE
6794,0,37,37,CARGO,FAILURE
6795,1,43,76,PASSENGER,SUCCESS
6796,0,57,19,PASSENGER,FAILURE
6797,1,54,37,PASSENGER,FAILURE
6798,0,62,28,CARGO,FAILURE
6799,0,56,33,PASSENGER,FAILURE
6800,0,45,90,CARGO,SUCCESS
6801,1,43,32,CARGO,FAILURE
6802,1,43,70,PASSENGER,SUCCESS
6803,1,23,65,CARGO,SUCCESS
6804,1,49,7,CARGO,FAILURE
6805,0,59,35,CARGO,FAILURE
6806,0,27,54,PASSENGER,SUCCESS
6807,0,54,20,CARGO,FAILURE
6808,0,35,54,PASSENGER,SUCCESS
6809,0,31,33,CARGO,FAILURE
6810,0,24,51,CARGO,SUCCESS
6811,0,41,71,CARGO,SUCCESS
6812,1,53,16,PASSENGER,FAILURE
6813,1,20,41,PASSENGER,SUCCESS
6814,0,34,98,PASSENGER,SUCCESS
6815,1,45,28,CARGO,FAILURE
6816,0,36,37,PASSENGER,FAILURE
6817,1,26,98,PASSENGER,FAILURE
6818,0,39,52,CARGO,SUCCESS
6819,0,24,36,PASSENGER,FAILURE
6820,1,60,24,PASSENGER,SUCCESS
6821,1,39,23,PASSENGER,FAILURE
6822,1,23,31,PASSENGER,FAILURE
6823,0,32,31,PASSENGER,SUCCESS
6824,0,57,40,PASSENGER,SUCCESS
6825,1,20,41,CARGO,SUCCESS
6826,1,42,36,CARGO,FAILURE
6827,1,46,10,PASSENGER,FAILURE
6828,0,23,91,CARGO,FAILURE
6829,1,37,30,PASSENGER,SUCCESS
6830,0,66,30,CARGO,SUCCESS
6831,0,34,12,CARGO,FAILURE
6832,1,55,23,PASSENGER,FAILURE
6833,0,68,8,CARGO,FAILURE
6834,0,44,14,CARGO,FAILURE
6835,0,61,23,CARGO,FAILURE
6836,1,44,18,PASSENGER,FAILURE
6837,1,31,100,PASSENGER,SUCCESS
6838,0,43,48,CARGO,SUCCESS
6839,0,41,52,PASSENGER,SUCCESS
6840,0,21,79,PASSENGER,SUCCESS
6841,0,20,76,CARGO,SUCCESS
6842,0,34,73,CARGO,SUCCESS
6843,1,53,34,CARGO,FAILURE
6844,1,43,89,PASSENGER,SUCCESS
6845,0,41,16,PASSENGER,FAILURE
6846,0,34,32,PASSENGER,FAILURE
6847,0,34,14,PASSENGER,FAILURE
6848,1,37,17,CARGO,FAILURE
6849,0,37,42,PASSENGER,SUCCESS
6850,0,69,33,CARGO,FAILURE
6851,0,40,21,CARGO,FAILURE
6852,0,35,31,PASSENGER,FAILURE
6853,1,34,40,CARGO,FAILURE
6854,0,31,37,CARGO,SUCCESS
6855,0,68,16,PASSENGER,FAILURE
6856,0,25,70,PASSENGER,SUCCESS
6857,0,30,35,PASSENGER,FAILURE
6858,1,20,85,PASSENGER,SUCCESS
6859,1,19,89,PASSENGER,SUCCESS
6860,0,62,30,PASSENGER,FAILURE
6861,0,19,82,PASSENGER,SUCCESS
6862,0,20,63,CARGO,SUCCESS
6863,0,21,99,CARGO,SUCCESS
6864,1,32,94,PASSENGER,SUCCESS
6865,1,39,86,PASSENGER,SUCCESS
6866,0,42,6,CARGO,FAILURE
6867,0,32,52,PASSENGER,SUCCESS
6868,0,23,70,PASSENGER,SUCCESS
6869,1,21,60,PASSENGER,SUCCESS
6870,0,60,29,CARGO,FAILURE
6871,1,60,26,PASSENGER,FAILURE
6872,1,31,27,PASSENGER,FAILURE
6873,0,36,14,CARGO,FAILURE
6874,0,62,34,CARGO,FAILURE
6875,0,60,23,PASSENGER,FAILURE
6876,0,38,12,CARGO,FAILURE
6877,0,58,7,PASSENGER,FAILURE
6878,1,55,26,CARGO,FAILURE
6879,1,51,20,CARGO,FAILURE
6880,0,59,35,CARGO,FAILURE
6881,0,28,93,PASSENGER,SUCCESS
6882,0,30,7,PASSENGER,FAILURE
6883,0,35,72,PASSENGER,SUCCESS
6884,1,40,34,CARGO,FAILURE
6885,1,27,47,PASSENGER,SUCCESS
6886,1,38,24,CARGO,FAILURE
6887,0,21,52,PASSENGER,SUCCESS
6888,0,56,10,PASSENGER,FAILURE
6889,0,66,40,CARGO,FAILURE
6890,0,20,96,PASSENGER,SUCCESS
6891,1,34,95,CARGO,SUCCESS
6892,1,30,39,CARGO,FAILURE
6893,0,62,16,PASSENGER,FAILURE
6894,1,49,32,PASSENGER,FAILURE
6895,0,47,25,CARGO,FAILURE
6896,0,43,52,CARGO,SUCCESS
6897,1,28,42,PASSENGER,SUCCESS
6898,1,39,62,PASSENGER,SUCCESS
6899,0,58,8,CARGO,FAILURE
6900,0,44,98,PASSENGER,SUCCESS
6901,1,38,78,CARGO,SUCCESS
6902,1,36,71,PASSENGER,SUCCESS
6903,0,43,34,PASSENGER,FAILURE
6904,0,55,19,CARGO,FAILURE
6905,0,51,31,CARGO,FAILURE
6906,1,43,85,PASSENGER,SUCCESS
6907,0,33,84,PASSENGER,SUCCESS
6908,0,25,60,PASSENGER,SUCCESS
6909,1,33,31,CARGO,FAILURE
6910,1,37,31,PASSENGER,SUCCESS
6911,1,55,39,PASSENGER,FAILURE
6912,0,35,76,PASSENGER,SUCCESS
6913,0,43,30,CARGO,SUCCESS
6914,1,64,39,CARGO,FAILURE
6915,1,49,22,PASSENGER,FAILURE
6916,1,24,39,PASSENGER,SUCCESS
6917,0,34,39,CARGO,FAILURE
6918,1,41,96,CARGO,SUCCESS
6919,1,40,78,PASSENGER,SUCCESS
6920,1,35,5,CARGO,FAILURE
6921,0,67,13,CARGO,FAILURE
6922,1,41,81,PASSENGER,SUCCESS
6923,0,30,11,CARGO,FAILURE
6924,1,36,92,PASSENGER,SUCCESS
6925,0,68,40,PASSENGER,FAILURE
6926,1,31,76,PASSENGER,SUCCESS
6927,0,33,43,PASSENGER,SUCCESS
6928,1,19,56,PASSENGER,SUCCESS
6929,1,32,96,CARGO,SUCCESS
6930,1,40,39,PASSENGER,FAILURE
6931,0,66,28,CARGO,FAILURE
6932,1,41,17,PASSENGER,FAILURE
6933,0,45,22,PASSENGER,FAILURE
6934,1,51,21,PASSENGER,FAILURE
6935,1,56,34,CARGO,FAILURE
6936,1,22,72,PASSENGER,SUCCESS
6937,1,36,42,PASSENGER,SUCCESS
6938,0,32,26,CARGO,FAILURE
6939,0,69,8,CARGO,FAILURE
6940,0,40,32,CARGO,SUCCESS
6941,1,37,98,PASSENGER,SUCCESS
6942,0,19,94,PASSENGER,SUCCESS
6943,1,66,20,CARGO,FAILURE
6944,1,52,14,CARGO,FAILURE
6945,0,35,18,CARGO,FAILURE
6946,1,58,5,PASSENGER,FAILURE
6947,1,40,50,PASSENGER,SUCCESS
6948,1,43,18,CARGO,FAILURE
6949,0,20,39,PASSENGER,SUCCESS
6950,0,35,39,PASSENGER,FAILURE
6951,0,28,73,PASSENGER,SUCCESS
6952,1,37,77,PASSENGER,SUCCESS
6953,1,40,22,CARGO,FAILURE
6954,1,44,15,CARGO,FAILURE
6955,0,47,13,PASSENGER,FAILURE
6956,0,41,39,PASSENGER,SUCCESS
6957,0,36,63,CARGO,SUCCESS
6958,1,46,11,CARGO,FAILURE
6959,0,23,47,PASSENGER,SUCCESS
6960,0,63,32,CARGO,FAILURE
6961,0,29,67,PASSENGER,SUCCESS
6962,0,65,6,CARGO,FAILURE
6963,0,68,39,PASSENGER,FAILURE
6964,0,49,39,CARGO,FAILURE
6965,0,54,25,CARGO,FAILURE
6966,0,24,40,CARGO,SUCCESS
6967,1,31,32,PASSENGER,SUCCESS
6968,1,54,32,CARGO,FAILURE
6969,0,30,72,PASSENGER,SUCCESS
6970,0,34,12,PASSENGER,FAILURE
6971,1,30,33,PASSENGER,SUCCESS
6972,0,43,66,PASSENGER,SUCCESS
6973,1,45,70,PASSENGER,SUCCESS
6974,1,38,82,PASSENGER,SUCCESS
6975,1,56,34,CARGO,FAILURE
6976,1,67,36,PASSENGER,FAILURE
6977,0,65,13,PASSENGER,FAILURE
6978,0,38,43,PASSENGER,SUCCESS
6979,0,27,42,CARGO,SUCCESS
6980,1,22,69,CARGO,SUCCESS
6981,0,38,98,CARGO,SUCCESS
6982,1,58,8,CARGO,FAILURE
6983,0,44,35,CARGO,FAILURE
6984,1,43,26,PASSENGER,FAILURE
6985,1,59,19,CARGO,FAILURE
6986,0,21,34,PASSENGER,SUCCESS
6987,0,43,78,PASSENGER,SUCCESS
6988,1,36,49,CARGO,SUCCESS
6989,0,37,56,PASSENGER,SUCCESS
6990,1,44,36,PASSENGER,FAILURE
6991,1,50,13,CARGO,FAILURE
6992,0,34,31,PASSENGER,SUCCESS
6993,1,32,76,PASSENGER,SUCCESS
6994,0,54,35,PASSENGER,FAILURE
6995,1,37,15,PASSENGER,FAILURE
6996,0,44,69,PASSENGER,SUCCESS
6997,0,31,9,CARGO,FAILURE
6998,1,60,34,PASSENGER,FAILURE
6999,0,69,11,CARGO,FAILURE
7000,1,64,15,CARGO,FAILURE
7001,0,46,8,CARGO,FAILURE
7002,0,48,30,PASSENGER,FAILURE
7003,0,65,14,CARGO,FAILURE
7004,1,30,52,PASSENGER,SUCCESS
7005,1,69,6,CARGO,FAILURE
7006,0,22,46,PASSENGER,SUCCESS
7007,1,35,37,PASSENGER,SUCCESS
7008,0,50,21,PASSENGER,FAILURE
7009,1,33,23,PASSENGER,FAILURE
7010,1,35,12,PASSENGER,FAILURE
7011,0,46,28,PASSENGER,FAILURE
7012,1,34,90,PASSENGER,SUCCESS
7013,0,43,43,PASSENGER,SUCCESS
7014,0,45,56,CARGO,SUCCESS
7015,1,23,33,PASSENGER,SUCCESS
7016,1,30,52,PASSENGER,SUCCESS
7017,0,30,89,PASSENGER,SUCCESS
7018,0,55,20,CARGO,FAILURE
7019,1,45,22,PASSENGER,FAILURE
7020,1,65,34,CARGO,FAILURE
7021,1,26,91,PASSENGER,SUCCESS
7022,0,37,18,PASSENGER,FAILURE
7023,0,57,18,CARGO,FAILURE
7024,1,60,13,CARGO,FAILURE
7025,1,55,30,CARGO,FAILURE
7026,1,38,18,CARGO,FAILURE
7027,1,59,39,CARGO,FAILURE
7028,1,69,9,CARGO,FAILURE
7029,1,42,24,CARGO,FAILURE
7030,0,37,74,PASSENGER,SUCCESS
7031,1,30,93,PASSENGER,SUCCESS
7032,1,44,42,PASSENGER,SUCCESS
7033,0,66,29,PASSENGER,FAILURE
7034,1,35,65,PASSENGER,SUCCESS
7035,0,42,19,CARGO,FAILURE
7036,1,23,78,PASSENGER,SUCCESS
7037,1,69,5,PASSENGER,FAILURE
7038,1,40,82,PASSENGER,SUCCESS
7039,0,63,9,PASSENGER,FAILURE
7040,0,55,15,CARGO,FAILURE
7041,0,25,49,PASSENGER,SUCCESS
7042,0,27,82,PASSENGER,SUCCESS
7043,0,21,71,PASSENGER,SUCCESS
7044,0,18,61,CARGO,SUCCESS
7045,1,62,22,PASSENGER,FAILURE
7046,1,42,15,CARGO,FAILURE
7047,0,32,54,PASSENGER,SUCCESS
7048,1,30,14,CARGO,FAILURE
7049,1,56,31,CARGO,FAILURE
7050,0,61,19,CARGO,FAILURE
7051,0,28,78,PASSENGER,SUCCESS
7052,1,50,36,PASSENGER,FAILURE
7053,1,59,14,PASSENGER,FAILURE
7054,0,34,40,PASSENGER,SUCCESS
7055,1,41,77,PASSENGER,SUCCESS
7056,0,30,60,PASSENGER,SUCCESS
7057,1,30,48,PASSENGER,SUCCESS
7058,0,44,85,PASSENGER,SUCCESS
7059,0,27,41,PASSENGER,SUCCESS
7060,1,57,13,CARGO,FAILURE
7061,0,35,27,CARGO,FAILURE
7062,0,20,96,PASSENGER,SUCCESS
7063,1,45,74,CARGO,SUCCESS
7064,0,53,28,PASSENGER,FAILURE
7065,0,62,13,PASSENGER,FAILURE
7066,0,34,75,CARGO,SUCCESS
7067,1,34,35,PASSENGER,SUCCESS
7068,1,62,27,CARGO,FAILURE
7069,1,69,13,CARGO,FAILURE
7070,0,44,25,CARGO,FAILURE
7071,0,56,27,CARGO,FAILURE
7072,0,40,27,CARGO,FAILURE
7073,0,31,18,PASSENGER,FAILURE
7074,0,29,75,PASSENGER,SUCCESS
7075,1,22,61,PASSENGER,SUCCESS
7076,0,25,50,CARGO,SUCCESS
7077,1,25,41,PASSENGER,SUCCESS
7078,1,35,29,PASSENGER,FAILURE
7079,0,33,23,PASSENGER,FAILURE
7080,1,29,31,PASSENGER,SUCCESS
7081,0,42,34,CARGO,FAILURE
7082,0,45,38,CARGO,SUCCESS
7083,1,66,40,CARGO,FAILURE
7084,1,45,18,PASSENGER,FAILURE
7085,0,22,98,PASSENGER,SUCCESS
7086,0,27,98,PASSENGER,SUCCESS
7087,0,32,63,PASSENGER,SUCCESS
7088,0,24,75,CARGO,SUCCESS
7089,1,18,98,CARGO,SUCCESS
7090,1,70,38,CARGO,FAILURE
7091,1,34,37,PASSENGER,SUCCESS
7092,0,70,31,CARGO,FAILURE
7093,0,30,36,CARGO,FAILURE
7094,0,42,38,CARGO,FAILURE
7095,1,43,44,PASSENGER,SUCCESS
7096,0,66,8,PASSENGER,FAILURE
7097,1,23,66,PASSENGER,SUCCESS
7098,0,41,23,CARGO,FAILURE
7099,0,40,22,PASSENGER,FAILURE
7100,1,54,40,CARGO,FAILURE
7101,0,53,19,PASSENGER,FAILURE
7102,0,34,31,CARGO,FAILURE
7103,1,52,9,CARGO,FAILURE
7104,0,45,41,PASSENGER,SUCCESS
7105,0,60,10,CARGO,FAILURE
7106,1,26,44,PASSENGER,SUCCESS
7107,0,51,36,CARGO,FAILURE
7108,0,22,59,PASSENGER,SUCCESS
7109,1,23,98,PASSENGER,SUCCESS
7110,0,60,9,CARGO,FAILURE
7111,1,45,24,CARGO,FAILURE
7112,1,70,28,PASSENGER,FAILURE
7113,1,69,29,PASSENGER,FAILURE
7114,0,50,24,CARGO,FAILURE
7115,0,18,86,PASSENGER,SUCCESS
7116,0,32,38,PASSENGER,FAILURE
7117,1,67,20,CARGO,FAILURE
7118,0,61,36,PASSENGER,FAILURE
7119,0,34,39,PASSENGER,FAILURE
7120,1,46,33,CARGO,FAILURE
7121,1,68,29,CARGO,FAILURE
7122,1,23,74,PASSENGER,SUCCESS
7123,1,45,64,PASSENGER,SUCCESS
7124,1,20,42,PASSENGER,SUCCESS
7125,0,34,42,PASSENGER,SUCCESS
7126,0,31,15,CARGO,FAILURE
7127,0,56,8,CARGO,FAILURE
7128,0,34,6,PASSENGER,FAILURE
7129,0,31,74,PASSENGER,SUCCESS
7130,0,39,5,PASSENGER,FAILURE
7131,1,39,25,CARGO,FAILURE
7132,1,35,16,CARGO,FAILURE
7133,1,31,52,PASSENGER,SUCCESS
7134,1,38,13,CARGO,FAILURE
7135,1,56,18,PASSENGER,FAILURE
7136,0,19,32,PASSENGER,SUCCESS
7137,1,20,63,PASSENGER,SUCCESS
7138,1,55,11,PASSENGER,FAILURE
7139,1,23,40,PASSENGER,SUCCESS
7140,1,38,24,PASSENGER,FAILURE
7141,0,45,45,PASSENGER,SUCCESS
7142,1,69,30,PASSENGER,FAILURE
7143,1,22,37,PASSENGER,SUCCESS
7144,0,40,30,CARGO,SUCCESS
7145,1,62,28,CARGO,FAILURE
7146,0,42,31,PASSENGER,SUCCESS
7147,1,32,63,PASSENGER,SUCCESS
7148,0,39,31,CARGO,FAILURE
7149,0,41,26,CARGO,FAILURE
7150,1,45,24,CARGO,FAILURE
7151,0,26,43,PASSENGER,SUCCESS
7152,0,24,94,PASSENGER,SUCCESS
7153,1,59,17,PASSENGER,FAILURE
7154,0,30,31,PASSENGER,SUCCESS
7155,0,41,32,PASSENGER,SUCCESS
7156,1,38,33,CARGO,FAILURE
7157,0,33,92,PASSENGER,SUCCESS
7158,0,24,76,CARGO,SUCCESS
7159,0,68,39,PASSENGER,FAILURE
7160,1,53,11,PASSENGER,FAILURE
7161,0,44,22,CARGO,FAILURE
7162,1,39,30,CARGO,FAILURE
7163,1,25,97,PASSENGER,SUCCESS
7164,0,41,69,PASSENGER,SUCCESS
7165,1,52,8,CARGO,FAILURE
7166,0,42,24,PASSENGER,FAILURE
7167,0,50,18,PASSENGER,FAILURE
7168,0,56,17,CARGO,FAILURE
7169,1,32,85,CARGO,SUCCESS
7170,1,43,60,PASSENGER,SUCCESS
7171,0,34,55,PASSENGER,SUCCESS
7172,0,40,63,PASSENGER,SUCCESS
7173,0,51,37,CARGO,FAILURE
7174,0,21,88,PASSENGER,SUCCESS
7175,1,70,10,CARGO,FAILURE
7176,1,19,96,PASSENGER,SUCCESS
7177,1,63,34,CARGO,FAILURE
7178,1,59,33,CARGO,FAILURE
7179,0,57,8,PASSENGER,FAILURE
7180,1,34,63,PASSENGER,SUCCESS
7181,1,54,27,CARGO,FAILURE
7182,1,18,33,CARGO,SUCCESS
7183,0,36,21,PASSENGER,FAILURE
7184,0,61,31,CARGO,FAILURE
7185,0,33,62,PASSENGER,SUCCESS
7186,0,41,31,PASSENGER,SUCCESS
7187,1,40,59,CARGO,SUCCESS
7188,1,25,98,PASSENGER,SUCCESS
7189,0,31,51,PASSENGER,SUCCESS
7190,0,52,21,CARGO,SUCCESS
7191,1,36,52,CARGO,SUCCESS
7192,0,36,63,CARGO,SUCCESS
7193,1,21,36,PASSENGER,SUCCESS
7194,0,30,63,PASSENGER,SUCCESS
7195,1,27,74,PASSENGER,SUCCESS
7196,1,45,37,PASSENGER,SUCCESS
7197,1,21,55,PASSENGER,SUCCESS
7198,0,57,35,CARGO,SUCCESS
7199,1,37,29,PASSENGER,SUCCESS
7200,1,67,16,PASSENGER,SUCCESS
7201,1,55,37,CARGO,SUCCESS
7202,0,61,6,PASSENGER,SUCCESS
7203,0,24,51,PASSENGER,SUCCESS
7204,0,42,27,PASSENGER,FAILURE
7205,1,52,9,PASSENGER,FAILURE
7206,1,50,40,CARGO,FAILURE
7207,1,60,27,CARGO,FAILURE
7208,1,40,38,PASSENGER,SUCCESS
7209,0,65,18,PASSENGER,FAILURE
7210,1,30,37,CARGO,FAILURE
7211,1,47,13,PASSENGER,FAILURE
7212,1,49,14,PASSENGER,FAILURE
7213,0,24,88,PASSENGER,SUCCESS
7214,0,38,33,CARGO,FAILURE
7215,1,68,28,PASSENGER,FAILURE
7216,1,18,32,PASSENGER,SUCCESS
7217,0,38,62,CARGO,SUCCESS
7218,1,57,33,CARGO,FAILURE
7219,1,51,9,CARGO,FAILURE
7220,1,40,24,CARGO,FAILURE
7221,1,21,92,PASSENGER,SUCCESS
7222,1,55,5,CARGO,FAILURE
7223,0,35,15,CARGO,FAILURE
7224,0,25,97,PASSENGER,SUCCESS
7225,0,31,56,CARGO,SUCCESS
7226,1,36,45,CARGO,SUCCESS
7227,0,69,39,PASSENGER,FAILURE
7228,1,28,74,PASSENGER,SUCCESS
7229,0,25,83,CARGO,SUCCESS
7230,1,62,16,PASSENGER,FAILURE
7231,0,44,55,PASSENGER,SUCCESS
7232,0,33,19,CARGO,FAILURE
7233,1,40,48,PASSENGER,SUCCESS
7234,0,24,96,CARGO,SUCCESS
7235,0,32,88,PASSENGER,SUCCESS
7236,1,30,6,CARGO,FAILURE
7237,1,31,87,CARGO,SUCCESS
7238,1,21,94,PASSENGER,SUCCESS
7239,0,61,11,PASSENGER,SUCCESS
7240,0,49,40,CARGO,SUCCESS
7241,0,39,22,PASSENGER,SUCCESS
7242,1,49,24,PASSENGER,SUCCESS
7243,0,42,32,CARGO,SUCCESS
7244,1,25,61,PASSENGER,SUCCESS
7245,1,20,73,CARGO,SUCCESS
7246,1,22,67,PASSENGER,SUCCESS
7247,1,26,96,CARGO,SUCCESS
7248,1,26,82,PASSENGER,SUCCESS
7249,1,64,14,PASSENGER,SUCCESS
7250,1,58,6,CARGO,SUCCESS
7251,1,40,99,PASSENGER,SUCCESS
7252,1,18,31,CARGO,SUCCESS
7253,0,43,6,CARGO,FAILURE
7254,0,38,31,CARGO,SUCCESS
7255,1,26,95,PASSENGER,SUCCESS
7256,1,34,40,PASSENGER,SUCCESS
7257,1,40,83,PASSENGER,SUCCESS
7258,0,59,15,PASSENGER,FAILURE
7259,1,67,12,CARGO,FAILURE
7260,0,33,17,PASSENGER,FAILURE
7261,0,62,27,PASSENGER,FAILURE
7262,1,58,7,CARGO,FAILURE
7263,1,18,53,PASSENGER,SUCCESS
7264,1,53,11,CARGO,FAILURE
7265,1,44,14,CARGO,FAILURE
7266,1,53,26,CARGO,FAILURE
7267,0,20,52,PASSENGER,SUCCESS
7268,0,26,96,PASSENGER,SUCCESS
7269,0,53,23,PASSENGER,FAILURE
7270,0,28,98,CARGO,SUCCESS
7271,1,22,38,PASSENGER,SUCCESS
7272,0,41,42,PASSENGER,SUCCESS
7273,1,37,15,CARGO,FAILURE
7274,0,63,39,PASSENGER,FAILURE
7275,0,70,11,CARGO,FAILURE
7276,0,68,28,CARGO,FAILURE
7277,1,43,68,CARGO,SUCCESS
7278,1,32,36,CARGO,FAILURE
7279,1,37,13,CARGO,FAILURE
7280,1,56,22,PASSENGER,FAILURE
7281,1,42,6,CARGO,FAILURE
7282,1,42,100,PASSENGER,SUCCESS
7283,0,33,17,CARGO,FAILURE
7284,0,62,36,CARGO,FAILURE
7285,1,19,88,PASSENGER,SUCCESS
7286,1,44,73,PASSENGER,SUCCESS
7287,1,34,37,CARGO,FAILURE
7288,0,33,55,CARGO,SUCCESS
7289,1,66,16,PASSENGER,FAILURE
7290,1,46,5,CARGO,FAILURE
7291,0,36,52,PASSENGER,SUCCESS
7292,1,70,30,CARGO,FAILURE
7293,1,31,86,CARGO,SUCCESS
7294,0,68,37,PASSENGER,FAILURE
7295,1,22,49,PASSENGER,SUCCESS
7296,1,48,22,CARGO,FAILURE
7297,0,58,8,PASSENGER,FAILURE
7298,1,67,7,CARGO,FAILURE
7299,0,22,42,PASSENGER,SUCCESS
7300,1,69,13,PASSENGER,FAILURE
7301,0,40,87,PASSENGER,SUCCESS
7302,0,30,26,PASSENGER,FAILURE
7303,0,29,42,PASSENGER,SUCCESS
7304,1,67,36,CARGO,FAILURE
7305,0,31,70,PASSENGER,SUCCESS
7306,1,54,16,CARGO,FAILURE
7307,1,60,29,CARGO,FAILURE
7308,1,44,23,PASSENGER,FAILURE
7309,1,55,31,CARGO,FAILURE
7310,0,66,9,CARGO,FAILURE
7311,0,34,18,CARGO,FAILURE
7312,0,62,9,CARGO,FAILURE
7313,0,36,27,CARGO,FAILURE
7314,1,41,34,CARGO,FAILURE
7315,0,66,40,PASSENGER,FAILURE
7316,0,18,76,CARGO,SUCCESS
7317,1,32,16,CARGO,FAILURE
7318,0,68,25,PASSENGER,SUCCESS
7319,1,69,12,CARGO,SUCCESS
7320,1,50,35,PASSENGER,SUCCESS
7321,0,67,29,CARGO,SUCCESS
7322,0,41,15,PASSENGER,SUCCESS
7323,1,26,54,PASSENGER,SUCCESS
7324,0,40,29,PASSENGER,SUCCESS
7325,0,31,83,PASSENGER,SUCCESS
7326,1,35,10,CARGO,SUCCESS
7327,1,61,15,PASSENGER,SUCCESS
7328,0,34,63,PASSENGER,SUCCESS
7329,1,67,30,CARGO,SUCCESS
7330,1,33,70,CARGO,SUCCESS
7331,0,19,55,PASSENGER,SUCCESS
7332,1,18,80,PASSENGER,SUCCESS
7333,1,37,39,CARGO,FAILURE
7334,1,41,30,PASSENGER,SUCCESS
7335,1,36,64,PASSENGER,SUCCESS
7336,0,51,12,CARGO,FAILURE
7337,1,28,77,PASSENGER,SUCCESS
7338,1,20,79,PASSENGER,SUCCESS
7339,1,47,33,PASSENGER,FAILURE
7340,1,18,67,PASSENGER,SUCCESS
7341,0,35,20,CARGO,FAILURE
7342,1,20,45,CARGO,SUCCESS
7343,1,37,16,CARGO,FAILURE
7344,0,37,39,CARGO,FAILURE
7345,1,64,24,CARGO,FAILURE
7346,1,19,94,CARGO,SUCCESS
7347,0,24,81,PASSENGER,SUCCESS
7348,0,62,27,PASSENGER,FAILURE
7349,0,47,30,CARGO,FAILURE
7350,1,34,59,PASSENGER,SUCCESS
7351,0,34,81,PASSENGER,SUCCESS
7352,1,37,33,PASSENGER,SUCCESS
7353,0,30,70,PASSENGER,SUCCESS
7354,0,42,59,PASSENGER,SUCCESS
7355,1,67,7,CARGO,FAILURE
7356,1,36,37,CARGO,SUCCESS
7357,0,58,38,CARGO,FAILURE
7358,0,63,9,CARGO,FAILURE
7359,0,38,76,PASSENGER,SUCCESS
7360,0,44,16,CARGO,FAILURE
7361,1,58,27,PASSENGER,FAILURE
7362,1,44,45,PASSENGER,SUCCESS
7363,1,30,67,PASSENGER,SUCCESS
7364,0,33,36,CARGO,FAILURE
7365,0,28,32,PASSENGER,SUCCESS
7366,0,61,26,CARGO,FAILURE
7367,0,26,58,PASSENGER,SUCCESS
7368,0,21,90,PASSENGER,SUCCESS
7369,1,41,98,PASSENGER,SUCCESS
7370,0,55,25,PASSENGER,FAILURE
7371,1,34,73,PASSENGER,SUCCESS
7372,0,35,39,CARGO,SUCCESS
7373,1,35,38,PASSENGER,SUCCESS
7374,1,35,21,CARGO,FAILURE
7375,1,41,78,PASSENGER,SUCCESS
7376,0,41,31,PASSENGER,FAILURE
7377,1,34,87,CARGO,SUCCESS
7378,1,59,15,CARGO,FAILURE
7379,1,39,66,PASSENGER,SUCCESS
7380,0,23,34,PASSENGER,SUCCESS
7381,1,38,21,CARGO,FAILURE
7382,1,70,13,CARGO,FAILURE
7383,0,28,33,CARGO,SUCCESS
7384,1,54,31,CARGO,SUCCESS
7385,1,52,12,CARGO,SUCCESS
7386,1,42,81,PASSENGER,SUCCESS
7387,0,35,76,PASSENGER,SUCCESS
7388,0,58,18,CARGO,SUCCESS
7389,1,68,7,CARGO,SUCCESS
7390,1,31,38,PASSENGER,SUCCESS
7391,1,34,78,CARGO,SUCCESS
7392,1,43,86,PASSENGER,SUCCESS
7393,0,39,18,PASSENGER,SUCCESS
7394,1,31,50,PASSENGER,SUCCESS
7395,0,70,13,CARGO,SUCCESS
7396,1,18,41,PASSENGER,SUCCESS
7397,1,37,8,PASSENGER,SUCCESS
7398,0,32,50,PASSENGER,SUCCESS
7399,0,34,8,CARGO,FAILURE
7400,0,37,15,CARGO,FAILURE
7401,0,37,32,CARGO,SUCCESS
7402,0,23,36,PASSENGER,SUCCESS
7403,1,37,49,PASSENGER,SUCCESS
7404,0,41,16,CARGO,FAILURE
7405,0,23,79,CARGO,SUCCESS
7406,1,34,25,PASSENGER,FAILURE
7407,0,62,10,CARGO,FAILURE
7408,0,42,96,PASSENGER,SUCCESS
7409,1,31,35,PASSENGER,FAILURE
7410,0,34,40,CARGO,FAILURE
7411,0,18,43,PASSENGER,SUCCESS
7412,1,36,18,CARGO,FAILURE
7413,0,28,37,PASSENGER,SUCCESS
7414,1,36,10,PASSENGER,FAILURE
7415,0,20,56,PASSENGER,SUCCESS
7416,1,23,100,PASSENGER,SUCCESS
7417,1,22,31,PASSENGER,SUCCESS
7418,0,41,44,PASSENGER,SUCCESS
7419,1,42,11,CARGO,SUCCESS
7420,0,61,31,CARGO,SUCCESS
7421,0,69,16,CARGO,SUCCESS
7422,1,65,36,PASSENGER,SUCCESS
7423,1,20,69,PASSENGER,SUCCESS
7424,1,62,23,CARGO,SUCCESS
7425,1,50,9,PASSENGER,SUCCESS
7426,1,63,34,PASSENGER,SUCCESS
7427,1,36,39,CARGO,SUCCESS
7428,0,59,20,CARGO,SUCCESS
7429,1,19,80,PASSENGER,SUCCESS
7430,0,67,7,CARGO,SUCCESS
7431,0,65,38,CARGO,FAILURE
7432,1,45,59,PASSENGER,SUCCESS
7433,0,33,100,PASSENGER,SUCCESS
7434,0,40,28,CARGO,FAILURE
7435,0,29,40,PASSENGER,SUCCESS
7436,0,41,9,CARGO,FAILURE
7437,0,45,34,PASSENGER,SUCCESS
7438,0,34,68,PASSENGER,SUCCESS
7439,0,22,50,PASSENGER,SUCCESS
7440,1,35,37,CARGO,FAILURE
7441,1,20,50,PASSENGER,SUCCESS
7442,0,35,36,CARGO,FAILURE
7443,0,18,43,PASSENGER,SUCCESS
7444,1,45,81,PASSENGER,SUCCESS
7445,0,35,61,PASSENGER,SUCCESS
7446,0,50,21,CARGO,FAILURE
7447,1,25,60,PASSENGER,SUCCESS
7448,1,44,42,PASSENGER,SUCCESS
7449,0,33,62,PASSENGER,SUCCESS
7450,0,66,28,CARGO,SUCCESS
7451,0,39,34,CARGO,SUCCESS
7452,0,45,60,PASSENGER,SUCCESS
7453,1,52,26,PASSENGER,SUCCESS
7454,1,50,38,CARGO,SUCCESS
7455,0,47,23,CARGO,SUCCESS
7456,1,62,27,CARGO,SUCCESS
7457,0,62,10,CARGO,SUCCESS
7458,1,24,65,PASSENGER,SUCCESS
7459,1,51,8,CARGO,SUCCESS
7460,1,30,14,CARGO,SUCCESS
7461,1,60,17,PASSENGER,FAILURE
7462,0,23,95,PASSENGER,SUCCESS
7463,0,47,12,CARGO,FAILURE
7464,1,42,5,PASSENGER,FAILURE
7465,0,47,25,PASSENGER,FAILURE
7466,0,58,18,CARGO,FAILURE
7467,1,29,53,PASSENGER,SUCCESS
7468,0,50,14,PASSENGER,FAILURE
7469,1,46,16,PASSENGER,FAILURE
7470,0,36,7,PASSENGER,FAILURE
7471,1,58,11,CARGO,FAILURE
7472,0,30,17,PASSENGER,FAILURE
7473,1,45,6,CARGO,FAILURE
7474,0,23,49,PASSENGER,SUCCESS
7475,0,48,39,PASSENGER,FAILURE
7476,1,63,32,CARGO,FAILURE
7477,1,45,12,PASSENGER,FAILURE
7478,0,35,25,PASSENGER,FAILURE
7479,0,19,67,CARGO,SUCCESS
7480,0,21,87,PASSENGER,SUCCESS
7481,1,24,33,CARGO,SUCCESS
7482,1,56,31,CARGO,FAILURE
7483,1,35,29,PASSENGER,FAILURE
7484,1,39,67,PASSENGER,SUCCESS
7485,1,45,37,PASSENGER,SUCCESS
7486,1,58,19,PASSENGER,FAILURE
7487,0,67,15,CARGO,FAILURE
7488,0,63,40,PASSENGER,FAILURE
7489,0,18,47,CARGO,SUCCESS
7490,1,54,10,CARGO,FAILURE
7491,0,30,48,CARGO,SUCCESS
7492,0,20,64,PASSENGER,SUCCESS
7493,1,49,33,PASSENGER,FAILURE
7494,1,61,29,CARGO,FAILURE
7495,1,39,35,CARGO,FAILURE
7496,1,40,40,PASSENGER,SUCCESS
7497,0,32,29,PASSENGER,FAILURE
7498,0,32,71,PASSENGER,SUCCESS
7499,1,40,32,CARGO,FAILURE
7500,0,44,32,PASSENGER,FAILURE
7501,0,49,24,CARGO,FAILURE
7502,0,46,6,CARGO,FAILURE
7503,1,32,73,PASSENGER,SUCCESS
7504,1,24,80,CARGO,SUCCESS
7505,0,33,6,PASSENGER,FAILURE
7506,0,34,31,PASSENGER,SUCCESS
7507,1,30,26,CARGO,FAILURE
7508,1,46,19,CARGO,SUCCESS
7509,0,35,99,CARGO,SUCCESS
7510,1,36,29,CARGO,SUCCESS
7511,0,36,40,CARGO,SUCCESS
7512,0,20,90,PASSENGER,SUCCESS
7513,0,45,39,CARGO,SUCCESS
7514,0,28,95,PASSENGER,SUCCESS
7515,0,70,33,PASSENGER,SUCCESS
7516,1,56,30,CARGO,SUCCESS
7517,0,40,69,PASSENGER,SUCCESS
7518,1,36,83,PASSENGER,SUCCESS
7519,0,45,5,CARGO,SUCCESS
7520,0,47,30,CARGO,SUCCESS
7521,0,34,7,PASSENGER,SUCCESS
7522,0,66,7,CARGO,FAILURE
7523,0,42,8,PASSENGER,FAILURE
7524,1,34,5,CARGO,FAILURE
7525,1,22,46,PASSENGER,SUCCESS
7526,0,30,42,CARGO,SUCCESS
7527,1,40,57,PASSENGER,SUCCESS
7528,0,44,79,CARGO,SUCCESS
7529,1,43,31,CARGO,FAILURE
7530,0,66,32,PASSENGER,FAILURE
7531,1,63,13,CARGO,FAILURE
7532,1,18,30,PASSENGER,SUCCESS
7533,0,45,14,CARGO,FAILURE
7534,1,55,6,PASSENGER,FAILURE
7535,1,55,25,CARGO,FAILURE
7536,1,38,97,CARGO,SUCCESS
7537,0,49,10,CARGO,FAILURE
7538,1,32,34,PASSENGER,FAILURE
7539,0,39,5,CARGO,FAILURE
7540,0,26,46,CARGO,SUCCESS
7541,0,69,9,PASSENGER,FAILURE
7542,1,33,75,PASSENGER,SUCCESS
7543,0,32,8,CARGO,FAILURE
7544,0,69,21,PASSENGER,FAILURE
7545,0,32,69,PASSENGER,SUCCESS
7546,0,27,34,PASSENGER,SUCCESS
7547,0,42,51,PASSENGER,SUCCESS
7548,0,51,22,CARGO,FAILURE
7549,1,25,86,PASSENGER,SUCCESS
7550,1,66,17,PASSENGER,FAILURE
7551,0,40,55,PASSENGER,SUCCESS
7552,1,67,12,CARGO,FAILURE
7553,1,63,35,PASSENGER,FAILURE
7554,1,38,90,CARGO,SUCCESS
7555,1,65,39,PASSENGER,SUCCESS
7556,0,28,66,CARGO,SUCCESS
7557,1,38,11,PASSENGER,SUCCESS
7558,1,23,54,PASSENGER,SUCCESS
7559,0,43,49,PASSENGER,SUCCESS
7560,0,44,40,CARGO,SUCCESS
7561,0,32,64,CARGO,SUCCESS
7562,1,60,29,CARGO,SUCCESS
7563,0,46,8,PASSENGER,SUCCESS
7564,0,44,91,PASSENGER,SUCCESS
7565,1,41,61,CARGO,SUCCESS
7566,1,40,67,PASSENGER,SUCCESS
7567,0,44,28,PASSENGER,SUCCESS
7568,0,29,66,CARGO,SUCCESS
7569,1,53,25,CARGO,FAILURE
7570,1,39,35,PASSENGER,FAILURE
7571,0,39,25,CARGO,FAILURE
7572,1,39,30,CARGO,FAILURE
7573,1,26,54,PASSENGER,SUCCESS
7574,0,32,98,CARGO,SUCCESS
7575,0,40,33,CARGO,FAILURE
7576,0,21,85,CARGO,SUCCESS
7577,1,55,23,CARGO,FAILURE
7578,0,44,27,CARGO,FAILURE
7579,0,35,40,CARGO,FAILURE
7580,0,34,88,PASSENGER,SUCCESS
7581,0,24,94,PASSENGER,SUCCESS
7582,1,43,70,CARGO,SUCCESS
7583,0,48,7,PASSENGER,FAILURE
7584,0,35,60,PASSENGER,SUCCESS
7585,1,62,36,PASSENGER,FAILURE
7586,0,41,56,PASSENGER,SUCCESS
7587,1,48,7,CARGO,FAILURE
7588,0,46,15,PASSENGER,FAILURE
7589,1,41,5,CARGO,FAILURE
7590,1,56,16,CARGO,FAILURE
7591,0,21,54,PASSENGER,SUCCESS
7592,0,33,49,PASSENGER,SUCCESS
7593,0,43,75,PASSENGER,SUCCESS
7594,1,34,31,CARGO,SUCCESS
7595,1,51,22,CARGO,FAILURE
7596,0,31,10,CARGO,FAILURE
7597,0,38,32,PASSENGER,FAILURE
7598,1,38,58,PASSENGER,SUCCESS
7599,1,18,99,PASSENGER,SUCCESS
7600,0,55,37,PASSENGER,FAILURE
7601,0,18,82,PASSENGER,SUCCESS
7602,1,58,24,CARGO,SUCCESS
7603,0,42,58,PASSENGER,SUCCESS
7604,0,48,18,CARGO,SUCCESS
7605,0,33,40,CARGO,SUCCESS
7606,0,37,27,CARGO,SUCCESS
7607,1,42,58,PASSENGER,SUCCESS
7608,0,44,40,PASSENGER,SUCCESS
7609,0,22,64,PASSENGER,SUCCESS
7610,0,64,19,CARGO,SUCCESS
7611,0,39,35,CARGO,SUCCESS
7612,0,45,55,PASSENGER,SUCCESS
7613,0,54,6,CARGO,SUCCESS
7614,1,62,33,CARGO,SUCCESS
7615,0,44,65,PASSENGER,SUCCESS
7616,0,39,39,PASSENGER,FAILURE
7617,0,27,86,PASSENGER,SUCCESS
7618,1,61,9,CARGO,FAILURE
7619,0,54,29,PASSENGER,FAILURE
7620,0,32,46,PASSENGER,SUCCESS
7621,0,38,33,PASSENGER,SUCCESS
7622,0,61,31,CARGO,FAILURE
7623,1,33,21,CARGO,FAILURE
7624,1,22,35,PASSENGER,SUCCESS
7625,1,39,61,PASSENGER,SUCCESS
7626,0,65,15,CARGO,FAILURE
7627,0,40,55,PASSENGER,SUCCESS
7628,0,35,29,PASSENGER,FAILURE
7629,1,20,90,PASSENGER,SUCCESS
7630,0,40,21,CARGO,FAILURE
7631,0,41,78,PASSENGER,SUCCESS
7632,0,60,39,CARGO,FAILURE
7633,1,29,74,PASSENGER,SUCCESS
7634,0,66,23,CARGO,FAILURE
7635,1,67,40,CARGO,FAILURE
7636,1,44,52,PASSENGER,SUCCESS
7637,1,47,14,PASSENGER,FAILURE
7638,1,35,45,PASSENGER,SUCCESS
7639,0,35,12,PASSENGER,FAILURE
7640,1,22,35,PASSENGER,SUCCESS
7641,1,57,10,CARGO,FAILURE
7642,1,30,11,CARGO,FAILURE
7643,0,20,99,CARGO,SUCCESS
7644,1,66,22,CARGO,FAILURE
7645,1,33,33,PASSENGER,SUCCESS
7646,0,34,11,PASSENGER,FAILURE
7647,0,26,51,CARGO,SUCCESS
7648,1,38,23,PASSENGER,FAILURE
7649,0,43,26,PASSENGER,FAILURE
7650,0,66,6,PASSENGER,FAILURE
7651,0,41,35,CARGO,FAILURE
7652,0,53,11,CARGO,FAILURE
7653,0,28,77,PASSENGER,SUCCESS
7654,1,39,33,PASSENGER,SUCCESS
7655,1,19,78,PASSENGER,SUCCESS
7656,1,31,11,CARGO,FAILURE
7657,0,29,59,PASSENGER,SUCCESS
7658,1,19,66,PASSENGER,SUCCESS
7659,0,49,30,CARGO,FAILURE
7660,1,18,33,PASSENGER,SUCCESS
7661,1,29,47,PASSENGER,SUCCESS
7662,0,59,30,CARGO,FAILURE
7663,0,32,41,PASSENGER,SUCCESS
7664,0,22,61,PASSENGER,SUCCESS
7665,0,53,8,CARGO,FAILURE
7666,1,28,60,PASSENGER,SUCCESS
7667,0,55,11,CARGO,FAILURE
7668,1,41,48,PASSENGER,SUCCESS
7669,0,42,10,CARGO,FAILURE
7670,1,28,39,PASSENGER,SUCCESS
7671,0,59,30,CARGO,FAILURE
7672,0,54,30,CARGO,FAILURE
7673,0,52,24,CARGO,FAILURE
7674,0,40,21,CARGO,FAILURE
7675,0,43,63,PASSENGER,SUCCESS
7676,0,30,93,PASSENGER,SUCCESS
7677,0,18,43,CARGO,SUCCESS
7678,0,65,39,CARGO,SUCCESS
7679,0,59,21,PASSENGER,SUCCESS
7680,1,65,32,CARGO,SUCCESS
7681,0,59,30,PASSENGER,SUCCESS
7682,1,35,23,PASSENGER,SUCCESS
7683,1,61,27,CARGO,SUCCESS
7684,0,52,29,CARGO,SUCCESS
7685,0,37,52,PASSENGER,SUCCESS
7686,0,41,5,CARGO,SUCCESS
7687,0,31,28,CARGO,SUCCESS
7688,1,37,37,CARGO,SUCCESS
7689,1,42,26,CARGO,SUCCESS
7690,1,39,63,PASSENGER,SUCCESS
7691,0,45,35,CARGO,SUCCESS
7692,1,46,22,CARGO,FAILURE
7693,1,36,17,CARGO,FAILURE
7694,1,35,37,PASSENGER,FAILURE
7695,0,27,37,PASSENGER,SUCCESS
7696,1,49,8,PASSENGER,FAILURE
7697,1,67,16,CARGO,FAILURE
7698,1,41,14,CARGO,FAILURE
7699,1,28,94,PASSENGER,SUCCESS
7700,1,22,36,CARGO,SUCCESS
7701,0,28,60,CARGO,SUCCESS
7702,0,63,26,PASSENGER,FAILURE
7703,1,70,31,PASSENGER,FAILURE
7704,0,31,56,PASSENGER,SUCCESS
7705,0,42,62,PASSENGER,SUCCESS
7706,0,44,34,PASSENGER,FAILURE
7707,1,66,15,CARGO,FAILURE
7708,0,24,98,PASSENGER,SUCCESS
7709,0,18,65,PASSENGER,SUCCESS
7710,1,45,96,PASSENGER,SUCCESS
7711,1,58,11,CARGO,FAILURE
7712,0,67,30,CARGO,FAILURE
7713,1,68,38,CARGO,FAILURE
7714,1,35,68,CARGO,SUCCESS
7715,0,51,35,CARGO,FAILURE
7716,1,52,23,CARGO,FAILURE
7717,1,65,30,CARGO,FAILURE
7718,0,56,18,CARGO,FAILURE
7719,1,28,64,PASSENGER,SUCCESS
7720,0,22,44,PASSENGER,SUCCESS
7721,0,41,19,PASSENGER,FAILURE
7722,0,44,15,CARGO,FAILURE
7723,0,55,26,CARGO,FAILURE
7724,1,44,13,CARGO,FAILURE
7725,1,67,14,CARGO,FAILURE
7726,0,25,73,PASSENGER,SUCCESS
7727,0,55,11,CARGO,FAILURE
7728,1,18,77,PASSENGER,SUCCESS
7729,0,47,32,PASSENGER,FAILURE
7730,1,50,27,CARGO,FAILURE
7731,0,32,37,PASSENGER,SUCCESS
7732,1,44,88,PASSENGER,SUCCESS
7733,1,42,97,PASSENGER,SUCCESS
7734,1,44,31,PASSENGER,FAILURE
7735,0,24,89,PASSENGER,SUCCESS
7736,1,23,100,PASSENGER,SUCCESS
7737,1,46,18,CARGO,FAILURE
7738,1,34,15,PASSENGER,FAILURE
7739,1,43,44,PASSENGER,SUCCESS
7740,0,36,13,PASSENGER,SUCCESS
7741,1,43,48,PASSENGER,SUCCESS
7742,0,58,29,PASSENGER,SUCCESS
7743,1,40,27,PASSENGER,SUCCESS
7744,1,65,16,CARGO,SUCCESS
7745,1,40,35,PASSENGER,SUCCESS
7746,0,70,25,CARGO,SUCCESS
7747,0,38,60,PASSENGER,SUCCESS
7748,0,54,26,PASSENGER,SUCCESS
7749,1,33,42,CARGO,SUCCESS
7750,1,38,40,PASSENGER,SUCCESS
7751,1,37,30,CARGO,SUCCESS
7752,1,45,26,PASSENGER,SUCCESS
7753,0,41,20,CARGO,SUCCESS
7754,1,32,72,PASSENGER,SUCCESS
7755,0,54,39,CARGO,FAILURE
7756,1,46,20,CARGO,FAILURE
7757,1,68,39,CARGO,FAILURE
7758,0,34,13,CARGO,FAILURE
7759,0,56,11,CARGO,FAILURE
7760,0,62,19,PASSENGER,FAILURE
7761,1,35,24,CARGO,FAILURE
7762,1,21,54,PASSENGER,SUCCESS
7763,1,40,59,PASSENGER,SUCCESS
7764,0,47,40,CARGO,FAILURE
7765,0,39,32,PASSENGER,SUCCESS
7766,1,58,27,PASSENGER,FAILURE
7767,1,44,20,CARGO,FAILURE
7768,1,39,79,PASSENGER,SUCCESS
7769,0,37,6,PASSENGER,FAILURE
7770,1,33,99,PASSENGER,SUCCESS
7771,1,37,75,PASSENGER,SUCCESS
7772,0,30,33,CARGO,FAILURE
7773,0,41,35,PASSENGER,SUCCESS
7774,0,34,60,PASSENGER,SUCCESS
7775,1,45,26,CARGO,FAILURE
7776,0,60,15,PASSENGER,FAILURE
7777,1,70,28,CARGO,FAILURE
7778,1,50,22,PASSENGER,FAILURE
7779,1,49,27,CARGO,FAILURE
7780,1,41,76,PASSENGER,SUCCESS
7781,0,58,18,CARGO,FAILURE
7782,0,36,100,PASSENGER,SUCCESS
7783,0,34,18,PASSENGER,FAILURE
7784,0,31,70,PASSENGER,SUCCESS
7785,0,34,72,PASSENGER,SUCCESS
7786,1,37,86,CARGO,SUCCESS
7787,0,51,38,CARGO,FAILURE
7788,0,32,74,CARGO,SUCCESS
7789,1,39,93,PASSENGER,SUCCESS
7790,0,40,23,PASSENGER,FAILURE
7791,1,36,19,PASSENGER,FAILURE
7792,0,64,30,CARGO,FAILURE
7793,1,27,74,PASSENGER,SUCCESS
7794,0,63,28,PASSENGER,FAILURE
7795,1,52,40,CARGO,FAILURE
7796,1,41,45,PASSENGER,SUCCESS
7797,0,31,23,CARGO,FAILURE
7798,0,37,24,PASSENGER,FAILURE
7799,1,41,31,PASSENGER,FAILURE
7800,0,38,67,PASSENGER,SUCCESS
7801,1,37,98,PASSENGER,SUCCESS
7802,0,38,22,PASSENGER,FAILURE
7803,0,31,75,PASSENGER,SUCCESS
7804,0,58,10,CARGO,FAILURE
7805,1,47,38,PASSENGER,FAILURE
7806,1,56,19,CARGO,FAILURE
7807,1,37,5,PASSENGER,FAILURE
7808,0,37,24,PASSENGER,FAILURE
7809,1,24,91,CARGO,SUCCESS
7810,0,28,98,PASSENGER,SUCCESS
7811,1,64,5,CARGO,FAILURE
7812,0,59,17,CARGO,FAILURE
7813,1,35,25,PASSENGER,FAILURE
7814,1,33,31,CARGO,SUCCESS
7815,1,38,28,CARGO,FAILURE
7816,0,44,27,PASSENGER,FAILURE
7817,1,43,76,PASSENGER,SUCCESS
7818,0,33,38,CARGO,FAILURE
7819,0,37,17,CARGO,FAILURE
7820,0,22,38,PASSENGER,SUCCESS
7821,1,68,19,CARGO,FAILURE
7822,1,31,93,PASSENGER,SUCCESS
7823,0,60,40,CARGO,FAILURE
7824,1,30,30,PASSENGER,SUCCESS
7825,0,41,69,PASSENGER,SUCCESS
7826,1,34,19,PASSENGER,FAILURE
7827,1,24,99,PASSENGER,SUCCESS
7828,1,35,37,PASSENGER,FAILURE
7829,1,33,45,PASSENGER,SUCCESS
7830,0,50,8,PASSENGER,FAILURE
7831,1,57,16,CARGO,FAILURE
7832,1,64,8,PASSENGER,FAILURE
7833,0,38,17,CARGO,FAILURE
7834,1,36,40,CARGO,FAILURE
7835,0,26,50,PASSENGER,SUCCESS
7836,0,18,63,PASSENGER,SUCCESS
7837,0,18,35,PASSENGER,SUCCESS
7838,0,29,76,PASSENGER,SUCCESS
7839,1,26,41,PASSENGER,SUCCESS
7840,1,57,39,PASSENGER,FAILURE
7841,1,41,69,PASSENGER,SUCCESS
7842,1,63,23,CARGO,FAILURE
7843,0,29,60,PASSENGER,SUCCESS
7844,1,36,46,PASSENGER,SUCCESS
7845,1,40,37,PASSENGER,FAILURE
7846,1,45,10,CARGO,FAILURE
7847,1,53,36,PASSENGER,FAILURE
7848,0,29,35,PASSENGER,SUCCESS
7849,0,70,38,CARGO,FAILURE
7850,0,29,74,PASSENGER,SUCCESS
7851,0,47,11,PASSENGER,FAILURE
7852,1,38,21,CARGO,FAILURE
7853,1,31,64,CARGO,SUCCESS
7854,0,45,27,PASSENGER,FAILURE
7855,0,34,41,PASSENGER,SUCCESS
7856,0,66,21,CARGO,FAILURE
7857,0,39,87,PASSENGER,SUCCESS
7858,1,33,34,PASSENGER,SUCCESS
7859,1,36,62,PASSENGER,SUCCESS
7860,0,57,37,PASSENGER,FAILURE
7861,1,21,64,PASSENGER,SUCCESS
7862,1,31,37,PASSENGER,SUCCESS
7863,1,37,72,PASSENGER,SUCCESS
7864,0,70,36,CARGO,FAILURE
7865,1,49,9,CARGO,FAILURE
7866,1,37,34,CARGO,FAILURE
7867,0,34,31,CARGO,FAILURE
7868,0,25,87,PASSENGER,SUCCESS
7869,0,68,38,CARGO,FAILURE
7870,1,40,66,PASSENGER,SUCCESS
7871,1,55,39,CARGO,FAILURE
7872,0,70,24,CARGO,FAILURE
7873,1,29,42,PASSENGER,SUCCESS
7874,1,35,32,PASSENGER,SUCCESS
7875,1,52,36,CARGO,FAILURE
7876,1,64,32,PASSENGER,FAILURE
7877,0,30,22,CARGO,FAILURE
7878,1,54,5,CARGO,FAILURE
7879,1,19,86,PASSENGER,SUCCESS
7880,1,33,32,PASSENGER,SUCCESS
7881,0,32,39,CARGO,FAILURE
7882,1,28,100,CARGO,SUCCESS
7883,0,60,15,CARGO,FAILURE
7884,0,70,16,PASSENGER,FAILURE
7885,1,46,14,PASSENGER,FAILURE
7886,0,33,36,CARGO,FAILURE
7887,0,45,80,PASSENGER,SUCCESS
7888,0,59,17,CARGO,FAILURE
7889,0,40,34,PASSENGER,SUCCESS
7890,0,19,93,PASSENGER,SUCCESS
7891,1,34,61,CARGO,SUCCESS
7892,0,41,12,CARGO,FAILURE
7893,0,18,48,PASSENGER,SUCCESS
7894,0,37,20,PASSENGER,FAILURE
7895,0,51,7,CARGO,FAILURE
7896,0,59,13,CARGO,FAILURE
7897,1,51,32,CARGO,FAILURE
7898,1,38,5,CARGO,FAILURE
7899,1,24,80,PASSENGER,SUCCESS
7900,0,34,74,PASSENGER,SUCCESS
7901,0,20,36,PASSENGER,SUCCESS
7902,0,45,39,PASSENGER,SUCCESS
7903,1,53,5,CARGO,SUCCESS
7904,1,54,14,PASSENGER,SUCCESS
7905,1,59,21,CARGO,SUCCESS
7906,1,32,34,PASSENGER,SUCCESS
7907,1,21,69,CARGO,SUCCESS
7908,1,37,88,PASSENGER,SUCCESS
7909,0,37,87,PASSENGER,SUCCESS
7910,1,31,65,PASSENGER,SUCCESS
7911,1,21,82,PASSENGER,SUCCESS
7912,0,34,95,CARGO,SUCCESS
7913,1,44,74,CARGO,SUCCESS
7914,1,24,45,PASSENGER,SUCCESS
7915,0,70,18,CARGO,FAILURE
7916,0,27,52,PASSENGER,SUCCESS
7917,1,70,40,CARGO,FAILURE
7918,0,35,79,PASSENGER,SUCCESS
7919,0,55,19,CARGO,FAILURE
7920,1,18,37,PASSENGER,SUCCESS
7921,1,40,62,PASSENGER,SUCCESS
7922,1,37,33,CARGO,FAILURE
7923,0,64,17,CARGO,FAILURE
7924,1,24,92,PASSENGER,SUCCESS
7925,0,48,11,CARGO,FAILURE
7926,1,47,33,CARGO,FAILURE
7927,0,29,34,PASSENGER,SUCCESS
7928,1,34,9,CARGO,FAILURE
7929,1,52,14,CARGO,FAILURE
7930,0,38,27,PASSENGER,SUCCESS
7931,0,39,35,CARGO,SUCCESS
7932,1,52,10,CARGO,SUCCESS
7933,1,32,36,CARGO,SUCCESS
7934,1,48,15,PASSENGER,SUCCESS
7935,0,19,90,PASSENGER,SUCCESS
7936,0,60,13,CARGO,SUCCESS
7937,0,36,32,PASSENGER,SUCCESS
7938,0,33,27,PASSENGER,SUCCESS
7939,1,51,9,CARGO,SUCCESS
7940,0,41,43,PASSENGER,SUCCESS
7941,1,24,88,PASSENGER,SUCCESS
7942,0,32,67,PASSENGER,SUCCESS
7943,1,39,7,CARGO,SUCCESS
7944,1,43,84,CARGO,SUCCESS
7945,1,64,5,PASSENGER,FAILURE
7946,1,67,25,CARGO,FAILURE
7947,0,33,88,PASSENGER,SUCCESS
7948,1,26,43,PASSENGER,SUCCESS
7949,0,29,77,CARGO,SUCCESS
7950,0,21,42,PASSENGER,SUCCESS
7951,0,30,23,PASSENGER,FAILURE
7952,0,54,20,CARGO,FAILURE
7953,1,24,75,PASSENGER,SUCCESS
7954,0,66,14,CARGO,FAILURE
7955,0,39,68,CARGO,SUCCESS
7956,0,70,17,CARGO,FAILURE
7957,0,36,7,PASSENGER,FAILURE
7958,1,48,40,PASSENGER,FAILURE
7959,1,39,89,PASSENGER,SUCCESS
7960,1,38,73,PASSENGER,SUCCESS
7961,1,21,35,PASSENGER,SUCCESS
7962,0,34,85,CARGO,SUCCESS
7963,1,37,9,PASSENGER,SUCCESS
7964,0,30,65,PASSENGER,SUCCESS
7965,0,47,29,CARGO,SUCCESS
7966,0,37,25,PASSENGER,SUCCESS
7967,1,32,65,PASSENGER,SUCCESS
7968,1,39,33,PASSENGER,SUCCESS
7969,1,40,12,CARGO,SUCCESS
7970,0,48,18,PASSENGER,SUCCESS
7971,0,18,48,PASSENGER,SUCCESS
7972,0,54,12,PASSENGER,SUCCESS
7973,0,21,31,PASSENGER,SUCCESS
7974,1,28,67,PASSENGER,SUCCESS
7975,0,30,17,CARGO,SUCCESS
7976,1,45,70,PASSENGER,SUCCESS
7977,0,63,26,CARGO,FAILURE
7978,0,35,22,PASSENGER,FAILURE
7979,0,27,51,PASSENGER,SUCCESS
7980,0,23,30,PASSENGER,SUCCESS
7981,1,21,68,PASSENGER,SUCCESS
7982,0,19,88,PASSENGER,SUCCESS
7983,1,43,38,PASSENGER,SUCCESS
7984,1,28,45,PASSENGER,SUCCESS
7985,1,30,34,CARGO,FAILURE
7986,1,43,78,CARGO,SUCCESS
7987,0,43,34,PASSENGER,SUCCESS
7988,1,53,38,PASSENGER,FAILURE
7989,0,38,8,CARGO,FAILURE
7990,0,39,48,PASSENGER,SUCCESS
7991,1,30,37,PASSENGER,FAILURE
7992,1,32,26,PASSENGER,FAILURE
7993,1,41,37,CARGO,SUCCESS
7994,0,20,54,PASSENGER,SUCCESS
7995,1,45,14,CARGO,FAILURE
7996,0,35,35,CARGO,FAILURE
7997,0,45,83,PASSENGER,SUCCESS
7998,1,31,21,PASSENGER,FAILURE
7999,1,36,55,PASSENGER,SUCCESS
8000,1,57,10,CARGO,FAILURE
8001,1,56,16,CARGO,FAILURE
8002,1,58,11,CARGO,FAILURE
8003,1,38,45,PASSENGER,SUCCESS
8004,1,34,63,CARGO,SUCCESS
8005,1,58,37,CARGO,FAILURE
8006,1,20,85,PASSENGER,SUCCESS
8007,1,23,55,CARGO,SUCCESS
8008,0,45,42,PASSENGER,SUCCESS
8009,0,44,29,CARGO,FAILURE
8010,1,39,13,CARGO,FAILURE
8011,0,41,49,PASSENGER,SUCCESS
8012,1,22,88,PASSENGER,SUCCESS
8013,0,39,75,CARGO,SUCCESS
8014,1,60,35,PASSENGER,SUCCESS
8015,1,41,28,CARGO,SUCCESS
8016,0,41,19,PASSENGER,SUCCESS
8017,1,42,96,PASSENGER,SUCCESS
8018,0,52,14,PASSENGER,SUCCESS
8019,1,22,32,PASSENGER,SUCCESS
8020,0,62,35,PASSENGER,SUCCESS
8021,1,38,36,PASSENGER,SUCCESS
8022,1,62,31,PASSENGER,SUCCESS
8023,1,57,25,PASSENGER,SUCCESS
8024,1,45,81,PASSENGER,SUCCESS
8025,1,46,31,CARGO,FAILURE
8026,0,49,15,CARGO,FAILURE
8027,0,24,96,PASSENGER,SUCCESS
8028,1,54,28,CARGO,FAILURE
8029,1,34,7,CARGO,FAILURE
8030,1,51,14,PASSENGER,FAILURE
8031,0,26,30,CARGO,SUCCESS
8032,0,63,24,PASSENGER,FAILURE
8033,1,37,30,PASSENGER,FAILURE
8034,1,54,11,PASSENGER,FAILURE
8035,1,53,12,PASSENGER,FAILURE
8036,1,43,9,PASSENGER,FAILURE
8037,1,24,66,PASSENGER,SUCCESS
8038,0,56,9,CARGO,FAILURE
8039,0,63,32,CARGO,FAILURE
8040,0,56,23,PASSENGER,FAILURE
8041,0,39,28,CARGO,FAILURE
8042,1,64,17,CARGO,FAILURE
8043,1,58,11,PASSENGER,FAILURE
8044,0,38,88,PASSENGER,SUCCESS
8045,0,41,23,CARGO,FAILURE
8046,0,41,23,PASSENGER,FAILURE
8047,1,21,98,PASSENGER,SUCCESS
8048,1,39,15,CARGO,FAILURE
8049,1,66,40,PASSENGER,FAILURE
8050,0,43,33,PASSENGER,SUCCESS
8051,1,18,48,CARGO,SUCCESS
8052,0,70,34,CARGO,FAILURE
8053,0,39,15,CARGO,FAILURE
8054,0,48,36,CARGO,FAILURE
8055,0,45,48,CARGO,SUCCESS
8056,1,40,36,PASSENGER,SUCCESS
8057,0,22,68,CARGO,SUCCESS
8058,1,40,8,CARGO,FAILURE
8059,0,41,80,PASSENGER,SUCCESS
8060,1,66,12,CARGO,FAILURE
8061,1,39,79,PASSENGER,SUCCESS
8062,1,27,79,PASSENGER,SUCCESS
8063,0,32,35,PASSENGER,SUCCESS
8064,1,20,40,CARGO,SUCCESS
8065,1,58,30,PASSENGER,SUCCESS
8066,1,44,22,CARGO,SUCCESS
8067,1,46,22,CARGO,SUCCESS
8068,1,23,37,PASSENGER,SUCCESS
8069,0,37,50,PASSENGER,SUCCESS
8070,0,25,71,PASSENGER,SUCCESS
8071,0,66,6,CARGO,SUCCESS
8072,0,61,13,CARGO,SUCCESS
8073,1,38,81,PASSENGER,SUCCESS
8074,1,31,47,PASSENGER,SUCCESS
8075,1,46,20,CARGO,SUCCESS
8076,1,42,76,PASSENGER,SUCCESS
8077,0,19,40,PASSENGER,SUCCESS
8078,0,47,30,PASSENGER,FAILURE
8079,1,28,35,PASSENGER,SUCCESS
8080,1,35,36,PASSENGER,FAILURE
8081,0,67,6,PASSENGER,FAILURE
8082,0,44,12,PASSENGER,FAILURE
8083,1,28,75,PASSENGER,SUCCESS
8084,0,36,34,PASSENGER,FAILURE
8085,0,43,11,CARGO,FAILURE
8086,1,45,40,PASSENGER,FAILURE
8087,1,31,37,PASSENGER,FAILURE
8088,0,25,45,PASSENGER,SUCCESS
8089,1,39,8,CARGO,FAILURE
8090,0,31,8,PASSENGER,FAILURE
8091,0,18,57,PASSENGER,SUCCESS
8092,0,63,18,PASSENGER,FAILURE
8093,0,35,61,PASSENGER,SUCCESS
8094,1,52,28,PASSENGER,FAILURE
8095,0,26,60,PASSENGER,SUCCESS
8096,0,39,9,CARGO,FAILURE
8097,0,34,94,CARGO,SUCCESS
8098,0,24,100,PASSENGER,SUCCESS
8099,0,63,12,PASSENGER,FAILURE
8100,1,63,8,CARGO,FAILURE
8101,0,52,10,PASSENGER,FAILURE
8102,0,52,37,PASSENGER,FAILURE
8103,0,47,24,CARGO,FAILURE
8104,0,36,53,CARGO,SUCCESS
8105,1,24,95,PASSENGER,SUCCESS
8106,0,37,33,PASSENGER,FAILURE
8107,0,40,94,PASSENGER,SUCCESS
8108,1,19,49,PASSENGER,SUCCESS
8109,0,62,23,PASSENGER,FAILURE
8110,0,55,22,CARGO,FAILURE
8111,0,69,12,CARGO,FAILURE
8112,1,51,33,PASSENGER,FAILURE
8113,1,33,7,CARGO,FAILURE
8114,1,42,89,PASSENGER,SUCCESS
8115,1,27,51,PASSENGER,SUCCESS
8116,0,38,13,CARGO,SUCCESS
8117,0,65,33,CARGO,SUCCESS
8118,1,47,34,PASSENGER,SUCCESS
8119,1,40,26,PASSENGER,SUCCESS
8120,0,45,98,PASSENGER,SUCCESS
8121,1,41,32,PASSENGER,SUCCESS
8122,1,66,39,PASSENGER,SUCCESS
8123,1,29,59,PASSENGER,SUCCESS
8124,1,37,12,CARGO,SUCCESS
8125,1,25,75,PASSENGER,SUCCESS
8126,0,66,22,CARGO,SUCCESS
8127,0,59,27,CARGO,SUCCESS
8128,1,43,75,PASSENGER,SUCCESS
8129,1,26,79,PASSENGER,SUCCESS
8130,1,30,55,PASSENGER,SUCCESS
8131,0,19,94,PASSENGER,SUCCESS
8132,1,45,72,PASSENGER,SUCCESS
8133,1,61,33,PASSENGER,FAILURE
8134,1,22,63,PASSENGER,SUCCESS
8135,1,49,5,CARGO,FAILURE
8136,0,61,21,PASSENGER,FAILURE
8137,0,32,70,PASSENGER,SUCCESS
8138,1,31,25,PASSENGER,FAILURE
8139,0,53,28,CARGO,FAILURE
8140,0,40,57,PASSENGER,SUCCESS
8141,1,45,19,CARGO,FAILURE
8142,0,40,19,CARGO,FAILURE
8143,1,44,9,CARGO,FAILURE
8144,0,19,34,PASSENGER,SUCCESS
8145,0,53,22,CARGO,FAILURE
8146,1,44,16,CARGO,FAILURE
8147,0,36,20,CARGO,FAILURE
8148,1,49,17,PASSENGER,FAILURE
8149,1,33,34,PASSENGER,FAILURE
8150,0,34,38,CARGO,FAILURE
8151,1,41,35,CARGO,FAILURE
8152,1,34,34,PASSENGER,FAILURE
8153,0,46,8,CARGO,FAILURE
8154,1,24,61,PASSENGER,SUCCESS
8155,0,35,66,PASSENGER,SUCCESS
8156,1,19,69,PASSENGER,SUCCESS
8157,0,37,9,CARGO,FAILURE
8158,0,55,29,CARGO,FAILURE
8159,1,61,17,CARGO,FAILURE
8160,1,56,27,PASSENGER,FAILURE
8161,1,26,37,PASSENGER,SUCCESS
8162,1,27,67,PASSENGER,SUCCESS
8163,0,37,55,CARGO,SUCCESS
8164,1,29,37,PASSENGER,SUCCESS
8165,0,61,5,PASSENGER,FAILURE
8166,0,39,86,PASSENGER,SUCCESS
8167,0,54,17,CARGO,FAILURE
8168,0,35,15,PASSENGER,FAILURE
8169,1,68,6,CARGO,FAILURE
8170,1,33,42,PASSENGER,SUCCESS
8171,0,38,91,PASSENGER,SUCCESS
8172,0,43,73,PASSENGER,SUCCESS
8173,1,34,76,PASSENGER,SUCCESS
8174,0,35,34,PASSENGER,FAILURE
8175,1,41,70,CARGO,SUCCESS
8176,0,59,7,CARGO,FAILURE
8177,1,18,33,CARGO,SUCCESS
8178,0,66,38,PASSENGER,FAILURE
8179,0,51,26,PASSENGER,FAILURE
8180,1,43,32,PASSENGER,FAILURE
8181,0,38,36,PASSENGER,SUCCESS
8182,0,41,57,CARGO,SUCCESS
8183,1,55,18,PASSENGER,FAILURE
8184,0,42,28,PASSENGER,FAILURE
8185,0,59,25,PASSENGER,FAILURE
8186,0,49,7,PASSENGER,FAILURE
8187,1,41,30,CARGO,FAILURE
8188,1,30,45,PASSENGER,SUCCESS
8189,1,47,18,CARGO,FAILURE
8190,0,33,35,CARGO,SUCCESS
8191,0,33,18,CARGO,FAILURE
8192,1,40,32,CARGO,SUCCESS
8193,0,67,12,CARGO,SUCCESS
8194,0,44,22,CARGO,SUCCESS
8195,1,21,64,PASSENGER,SUCCESS
8196,1,18,45,CARGO,SUCCESS
8197,1,35,27,PASSENGER,SUCCESS
8198,1,49,20,PASSENGER,SUCCESS
8199,0,35,21,CARGO,SUCCESS
8200,1,64,5,PASSENGER,SUCCESS
8201,1,33,77,PASSENGER,SUCCESS
8202,0,36,47,PASSENGER,SUCCESS
8203,1,31,80,PASSENGER,SUCCESS
8204,1,53,21,PASSENGER,SUCCESS
8205,0,32,37,CARGO,SUCCESS
8206,0,56,22,PASSENGER,FAILURE
8207,1,20,77,PASSENGER,SUCCESS
8208,0,70,19,CARGO,FAILURE
8209,0,68,23,CARGO,FAILURE
8210,1,45,59,PASSENGER,SUCCESS
8211,0,63,30,CARGO,FAILURE
8212,0,36,70,PASSENGER,SUCCESS
8213,0,45,21,CARGO,FAILURE
8214,1,66,16,CARGO,FAILURE
8215,0,63,39,CARGO,FAILURE
8216,0,33,47,PASSENGER,SUCCESS
8217,0,36,11,PASSENGER,FAILURE
8218,1,69,9,PASSENGER,FAILURE
8219,0,38,96,PASSENGER,SUCCESS
8220,1,47,35,CARGO,FAILURE
8221,1,45,58,CARGO,SUCCESS
8222,0,25,70,CARGO,SUCCESS
8223,1,41,52,PASSENGER,SUCCESS
8224,0,67,26,CARGO,FAILURE
8225,1,43,17,PASSENGER,FAILURE
8226,1,30,35,PASSENGER,FAILURE
8227,1,34,31,PASSENGER,SUCCESS
8228,1,28,34,PASSENGER,SUCCESS
8229,1,50,12,CARGO,FAILURE
8230,0,35,93,PASSENGER,SUCCESS
8231,1,43,29,CARGO,FAILURE
8232,0,64,34,PASSENGER,FAILURE
8233,1,57,15,PASSENGER,FAILURE
8234,0,67,21,PASSENGER,FAILURE
8235,0,58,12,PASSENGER,FAILURE
8236,1,30,55,CARGO,SUCCESS
8237,0,58,25,PASSENGER,FAILURE
8238,0,37,34,PASSENGER,SUCCESS
8239,0,19,89,PASSENGER,SUCCESS
8240,0,40,74,PASSENGER,SUCCESS
8241,0,35,54,PASSENGER,SUCCESS
8242,0,45,70,PASSENGER,SUCCESS
8243,0,20,66,CARGO,SUCCESS
8244,1,29,61,CARGO,SUCCESS
8245,1,44,9,PASSENGER,FAILURE
8246,0,61,14,PASSENGER,FAILURE
8247,1,51,26,CARGO,SUCCESS
8248,1,28,98,PASSENGER,SUCCESS
8249,0,37,76,PASSENGER,SUCCESS
8250,0,55,23,CARGO,SUCCESS
8251,1,45,96,PASSENGER,SUCCESS
8252,1,29,45,CARGO,SUCCESS
8253,0,44,99,PASSENGER,SUCCESS
8254,1,70,38,CARGO,SUCCESS
8255,1,35,37,PASSENGER,SUCCESS
8256,1,69,39,PASSENGER,SUCCESS
8257,0,35,51,PASSENGER,SUCCESS
8258,1,42,31,CARGO,SUCCESS
8259,1,20,99,PASSENGER,SUCCESS
8260,0,43,10,PASSENGER,SUCCESS
8261,0,39,17,PASSENGER,FAILURE
8262,0,43,5,CARGO,FAILURE
8263,0,35,43,CARGO,SUCCESS
8264,1,24,35,PASSENGER,SUCCESS
8265,0,33,25,CARGO,FAILURE
8266,0,38,23,CARGO,FAILURE
8267,0,29,54,PASSENGER,SUCCESS
8268,0,40,16,CARGO,FAILURE
8269,0,43,40,CARGO,FAILURE
8270,0,59,13,CARGO,FAILURE
8271,0,30,9,PASSENGER,FAILURE
8272,1,36,50,PASSENGER,SUCCESS
8273,0,38,31,CARGO,FAILURE
8274,0,29,91,PASSENGER,SUCCESS
8275,0,50,17,PASSENGER,FAILURE
8276,0,67,19,PASSENGER,FAILURE
8277,0,70,6,CARGO,FAILURE
8278,0,63,9,PASSENGER,FAILURE
8279,0,39,37,PASSENGER,SUCCESS
8280,1,32,87,CARGO,SUCCESS
8281,0,43,27,CARGO,FAILURE
8282,0,45,63,PASSENGER,SUCCESS
8283,1,47,34,CARGO,FAILURE
8284,0,30,34,PASSENGER,SUCCESS
8285,1,39,55,PASSENGER,SUCCESS
8286,1,50,34,CARGO,FAILURE
8287,0,39,59,PASSENGER,SUCCESS
8288,0,36,27,CARGO,FAILURE
8289,1,39,79,CARGO,SUCCESS
8290,1,21,67,CARGO,SUCCESS
8291,1,65,27,CARGO,FAILURE
8292,1,53,19,CARGO,FAILURE
8293,0,42,94,PASSENGER,SUCCESS
8294,1,62,40,CARGO,FAILURE
8295,0,19,86,CARGO,SUCCESS
8296,0,70,40,PASSENGER,FAILURE
8297,0,24,43,PASSENGER,SUCCESS
8298,0,43,48,PASSENGER,SUCCESS
8299,0,64,13,CARGO,FAILURE
8300,1,35,73,PASSENGER,SUCCESS
8301,0,26,96,CARGO,SUCCESS
8302,0,34,6,PASSENGER,FAILURE
8303,0,58,24,PASSENGER,FAILURE
8304,0,59,26,CARGO,FAILURE
8305,0,21,84,PASSENGER,SUCCESS
8306,1,23,84,PASSENGER,SUCCESS
8307,0,46,30,CARGO,FAILURE
8308,1,70,25,PASSENGER,FAILURE
8309,1,50,5,CARGO,FAILURE
8310,1,65,11,PASSENGER,FAILURE
8311,0,31,24,CARGO,FAILURE
8312,0,24,54,PASSENGER,SUCCESS
8313,0,31,12,PASSENGER,FAILURE
8314,0,50,7,CARGO,FAILURE
8315,0,25,100,PASSENGER,SUCCESS
8316,1,53,8,PASSENGER,FAILURE
8317,0,32,43,PASSENGER,SUCCESS
8318,0,44,45,PASSENGER,SUCCESS
8319,0,43,88,PASSENGER,SUCCESS
8320,1,35,11,CARGO,FAILURE
8321,1,42,57,PASSENGER,SUCCESS
8322,1,56,26,PASSENGER,FAILURE
8323,1,44,17,PASSENGER,FAILURE
8324,1,41,52,PASSENGER,SUCCESS
8325,0,25,37,PASSENGER,SUCCESS
8326,1,21,44,PASSENGER,SUCCESS
8327,1,58,20,PASSENGER,FAILURE
8328,1,32,16,PASSENGER,FAILURE
8329,0,18,96,PASSENGER,SUCCESS
8330,1,25,38,CARGO,SUCCESS
8331,0,26,44,PASSENGER,SUCCESS
8332,0,26,39,PASSENGER,SUCCESS
8333,1,36,85,PASSENGER,SUCCESS
8334,1,44,54,CARGO,SUCCESS
8335,1,21,73,CARGO,SUCCESS
8336,1,59,16,PASSENGER,FAILURE
8337,0,67,40,PASSENGER,FAILURE
8338,1,42,76,CARGO,SUCCESS
8339,1,36,91,PASSENGER,SUCCESS
8340,1,22,76,PASSENGER,SUCCESS
8341,0,21,56,PASSENGER,SUCCESS
8342,1,56,34,PASSENGER,FAILURE
8343,0,62,36,PASSENGER,FAILURE
8344,1,29,31,PASSENGER,SUCCESS
8345,0,32,8,CARGO,FAILURE
8346,1,34,5,PASSENGER,FAILURE
8347,1,35,89,PASSENGER,SUCCESS
8348,0,36,98,PASSENGER,SUCCESS
8349,1,59,8,CARGO,FAILURE
8350,1,24,72,PASSENGER,SUCCESS
8351,1,23,98,PASSENGER,SUCCESS
8352,0,50,8,CARGO,FAILURE
8353,1,38,63,PASSENGER,SUCCESS
8354,0,64,16,PASSENGER,FAILURE
8355,0,59,10,CARGO,FAILURE
8356,1,28,55,PASSENGER,SUCCESS
8357,1,68,10,CARGO,FAILURE
8358,1,60,9,PASSENGER,FAILURE
8359,1,31,94,PASSENGER,SUCCESS
8360,0,49,17,CARGO,FAILURE
8361,0,26,45,PASSENGER,SUCCESS
8362,0,22,96,PASSENGER,SUCCESS
8363,1,63,7,CARGO,FAILURE
8364,1,58,25,CARGO,FAILURE
8365,0,38,32,PASSENGER,FAILURE
8366,0,66,25,CARGO,FAILURE
8367,0,30,15,CARGO,FAILURE
8368,0,55,12,CARGO,FAILURE
8369,1,30,51,CARGO,SUCCESS
8370,0,56,24,PASSENGER,FAILURE
8371,1,51,10,PASSENGER,FAILURE
8372,1,67,10,PASSENGER,FAILURE
8373,1,42,19,PASSENGER,FAILURE
8374,0,56,27,CARGO,FAILURE
8375,1,58,30,CARGO,FAILURE
8376,1,40,64,PASSENGER,SUCCESS
8377,1,35,78,PASSENGER,SUCCESS
8378,1,60,37,PASSENGER,FAILURE
8379,1,30,62,PASSENGER,SUCCESS
8380,1,19,30,PASSENGER,SUCCESS
8381,1,19,46,CARGO,SUCCESS
8382,1,23,88,PASSENGER,SUCCESS
8383,0,19,85,PASSENGER,SUCCESS
8384,1,27,49,PASSENGER,SUCCESS
8385,1,52,5,PASSENGER,FAILURE
8386,0,68,39,PASSENGER,FAILURE
8387,0,36,30,CARGO,SUCCESS
8388,0,37,24,CARGO,FAILURE
8389,1,39,11,CARGO,FAILURE
8390,1,38,83,CARGO,SUCCESS
8391,0,31,29,PASSENGER,FAILURE
8392,0,32,6,CARGO,FAILURE
8393,1,31,49,PASSENGER,SUCCESS
8394,0,39,32,CARGO,FAILURE
8395,0,25,67,PASSENGER,SUCCESS
8396,0,34,23,PASSENGER,FAILURE
8397,1,38,25,PASSENGER,FAILURE
8398,0,65,8,CARGO,FAILURE
8399,0,23,83,PASSENGER,SUCCESS
8400,1,66,35,PASSENGER,FAILURE
8401,1,65,14,CARGO,FAILURE
8402,0,41,24,PASSENGER,FAILURE
8403,1,29,74,PASSENGER,SUCCESS
8404,0,33,32,PASSENGER,SUCCESS
8405,1,40,90,CARGO,SUCCESS
8406,1,25,39,PASSENGER,SUCCESS
8407,0,35,29,PASSENGER,FAILURE
8408,0,21,93,PASSENGER,SUCCESS
8409,1,32,38,PASSENGER,SUCCESS
8410,1,33,27,PASSENGER,FAILURE
8411,0,36,76,PASSENGER,SUCCESS
8412,0,50,12,PASSENGER,FAILURE
8413,1,52,31,PASSENGER,FAILURE
8414,0,46,21,PASSENGER,FAILURE
8415,1,47,18,CARGO,FAILURE
8416,0,35,38,PASSENGER,SUCCESS
8417,1,54,17,CARGO,FAILURE
8418,1,46,23,CARGO,FAILURE
8419,1,21,56,PASSENGER,SUCCESS
8420,0,34,38,CARGO,FAILURE
8421,0,51,21,PASSENGER,FAILURE
8422,0,45,80,PASSENGER,SUCCESS
8423,0,35,8,CARGO,FAILURE
8424,0,31,38,PASSENGER,SUCCESS
8425,1,69,6,PASSENGER,FAILURE
8426,0,21,62,PASSENGER,SUCCESS
8427,1,39,37,CARGO,FAILURE
8428,0,32,92,PASSENGER,SUCCESS
8429,0,34,100,CARGO,SUCCESS
8430,0,21,62,CARGO,SUCCESS
8431,0,42,13,PASSENGER,FAILURE
8432,1,32,28,CARGO,FAILURE
8433,0,33,51,PASSENGER,SUCCESS
8434,0,53,30,CARGO,FAILURE
8435,0,38,18,PASSENGER,FAILURE
8436,0,38,78,CARGO,SUCCESS
8437,0,45,8,PASSENGER,FAILURE
8438,1,20,52,CARGO,SUCCESS
8439,0,65,13,CARGO,FAILURE
8440,1,40,92,PASSENGER,SUCCESS
8441,0,26,67,PASSENGER,SUCCESS
8442,1,41,14,CARGO,FAILURE
8443,1,20,74,PASSENGER,SUCCESS
8444,0,20,39,PASSENGER,SUCCESS
8445,0,44,37,PASSENGER,SUCCESS
8446,0,22,59,PASSENGER,SUCCESS
8447,0,25,30,PASSENGER,SUCCESS
8448,0,21,80,PASSENGER,SUCCESS
8449,0,54,26,CARGO,FAILURE
8450,0,37,10,PASSENGER,FAILURE
8451,0,65,7,PASSENGER,FAILURE
8452,1,36,44,PASSENGER,SUCCESS
8453,0,18,73,PASSENGER,SUCCESS
8454,1,35,35,CARGO,FAILURE
8455,1,70,7,PASSENGER,FAILURE
8456,0,48,12,PASSENGER,FAILURE
8457,0,52,9,PASSENGER,FAILURE
8458,0,63,30,CARGO,FAILURE
8459,0,70,26,CARGO,FAILURE
8460,1,69,12,CARGO,FAILURE
8461,0,46,23,CARGO,FAILURE
8462,0,50,33,CARGO,FAILURE
8463,0,48,23,PASSENGER,FAILURE
8464,0,44,34,PASSENGER,SUCCESS
8465,0,64,33,CARGO,FAILURE
8466,0,48,22,PASSENGER,FAILURE
8467,0,20,98,PASSENGER,SUCCESS
8468,1,24,61,PASSENGER,SUCCESS
8469,1,62,13,PASSENGER,FAILURE
8470,0,18,62,PASSENGER,SUCCESS
8471,1,69,8,CARGO,FAILURE
8472,1,43,73,PASSENGER,SUCCESS
8473,0,37,14,CARGO,FAILURE
8474,1,28,90,PASSENGER,SUCCESS
8475,1,37,33,PASSENGER,FAILURE
8476,0,35,39,PASSENGER,SUCCESS
8477,1,57,25,PASSENGER,FAILURE
8478,0,51,23,PASSENGER,FAILURE
8479,0,40,76,CARGO,SUCCESS
8480,1,29,47,CARGO,SUCCESS
8481,1,18,63,PASSENGER,SUCCESS
8482,0,42,12,PASSENGER,FAILURE
8483,0,42,49,PASSENGER,SUCCESS
8484,0,36,74,PASSENGER,SUCCESS
8485,1,41,15,CARGO,FAILURE
8486,1,24,62,PASSENGER,SUCCESS
8487,1,51,8,PASSENGER,FAILURE
8488,0,23,100,CARGO,SUCCESS
8489,0,35,79,PASSENGER,SUCCESS
8490,0,38,79,CARGO,SUCCESS
8491,0,35,93,PASSENGER,SUCCESS
8492,0,32,15,CARGO,FAILURE
8493,0,41,65,CARGO,SUCCESS
8494,1,33,44,CARGO,SUCCESS
8495,0,39,42,PASSENGER,SUCCESS
8496,0,54,16,PASSENGER,FAILURE
8497,1,33,60,CARGO,SUCCESS
8498,1,59,23,CARGO,FAILURE
8499,0,37,5,CARGO,FAILURE
8500,1,68,14,CARGO,FAILURE
8501,0,41,39,CARGO,FAILURE
8502,0,24,36,PASSENGER,SUCCESS
8503,1,45,29,CARGO,FAILURE
8504,1,27,51,PASSENGER,SUCCESS
8505,1,42,36,PASSENGER,SUCCESS
8506,1,37,29,PASSENGER,FAILURE
8507,0,26,80,PASSENGER,SUCCESS
8508,0,44,44,CARGO,SUCCESS
8509,0,40,17,CARGO,FAILURE
8510,0,33,39,PASSENGER,FAILURE
8511,0,38,38,CARGO,FAILURE
8512,0,41,13,CARGO,FAILURE
8513,0,38,50,PASSENGER,SUCCESS
8514,1,42,76,PASSENGER,SUCCESS
8515,0,23,77,PASSENGER,SUCCESS
8516,1,70,33,PASSENGER,FAILURE
8517,1,39,77,PASSENGER,SUCCESS
8518,0,62,20,PASSENGER,FAILURE
8519,1,54,26,CARGO,FAILURE
8520,0,44,14,CARGO,FAILURE
8521,0,29,97,PASSENGER,SUCCESS
8522,0,35,17,CARGO,FAILURE
8523,1,60,8,CARGO,FAILURE
8524,1,51,40,PASSENGER,FAILURE
8525,1,23,69,PASSENGER,SUCCESS
8526,1,40,23,CARGO,FAILURE
8527,1,41,47,PASSENGER,SUCCESS
8528,0,54,33,CARGO,FAILURE
8529,1,39,53,PASSENGER,SUCCESS
8530,1,33,52,PASSENGER,SUCCESS
8531,1,18,56,PASSENGER,SUCCESS
8532,1,29,90,PASSENGER,SUCCESS
8533,1,41,9,PASSENGER,FAILURE
8534,0,22,60,PASSENGER,SUCCESS
8535,1,20,87,PASSENGER,SUCCESS
8536,1,66,39,PASSENGER,FAILURE
8537,0,22,31,PASSENGER,SUCCESS
8538,0,23,82,PASSENGER,SUCCESS
8539,1,68,16,CARGO,FAILURE
8540,1,29,85,PASSENGER,SUCCESS
8541,1,54,40,PASSENGER,FAILURE
8542,1,31,98,PASSENGER,SUCCESS
8543,0,43,11,CARGO,FAILURE
8544,0,46,36,PASSENGER,FAILURE
8545,1,27,61,PASSENGER,SUCCESS
8546,1,44,100,PASSENGER,SUCCESS
8547,0,61,15,CARGO,FAILURE
8548,1,29,76,PASSENGER,SUCCESS
8549,1,33,73,PASSENGER,SUCCESS
8550,1,33,14,CARGO,FAILURE
8551,0,31,37,CARGO,FAILURE
8552,0,30,24,CARGO,FAILURE
8553,1,63,31,PASSENGER,FAILURE
8554,0,46,12,PASSENGER,FAILURE
8555,0,35,48,PASSENGER,SUCCESS
8556,0,67,19,CARGO,FAILURE
8557,0,46,14,PASSENGER,FAILURE
8558,1,19,66,PASSENGER,SUCCESS
8559,0,36,33,PASSENGER,FAILURE
8560,0,27,49,PASSENGER,SUCCESS
8561,1,67,22,PASSENGER,FAILURE
8562,1,46,36,CARGO,FAILURE
8563,1,32,17,PASSENGER,FAILURE
8564,0,37,5,CARGO,FAILURE
8565,0,57,24,PASSENGER,FAILURE
8566,1,45,46,PASSENGER,SUCCESS
8567,1,65,33,PASSENGER,FAILURE
8568,1,30,77,PASSENGER,SUCCESS
8569,0,20,34,PASSENGER,SUCCESS
8570,1,40,100,PASSENGER,SUCCESS
8571,0,21,41,PASSENGER,SUCCESS
8572,1,30,32,PASSENGER,FAILURE
8573,1,34,25,CARGO,FAILURE
8574,0,38,32,CARGO,FAILURE
8575,0,19,95,CARGO,SUCCESS
8576,0,43,60,PASSENGER,SUCCESS
8577,0,70,30,CARGO,FAILURE
8578,1,63,23,CARGO,FAILURE
8579,1,40,31,PASSENGER,SUCCESS
8580,1,32,29,CARGO,FAILURE
8581,0,61,18,PASSENGER,FAILURE
8582,0,35,44,PASSENGER,SUCCESS
8583,0,37,5,CARGO,FAILURE
8584,1,42,39,PASSENGER,SUCCESS
8585,0,33,32,CARGO,SUCCESS
8586,1,31,14,CARGO,FAILURE
8587,0,49,34,CARGO,FAILURE
8588,1,42,8,PASSENGER,FAILURE
8589,0,59,16,CARGO,FAILURE
8590,1,32,24,CARGO,FAILURE
8591,0,64,16,CARGO,FAILURE
8592,1,35,83,PASSENGER,SUCCESS
8593,0,24,30,PASSENGER,SUCCESS
8594,1,40,46,PASSENGER,SUCCESS
8595,0,33,93,PASSENGER,SUCCESS
8596,0,32,73,PASSENGER,SUCCESS
8597,0,36,22,CARGO,FAILURE
8598,0,37,91,CARGO,SUCCESS
8599,0,29,31,PASSENGER,SUCCESS
8600,1,43,64,CARGO,SUCCESS
8601,1,52,12,CARGO,FAILURE
8602,0,36,42,PASSENGER,SUCCESS
8603,0,44,85,CARGO,SUCCESS
8604,1,67,14,CARGO,FAILURE
8605,1,43,61,PASSENGER,SUCCESS
8606,0,43,5,CARGO,FAILURE
8607,0,39,38,CARGO,SUCCESS
8608,1,69,37,PASSENGER,FAILURE
8609,1,68,7,CARGO,FAILURE
8610,0,63,24,PASSENGER,FAILURE
8611,1,45,73,PASSENGER,SUCCESS
8612,1,31,16,PASSENGER,FAILURE
8613,1,33,79,PASSENGER,SUCCESS
8614,1,32,27,PASSENGER,FAILURE
8615,0,40,19,CARGO,FAILURE
8616,1,55,40,CARGO,FAILURE
8617,0,35,7,PASSENGER,FAILURE
8618,0,31,68,CARGO,SUCCESS
8619,0,35,60,PASSENGER,SUCCESS
8620,0,31,74,PASSENGER,SUCCESS
8621,1,65,34,CARGO,FAILURE
8622,0,47,39,PASSENGER,FAILURE
8623,1,36,42,CARGO,SUCCESS
8624,1,43,29,CARGO,FAILURE
8625,0,65,16,CARGO,FAILURE
8626,0,51,21,CARGO,FAILURE
8627,1,39,94,PASSENGER,SUCCESS
8628,1,51,31,PASSENGER,FAILURE
8629,1,23,67,CARGO,SUCCESS
8630,1,67,29,PASSENGER,FAILURE
8631,0,41,70,PASSENGER,SUCCESS
8632,0,43,86,PASSENGER,SUCCESS
8633,0,63,36,CARGO,FAILURE
8634,0,63,17,CARGO,FAILURE
8635,0,59,18,CARGO,FAILURE
8636,1,52,19,CARGO,FAILURE
8637,0,46,21,CARGO,FAILURE
8638,1,58,13,PASSENGER,FAILURE
8639,0,25,37,PASSENGER,SUCCESS
8640,0,60,9,CARGO,FAILURE
8641,0,33,5,CARGO,FAILURE
8642,0,37,92,PASSENGER,SUCCESS
8643,1,44,72,PASSENGER,SUCCESS
8644,0,32,83,PASSENGER,SUCCESS
8645,1,31,32,CARGO,FAILURE
8646,1,62,7,CARGO,FAILURE
8647,0,40,25,CARGO,FAILURE
8648,1,41,29,CARGO,FAILURE
8649,0,41,73,PASSENGER,SUCCESS
8650,0,40,79,PASSENGER,SUCCESS
8651,0,22,84,PASSENGER,SUCCESS
8652,1,22,45,PASSENGER,SUCCESS
8653,1,33,37,CARGO,FAILURE
8654,1,33,93,PASSENGER,SUCCESS
8655,1,59,38,CARGO,FAILURE
8656,1,30,39,CARGO,FAILURE
8657,0,36,30,PASSENGER,FAILURE
8658,0,35,13,CARGO,FAILURE
8659,1,44,35,PASSENGER,FAILURE
8660,0,67,36,PASSENGER,FAILURE
8661,0,26,56,PASSENGER,SUCCESS
8662,1,37,47,PASSENGER,SUCCESS
8663,1,57,22,PASSENGER,FAILURE
8664,0,55,14,CARGO,FAILURE
8665,0,51,29,PASSENGER,FAILURE
8666,1,70,39,CARGO,FAILURE
8667,0,49,11,PASSENGER,FAILURE
8668,1,30,98,CARGO,SUCCESS
8669,0,37,81,PASSENGER,SUCCESS
8670,1,33,35,CARGO,SUCCESS
8671,1,39,17,CARGO,FAILURE
8672,1,69,15,CARGO,FAILURE
8673,0,33,83,PASSENGER,SUCCESS
8674,1,25,94,PASSENGER,SUCCESS
8675,1,22,83,PASSENGER,SUCCESS
8676,1,61,18,CARGO,FAILURE
8677,1,33,44,PASSENGER,SUCCESS
8678,1,52,13,CARGO,FAILURE
8679,0,21,95,PASSENGER,SUCCESS
8680,0,34,7,PASSENGER,FAILURE
8681,0,19,53,PASSENGER,SUCCESS
8682,0,66,27,CARGO,FAILURE
8683,1,55,21,CARGO,FAILURE
8684,1,20,58,PASSENGER,SUCCESS
8685,0,18,64,CARGO,SUCCESS
8686,1,18,64,PASSENGER,SUCCESS
8687,0,48,28,PASSENGER,FAILURE
8688,1,30,39,PASSENGER,FAILURE
8689,1,38,47,PASSENGER,SUCCESS
8690,1,40,13,PASSENGER,FAILURE
8691,1,40,60,CARGO,SUCCESS
8692,0,45,22,CARGO,FAILURE
8693,1,37,24,CARGO,FAILURE
8694,0,36,91,CARGO,SUCCESS
8695,1,64,15,CARGO,FAILURE
8696,0,42,37,CARGO,FAILURE
8697,1,50,9,CARGO,FAILURE
8698,1,32,24,CARGO,FAILURE
8699,1,22,49,CARGO,SUCCESS
8700,1,22,57,CARGO,SUCCESS
8701,1,36,64,PASSENGER,SUCCESS
8702,1,26,33,PASSENGER,SUCCESS
8703,0,37,40,PASSENGER,SUCCESS
8704,1,42,27,PASSENGER,FAILURE
8705,1,43,28,CARGO,FAILURE
8706,0,43,78,PASSENGER,SUCCESS
8707,1,39,82,PASSENGER,SUCCESS
8708,1,67,35,CARGO,FAILURE
8709,1,48,16,CARGO,FAILURE
8710,0,31,70,PASSENGER,SUCCESS
8711,0,63,11,PASSENGER,FAILURE
8712,0,35,96,PASSENGER,SUCCESS
8713,0,54,20,CARGO,FAILURE
8714,1,42,40,PASSENGER,FAILURE
8715,0,42,50,PASSENGER,SUCCESS
8716,0,36,13,CARGO,FAILURE
8717,1,48,10,CARGO,FAILURE
8718,1,46,8,PASSENGER,FAILURE
8719,0,51,25,CARGO,FAILURE
8720,1,35,85,PASSENGER,SUCCESS
8721,1,56,24,CARGO,FAILURE
8722,0,37,45,PASSENGER,SUCCESS
8723,1,69,22,CARGO,FAILURE
8724,1,46,35,CARGO,FAILURE
8725,1,34,56,PASSENGER,SUCCESS
8726,0,25,38,PASSENGER,SUCCESS
8727,0,34,59,PASSENGER,SUCCESS
8728,0,18,63,PASSENGER,SUCCESS
8729,0,31,30,PASSENGER,SUCCESS
8730,1,47,28,CARGO,FAILURE
8731,0,57,23,PASSENGER,FAILURE
8732,1,48,31,PASSENGER,FAILURE
8733,1,64,32,CARGO,FAILURE
8734,1,40,93,PASSENGER,SUCCESS
8735,0,41,81,PASSENGER,SUCCESS
8736,0,37,32,CARGO,FAILURE
8737,1,31,34,PASSENGER,SUCCESS
8738,0,24,86,PASSENGER,SUCCESS
8739,0,31,16,CARGO,FAILURE
8740,0,42,76,PASSENGER,SUCCESS
8741,0,63,15,CARGO,FAILURE
8742,0,44,13,CARGO,FAILURE
8743,1,28,89,CARGO,SUCCESS
8744,1,35,22,CARGO,FAILURE
8745,0,38,12,CARGO,FAILURE
8746,0,44,62,PASSENGER,SUCCESS
8747,0,45,52,PASSENGER,SUCCESS
8748,1,35,87,PASSENGER,SUCCESS
8749,1,24,38,PASSENGER,SUCCESS
8750,0,31,11,CARGO,FAILURE
8751,1,41,36,PASSENGER,FAILURE
8752,0,43,52,PASSENGER,SUCCESS
8753,0,27,88,CARGO,SUCCESS
8754,1,28,90,PASSENGER,SUCCESS
8755,0,36,33,PASSENGER,SUCCESS
8756,1,61,20,CARGO,FAILURE
8757,0,53,16,CARGO,FAILURE
8758,1,50,34,PASSENGER,FAILURE
8759,1,36,32,CARGO,FAILURE
8760,0,67,27,CARGO,FAILURE
8761,1,33,28,PASSENGER,FAILURE
8762,1,36,22,PASSENGER,FAILURE
8763,1,31,25,CARGO,FAILURE
8764,0,30,30,CARGO,FAILURE
8765,0,28,68,PASSENGER,SUCCESS
8766,0,55,28,CARGO,FAILURE
8767,1,22,72,PASSENGER,SUCCESS
8768,0,18,56,PASSENGER,SUCCESS
8769,1,60,6,CARGO,FAILURE
8770,0,30,31,CARGO,FAILURE
8771,0,28,79,CARGO,SUCCESS
8772,1,45,43,PASSENGER,SUCCESS
8773,1,32,47,CARGO,SUCCESS
8774,0,25,54,PASSENGER,SUCCESS
8775,1,39,31,PASSENGER,SUCCESS
8776,0,30,27,PASSENGER,FAILURE
8777,0,38,9,CARGO,FAILURE
8778,1,41,82,PASSENGER,SUCCESS
8779,1,38,54,CARGO,SUCCESS
8780,1,33,44,PASSENGER,SUCCESS
8781,1,45,96,PASSENGER,SUCCESS
8782,1,35,8,PASSENGER,FAILURE
8783,1,70,9,CARGO,FAILURE
8784,1,22,61,PASSENGER,SUCCESS
8785,0,41,56,PASSENGER,SUCCESS
8786,0,46,7,CARGO,FAILURE
8787,1,44,33,CARGO,FAILURE
8788,1,43,40,PASSENGER,SUCCESS
8789,1,59,6,PASSENGER,FAILURE
8790,1,68,16,CARGO,FAILURE
8791,0,22,90,PASSENGER,SUCCESS
8792,1,34,76,PASSENGER,SUCCESS
8793,0,64,30,CARGO,FAILURE
8794,1,31,15,CARGO,FAILURE
8795,1,25,38,PASSENGER,SUCCESS
8796,0,35,85,PASSENGER,SUCCESS
8797,1,32,37,CARGO,SUCCESS
8798,0,65,12,PASSENGER,FAILURE
8799,0,42,10,PASSENGER,FAILURE
8800,0,48,5,PASSENGER,FAILURE
8801,0,28,68,PASSENGER,SUCCESS
8802,1,43,29,CARGO,FAILURE
8803,0,49,34,PASSENGER,FAILURE
8804,0,38,29,CARGO,FAILURE
8805,0,64,21,CARGO,FAILURE
8806,0,59,33,CARGO,FAILURE
8807,0,70,40,CARGO,FAILURE
8808,1,44,60,CARGO,SUCCESS
8809,1,37,24,CARGO,FAILURE
8810,0,32,33,PASSENGER,SUCCESS
8811,1,33,11,CARGO,FAILURE
8812,0,40,55,PASSENGER,SUCCESS
8813,1,25,100,PASSENGER,SUCCESS
8814,1,61,33,PASSENGER,FAILURE
8815,0,69,39,PASSENGER,FAILURE
8816,0,34,35,PASSENGER,SUCCESS
8817,0,35,8,PASSENGER,FAILURE
8818,1,28,79,PASSENGER,SUCCESS
8819,0,30,34,PASSENGER,SUCCESS
8820,1,30,17,CARGO,FAILURE
8821,1,60,38,CARGO,FAILURE
8822,0,45,76,PASSENGER,SUCCESS
8823,0,33,91,PASSENGER,SUCCESS
8824,1,28,69,CARGO,SUCCESS
8825,1,63,32,CARGO,FAILURE
8826,0,65,30,CARGO,FAILURE
8827,1,33,81,CARGO,SUCCESS
8828,1,36,70,PASSENGER,SUCCESS
8829,1,58,29,PASSENGER,FAILURE
8830,1,37,59,PASSENGER,SUCCESS
8831,0,36,31,PASSENGER,SUCCESS
8832,0,56,37,CARGO,FAILURE
8833,1,54,11,CARGO,FAILURE
8834,1,33,31,PASSENGER,SUCCESS
8835,0,18,69,CARGO,SUCCESS
8836,0,54,39,PASSENGER,FAILURE
8837,1,33,36,PASSENGER,SUCCESS
8838,0,29,31,PASSENGER,SUCCESS
8839,0,38,94,PASSENGER,SUCCESS
8840,0,18,87,PASSENGER,SUCCESS
8841,1,38,90,PASSENGER,SUCCESS
8842,0,35,20,PASSENGER,FAILURE
8843,1,66,12,PASSENGER,FAILURE
8844,1,27,37,PASSENGER,SUCCESS
8845,1,37,86,PASSENGER,SUCCESS
8846,1,44,77,CARGO,SUCCESS
8847,0,70,37,PASSENGER,FAILURE
8848,1,24,50,PASSENGER,SUCCESS
8849,0,36,95,PASSENGER,SUCCESS
8850,0,31,35,CARGO,SUCCESS
8851,1,60,32,CARGO,FAILURE
8852,0,62,38,PASSENGER,FAILURE
8853,0,39,27,PASSENGER,FAILURE
8854,1,66,23,PASSENGER,FAILURE
8855,1,35,73,PASSENGER,SUCCESS
8856,0,20,36,PASSENGER,SUCCESS
8857,1,25,46,PASSENGER,SUCCESS
8858,0,43,12,CARGO,FAILURE
8859,1,28,82,CARGO,SUCCESS
8860,0,24,49,PASSENGER,SUCCESS
8861,0,70,7,CARGO,FAILURE
8862,0,52,25,PASSENGER,FAILURE
8863,0,46,21,CARGO,FAILURE
8864,1,36,49,PASSENGER,SUCCESS
8865,1,66,35,CARGO,FAILURE
8866,0,55,7,CARGO,FAILURE
8867,1,40,23,PASSENGER,FAILURE
8868,0,41,18,CARGO,FAILURE
8869,0,67,6,CARGO,FAILURE
8870,1,41,69,PASSENGER,SUCCESS
8871,1,21,51,PASSENGER,SUCCESS
8872,0,62,34,PASSENGER,FAILURE
8873,0,39,25,CARGO,FAILURE
8874,1,61,10,PASSENGER,FAILURE
8875,1,57,8,CARGO,FAILURE
8876,0,18,69,PASSENGER,SUCCESS
8877,0,57,13,CARGO,FAILURE
8878,1,62,37,CARGO,FAILURE
8879,0,23,30,PASSENGER,SUCCESS
8880,0,44,72,PASSENGER,SUCCESS
8881,1,40,43,PASSENGER,SUCCESS
8882,0,43,76,PASSENGER,SUCCESS
8883,1,58,31,CARGO,FAILURE
8884,0,47,14,CARGO,FAILURE
8885,0,44,58,PASSENGER,SUCCESS
8886,1,38,50,PASSENGER,SUCCESS
8887,1,37,55,PASSENGER,SUCCESS
8888,0,63,11,PASSENGER,FAILURE
8889,1,55,8,CARGO,FAILURE
8890,1,41,35,PASSENGER,FAILURE
8891,0,40,33,CARGO,FAILURE
8892,1,33,24,PASSENGER,FAILURE
8893,1,23,65,PASSENGER,SUCCESS
8894,1,63,35,CARGO,FAILURE
8895,0,29,44,PASSENGER,SUCCESS
8896,0,27,62,PASSENGER,SUCCESS
8897,1,37,14,CARGO,FAILURE
8898,0,60,14,CARGO,FAILURE
8899,1,35,95,PASSENGER,SUCCESS
8900,1,31,33,CARGO,FAILURE
8901,1,41,6,CARGO,FAILURE
8902,1,35,68,CARGO,SUCCESS
8903,1,50,24,PASSENGER,FAILURE
8904,1,50,34,CARGO,FAILURE
8905,0,58,18,CARGO,FAILURE
8906,0,70,18,CARGO,FAILURE
8907,1,21,72,PASSENGER,SUCCESS
8908,0,41,25,PASSENGER,FAILURE
8909,1,27,33,CARGO,SUCCESS
8910,1,44,74,CARGO,SUCCESS
8911,1,47,39,CARGO,FAILURE
8912,0,45,18,CARGO,FAILURE
8913,0,41,86,PASSENGER,SUCCESS
8914,0,39,17,PASSENGER,FAILURE
8915,0,36,19,PASSENGER,FAILURE
8916,1,30,39,CARGO,FAILURE
8917,1,19,30,PASSENGER,SUCCESS
8918,0,34,16,PASSENGER,FAILURE
8919,1,68,20,CARGO,FAILURE
8920,0,46,21,PASSENGER,FAILURE
8921,0,52,8,PASSENGER,FAILURE
8922,0,43,89,PASSENGER,SUCCESS
8923,0,57,39,CARGO,FAILURE
8924,1,47,31,PASSENGER,FAILURE
8925,0,30,93,PASSENGER,SUCCESS
8926,0,22,37,PASSENGER,SUCCESS
8927,0,61,17,PASSENGER,FAILURE
8928,1,58,34,CARGO,FAILURE
8929,1,25,37,PASSENGER,SUCCESS
8930,1,48,5,CARGO,FAILURE
8931,0,40,64,CARGO,SUCCESS
8932,0,50,25,PASSENGER,FAILURE
8933,0,33,89,CARGO,SUCCESS
8934,0,50,38,PASSENGER,FAILURE
8935,0,25,45,PASSENGER,SUCCESS
8936,1,33,75,PASSENGER,SUCCESS
8937,0,21,68,PASSENGER,SUCCESS
8938,1,62,31,PASSENGER,FAILURE
8939,0,42,49,CARGO,SUCCESS
8940,0,23,32,CARGO,SUCCESS
8941,0,25,68,PASSENGER,SUCCESS
8942,0,32,37,CARGO,SUCCESS
8943,1,47,9,PASSENGER,FAILURE
8944,1,40,21,CARGO,FAILURE
8945,1,32,40,CARGO,FAILURE
8946,0,34,77,PASSENGER,SUCCESS
8947,1,55,16,CARGO,FAILURE
8948,1,30,77,PASSENGER,SUCCESS
8949,0,35,94,PASSENGER,SUCCESS
8950,1,38,30,PASSENGER,SUCCESS
8951,1,65,29,CARGO,FAILURE
8952,1,49,29,CARGO,FAILURE
8953,0,33,57,PASSENGER,SUCCESS
8954,1,44,28,CARGO,FAILURE
8955,0,53,10,PASSENGER,FAILURE
8956,0,65,16,PASSENGER,FAILURE
8957,1,41,30,PASSENGER,FAILURE
8958,1,46,27,CARGO,FAILURE
8959,0,64,6,CARGO,FAILURE
8960,0,40,55,PASSENGER,SUCCESS
8961,0,60,14,CARGO,FAILURE
8962,1,41,92,PASSENGER,SUCCESS
8963,1,39,34,PASSENGER,SUCCESS
8964,0,43,49,PASSENGER,SUCCESS
8965,1,31,58,PASSENGER,SUCCESS
8966,0,50,12,CARGO,FAILURE
8967,1,49,19,PASSENGER,FAILURE
8968,0,33,54,PASSENGER,SUCCESS
8969,1,48,19,CARGO,FAILURE
8970,1,58,40,CARGO,FAILURE
8971,1,35,67,PASSENGER,SUCCESS
8972,1,32,7,CARGO,FAILURE
8973,0,20,42,PASSENGER,SUCCESS
8974,0,42,39,PASSENGER,SUCCESS
8975,1,61,21,CARGO,FAILURE
8976,1,45,27,PASSENGER,FAILURE
8977,0,40,50,PASSENGER,SUCCESS
8978,0,41,75,PASSENGER,SUCCESS
8979,1,31,63,PASSENGER,SUCCESS
8980,0,41,11,CARGO,FAILURE
8981,0,69,17,PASSENGER,FAILURE
8982,1,26,98,PASSENGER,SUCCESS
8983,0,65,12,CARGO,FAILURE
8984,1,35,76,PASSENGER,SUCCESS
8985,1,39,39,PASSENGER,SUCCESS
8986,0,50,39,PASSENGER,FAILURE
8987,0,27,71,PASSENGER,SUCCESS
8988,1,25,78,CARGO,SUCCESS
8989,1,46,13,CARGO,FAILURE
8990,1,34,6,PASSENGER,FAILURE
8991,0,18,91,PASSENGER,SUCCESS
8992,1,52,23,CARGO,FAILURE
8993,1,29,59,PASSENGER,SUCCESS
8994,1,21,39,PASSENGER,SUCCESS
8995,1,22,72,PASSENGER,SUCCESS
8996,1,34,14,PASSENGER,FAILURE
8997,0,36,48,PASSENGER,SUCCESS
8998,1,22,41,PASSENGER,SUCCESS
8999,1,33,17,CARGO,FAILURE
9000,1,33,18,PASSENGER,FAILURE
9001,0,26,60,CARGO,SUCCESS
9002,1,61,13,PASSENGER,FAILURE
9003,0,61,30,CARGO,FAILURE
9004,1,36,31,PASSENGER,FAILURE
9005,1,31,48,PASSENGER,SUCCESS
9006,1,43,39,CARGO,SUCCESS
9007,1,32,68,PASSENGER,SUCCESS
9008,1,67,32,CARGO,FAILURE
9009,1,26,84,CARGO,SUCCESS
9010,1,56,24,PASSENGER,FAILURE
9011,0,38,21,PASSENGER,FAILURE
9012,0,59,13,PASSENGER,FAILURE
9013,0,18,36,CARGO,SUCCESS
9014,1,45,31,PASSENGER,FAILURE
9015,0,32,40,CARGO,FAILURE
9016,1,33,83,PASSENGER,SUCCESS
9017,0,58,10,CARGO,FAILURE
9018,0,39,66,PASSENGER,SUCCESS
9019,1,53,32,PASSENGER,FAILURE
9020,1,30,37,PASSENGER,SUCCESS
9021,0,57,13,CARGO,FAILURE
9022,0,67,28,PASSENGER,FAILURE
9023,1,52,11,CARGO,FAILURE
9024,0,38,29,PASSENGER,FAILURE
9025,0,50,17,CARGO,FAILURE
9026,1,37,98,PASSENGER,SUCCESS
9027,1,45,85,PASSENGER,SUCCESS
9028,1,37,72,PASSENGER,SUCCESS
9029,1,33,8,PASSENGER,FAILURE
9030,1,53,10,CARGO,FAILURE
9031,1,26,30,CARGO,SUCCESS
9032,1,33,32,PASSENGER,FAILURE
9033,0,31,82,PASSENGER,SUCCESS
9034,0,59,9,CARGO,FAILURE
9035,0,30,10,PASSENGER,FAILURE
9036,0,35,89,PASSENGER,SUCCESS
9037,1,70,19,PASSENGER,FAILURE
9038,1,40,73,PASSENGER,SUCCESS
9039,1,30,9,PASSENGER,FAILURE
9040,0,38,25,CARGO,FAILURE
9041,1,27,33,PASSENGER,SUCCESS
9042,1,40,7,CARGO,FAILURE
9043,0,22,78,CARGO,SUCCESS
9044,0,22,57,CARGO,SUCCESS
9045,0,23,56,PASSENGER,SUCCESS
9046,1,59,13,CARGO,FAILURE
9047,1,37,25,PASSENGER,FAILURE
9048,1,33,84,CARGO,SUCCESS
9049,1,38,34,PASSENGER,SUCCESS
9050,0,31,10,PASSENGER,FAILURE
9051,0,40,6,PASSENGER,FAILURE
9052,0,36,100,PASSENGER,SUCCESS
9053,0,61,29,CARGO,FAILURE
9054,0,52,19,PASSENGER,FAILURE
9055,0,35,27,CARGO,FAILURE
9056,1,34,53,PASSENGER,SUCCESS
9057,1,30,74,PASSENGER,SUCCESS
9058,1,38,58,PASSENGER,SUCCESS
9059,0,28,65,PASSENGER,SUCCESS
9060,0,19,61,CARGO,SUCCESS
9061,0,36,30,CARGO,FAILURE
9062,0,22,97,PASSENGER,SUCCESS
9063,0,21,83,PASSENGER,SUCCESS
9064,1,35,52,PASSENGER,SUCCESS
9065,0,57,34,PASSENGER,FAILURE
9066,0,37,51,PASSENGER,SUCCESS
9067,1,52,23,PASSENGER,FAILURE
9068,1,61,14,CARGO,FAILURE
9069,1,51,13,PASSENGER,FAILURE
9070,1,45,61,PASSENGER,SUCCESS
9071,1,21,73,PASSENGER,SUCCESS
9072,1,35,35,CARGO,FAILURE
9073,0,26,90,PASSENGER,SUCCESS
9074,1,52,38,CARGO,FAILURE
9075,0,47,6,PASSENGER,FAILURE
9076,0,23,94,CARGO,SUCCESS
9077,0,63,36,CARGO,FAILURE
9078,0,63,14,CARGO,FAILURE
9079,0,38,7,PASSENGER,FAILURE
9080,0,61,12,CARGO,FAILURE
9081,0,42,22,CARGO,FAILURE
9082,1,21,88,PASSENGER,SUCCESS
9083,0,18,56,PASSENGER,SUCCESS
9084,0,38,95,PASSENGER,SUCCESS
9085,1,47,38,PASSENGER,FAILURE
9086,1,36,34,CARGO,FAILURE
9087,1,60,13,CARGO,FAILURE
9088,1,54,28,PASSENGER,FAILURE
9089,0,19,56,PASSENGER,SUCCESS
9090,1,57,20,CARGO,FAILURE
9091,0,62,34,CARGO,FAILURE
9092,1,20,96,PASSENGER,SUCCESS
9093,1,61,26,CARGO,FAILURE
9094,1,44,31,PASSENGER,FAILURE
9095,1,36,39,PASSENGER,SUCCESS
9096,1,20,92,CARGO,SUCCESS
9097,0,42,18,CARGO,FAILURE
9098,0,31,15,CARGO,FAILURE
9099,1,30,24,CARGO,FAILURE
9100,0,55,12,PASSENGER,FAILURE
9101,0,24,30,PASSENGER,SUCCESS
9102,1,70,8,CARGO,FAILURE
9103,0,44,10,CARGO,FAILURE
9104,1,39,36,CARGO,FAILURE
9105,1,54,5,CARGO,FAILURE
9106,1,31,28,CARGO,FAILURE
9107,1,18,76,CARGO,SUCCESS
9108,1,41,88,PASSENGER,SUCCESS
9109,0,18,73,PASSENGER,SUCCESS
9110,0,35,42,CARGO,SUCCESS
9111,1,24,96,PASSENGER,SUCCESS
9112,1,51,16,CARGO,FAILURE
9113,1,56,10,CARGO,FAILURE
9114,0,57,8,PASSENGER,FAILURE
9115,0,35,20,CARGO,FAILURE
9116,0,32,36,PASSENGER,FAILURE
9117,0,45,29,CARGO,FAILURE
9118,0,59,29,PASSENGER,FAILURE
9119,1,35,65,PASSENGER,SUCCESS
9120,0,48,5,PASSENGER,FAILURE
9121,0,47,28,CARGO,FAILURE
9122,0,44,84,PASSENGER,SUCCESS
9123,1,40,92,PASSENGER,SUCCESS
9124,1,39,29,CARGO,FAILURE
9125,1,35,35,PASSENGER,SUCCESS
9126,0,48,20,CARGO,FAILURE
9127,0,30,53,PASSENGER,SUCCESS
9128,0,47,13,CARGO,FAILURE
9129,0,43,16,CARGO,FAILURE
9130,1,36,34,PASSENGER,FAILURE
9131,1,31,39,CARGO,FAILURE
9132,1,52,37,CARGO,FAILURE
9133,1,43,40,PASSENGER,FAILURE
9134,0,21,53,PASSENGER,SUCCESS
9135,0,46,33,CARGO,FAILURE
9136,1,61,9,CARGO,FAILURE
9137,1,41,77,PASSENGER,SUCCESS
9138,1,69,21,PASSENGER,FAILURE
9139,0,37,31,PASSENGER,SUCCESS
9140,0,49,5,CARGO,FAILURE
9141,1,31,13,CARGO,FAILURE
9142,1,66,11,CARGO,FAILURE
9143,1,51,5,CARGO,FAILURE
9144,1,33,31,PASSENGER,FAILURE
9145,1,34,43,PASSENGER,SUCCESS
9146,1,25,61,CARGO,SUCCESS
9147,1,19,94,PASSENGER,SUCCESS
9148,1,68,10,CARGO,FAILURE
9149,0,64,40,CARGO,FAILURE
9150,1,23,31,PASSENGER,SUCCESS
9151,0,60,6,CARGO,FAILURE
9152,0,24,76,PASSENGER,SUCCESS
9153,0,39,51,PASSENGER,SUCCESS
9154,1,41,37,PASSENGER,FAILURE
9155,0,22,56,PASSENGER,SUCCESS
9156,1,24,96,PASSENGER,SUCCESS
9157,0,45,34,CARGO,FAILURE
9158,1,49,27,CARGO,FAILURE
9159,0,35,37,PASSENGER,FAILURE
9160,0,28,70,PASSENGER,SUCCESS
9161,0,43,33,CARGO,FAILURE
9162,0,39,75,PASSENGER,SUCCESS
9163,1,48,15,CARGO,FAILURE
9164,1,69,10,PASSENGER,FAILURE
9165,1,43,62,CARGO,SUCCESS
9166,1,39,18,PASSENGER,FAILURE
9167,0,64,19,PASSENGER,FAILURE
9168,0,29,42,PASSENGER,SUCCESS
9169,1,35,81,PASSENGER,SUCCESS
9170,0,28,30,PASSENGER,SUCCESS
9171,1,69,24,PASSENGER,FAILURE
9172,0,21,32,PASSENGER,SUCCESS
9173,1,21,46,PASSENGER,SUCCESS
9174,0,68,19,PASSENGER,FAILURE
9175,0,40,79,PASSENGER,SUCCESS
9176,1,32,82,PASSENGER,SUCCESS
9177,0,31,46,PASSENGER,SUCCESS
9178,1,46,18,CARGO,FAILURE
9179,1,36,69,PASSENGER,SUCCESS
9180,0,23,61,PASSENGER,SUCCESS
9181,1,56,11,PASSENGER,FAILURE
9182,1,60,9,CARGO,FAILURE
9183,0,41,91,CARGO,SUCCESS
9184,1,25,46,PASSENGER,SUCCESS
9185,1,35,56,PASSENGER,SUCCESS
9186,0,32,68,CARGO,SUCCESS
9187,1,36,20,CARGO,FAILURE
9188,0,43,22,CARGO,FAILURE
9189,0,41,72,PASSENGER,SUCCESS
9190,0,43,31,PASSENGER,SUCCESS
9191,1,40,87,CARGO,SUCCESS
9192,0,23,45,PASSENGER,SUCCESS
9193,0,31,27,CARGO,FAILURE
9194,1,48,6,PASSENGER,FAILURE
9195,0,49,21,PASSENGER,FAILURE
9196,0,55,18,PASSENGER,FAILURE
9197,0,36,62,PASSENGER,SUCCESS
9198,1,57,14,CARGO,FAILURE
9199,0,31,94,PASSENGER,SUCCESS
9200,1,33,10,CARGO,FAILURE
9201,1,38,93,PASSENGER,SUCCESS
9202,1,37,39,CARGO,FAILURE
9203,1,31,43,PASSENGER,SUCCESS
9204,0,30,63,PASSENGER,SUCCESS
9205,1,30,12,PASSENGER,FAILURE
9206,0,34,71,PASSENGER,SUCCESS
9207,0,52,7,CARGO,FAILURE
9208,1,44,5,CARGO,FAILURE
9209,0,59,39,PASSENGER,FAILURE
9210,0,30,20,PASSENGER,FAILURE
9211,1,70,34,PASSENGER,FAILURE
9212,1,42,15,CARGO,FAILURE
9213,1,50,38,CARGO,FAILURE
9214,1,42,40,PASSENGER,FAILURE
9215,1,18,73,PASSENGER,SUCCESS
9216,0,25,30,PASSENGER,SUCCESS
9217,0,48,12,PASSENGER,FAILURE
9218,0,36,92,CARGO,SUCCESS
9219,0,47,21,CARGO,FAILURE
9220,1,41,43,PASSENGER,SUCCESS
9221,0,65,39,CARGO,FAILURE
9222,1,60,31,CARGO,FAILURE
9223,1,28,31,PASSENGER,SUCCESS
9224,0,34,85,PASSENGER,SUCCESS
9225,0,54,29,CARGO,FAILURE
9226,0,40,30,CARGO,FAILURE
9227,0,18,96,PASSENGER,SUCCESS
9228,0,31,60,PASSENGER,SUCCESS
9229,1,34,45,PASSENGER,SUCCESS
9230,0,63,19,CARGO,FAILURE
9231,1,43,17,CARGO,FAILURE
9232,0,69,18,PASSENGER,FAILURE
9233,0,26,64,PASSENGER,SUCCESS
9234,1,38,33,PASSENGER,SUCCESS
9235,0,25,99,PASSENGER,SUCCESS
9236,1,24,70,PASSENGER,SUCCESS
9237,0,39,96,CARGO,SUCCESS
9238,1,40,31,PASSENGER,SUCCESS
9239,1,58,35,CARGO,FAILURE
9240,0,40,83,PASSENGER,SUCCESS
9241,0,44,93,PASSENGER,SUCCESS
9242,0,61,32,CARGO,FAILURE
9243,1,30,36,PASSENGER,FAILURE
9244,0,63,27,CARGO,FAILURE
9245,0,70,22,PASSENGER,FAILURE
9246,0,67,18,PASSENGER,FAILURE
9247,1,63,24,PASSENGER,FAILURE
9248,1,32,98,PASSENGER,SUCCESS
9249,1,45,55,CARGO,SUCCESS
9250,0,30,10,PASSENGER,FAILURE
9251,1,34,91,CARGO,SUCCESS
9252,0,57,17,CARGO,FAILURE
9253,1,63,33,CARGO,FAILURE
9254,1,45,18,CARGO,FAILURE
9255,1,31,66,CARGO,SUCCESS
9256,0,38,63,PASSENGER,SUCCESS
9257,0,56,35,CARGO,FAILURE
9258,0,50,29,PASSENGER,FAILURE
9259,1,37,62,PASSENGER,SUCCESS
9260,1,28,71,PASSENGER,SUCCESS
9261,0,57,34,PASSENGER,FAILURE
9262,1,31,13,PASSENGER,FAILURE
9263,1,35,36,PASSENGER,SUCCESS
9264,1,24,85,PASSENGER,SUCCESS
9265,1,33,41,PASSENGER,SUCCESS
9266,0,20,82,PASSENGER,SUCCESS
9267,1,30,82,CARGO,SUCCESS
9268,1,39,70,PASSENGER,SUCCESS
9269,0,26,87,PASSENGER,SUCCESS
9270,1,45,58,PASSENGER,SUCCESS
9271,0,44,95,PASSENGER,SUCCESS
9272,0,52,37,CARGO,FAILURE
9273,1,40,59,CARGO,SUCCESS
9274,1,42,11,CARGO,FAILURE
9275,0,33,18,CARGO,FAILURE
9276,1,43,15,PASSENGER,FAILURE
9277,0,41,17,PASSENGER,FAILURE
9278,1,33,89,PASSENGER,SUCCESS
9279,1,34,81,PASSENGER,SUCCESS
9280,1,29,68,PASSENGER,SUCCESS
9281,1,22,43,PASSENGER,SUCCESS
9282,0,22,91,PASSENGER,SUCCESS
9283,1,68,25,CARGO,FAILURE
9284,1,44,25,CARGO,FAILURE
9285,1,43,51,CARGO,SUCCESS
9286,1,42,27,PASSENGER,FAILURE
9287,0,59,26,CARGO,FAILURE
9288,1,28,70,PASSENGER,SUCCESS
9289,0,38,25,CARGO,FAILURE
9290,1,66,38,CARGO,FAILURE
9291,0,35,76,PASSENGER,SUCCESS
9292,1,35,21,PASSENGER,FAILURE
9293,0,57,9,CARGO,FAILURE
9294,0,63,8,CARGO,FAILURE
9295,1,58,39,CARGO,FAILURE
9296,0,32,18,CARGO,FAILURE
9297,0,62,35,CARGO,FAILURE
9298,0,34,34,CARGO,FAILURE
9299,1,41,55,PASSENGER,SUCCESS
9300,0,41,31,PASSENGER,FAILURE
9301,1,41,33,PASSENGER,FAILURE
9302,0,60,14,CARGO,FAILURE
9303,0,42,8,CARGO,FAILURE
9304,0,24,49,CARGO,SUCCESS
9305,1,19,67,PASSENGER,SUCCESS
9306,1,34,27,PASSENGER,FAILURE
9307,0,21,34,CARGO,SUCCESS
9308,1,53,25,PASSENGER,FAILURE
9309,0,53,14,CARGO,FAILURE
9310,1,28,83,PASSENGER,SUCCESS
9311,0,21,95,CARGO,SUCCESS
9312,0,51,17,PASSENGER,FAILURE
9313,1,60,31,PASSENGER,FAILURE
9314,0,42,5,PASSENGER,FAILURE
9315,1,51,19,CARGO,FAILURE
9316,1,64,39,CARGO,FAILURE
9317,1,34,37,CARGO,FAILURE
9318,0,67,38,PASSENGER,FAILURE
9319,0,34,65,PASSENGER,SUCCESS
9320,1,32,56,PASSENGER,SUCCESS
9321,1,56,30,CARGO,FAILURE
9322,1,65,18,CARGO,FAILURE
9323,1,34,13,PASSENGER,FAILURE
9324,0,50,32,CARGO,FAILURE
9325,1,54,11,CARGO,FAILURE
9326,1,29,60,PASSENGER,SUCCESS
9327,0,41,21,CARGO,FAILURE
9328,0,28,83,CARGO,SUCCESS
9329,0,68,36,PASSENGER,FAILURE
9330,0,37,66,PASSENGER,SUCCESS
9331,1,69,25,PASSENGER,FAILURE
9332,1,58,15,PASSENGER,FAILURE
9333,1,35,96,PASSENGER,SUCCESS
9334,0,25,41,PASSENGER,SUCCESS
9335,0,60,28,PASSENGER,FAILURE
9336,1,32,24,CARGO,FAILURE
9337,0,24,97,CARGO,SUCCESS
9338,0,41,27,PASSENGER,FAILURE
9339,1,24,66,PASSENGER,SUCCESS
9340,0,40,55,PASSENGER,SUCCESS
9341,1,36,27,CARGO,FAILURE
9342,0,32,85,CARGO,SUCCESS
9343,0,39,30,PASSENGER,SUCCESS
9344,0,68,21,CARGO,FAILURE
9345,0,44,27,CARGO,FAILURE
9346,0,32,29,CARGO,FAILURE
9347,0,31,39,PASSENGER,SUCCESS
9348,1,55,22,CARGO,FAILURE
9349,1,36,34,PASSENGER,FAILURE
9350,0,65,15,CARGO,FAILURE
9351,1,35,87,PASSENGER,SUCCESS
9352,1,30,37,PASSENGER,SUCCESS
9353,1,62,30,CARGO,FAILURE
9354,1,30,76,PASSENGER,SUCCESS
9355,0,37,42,PASSENGER,SUCCESS
9356,0,37,31,CARGO,FAILURE
9357,1,40,33,CARGO,FAILURE
9358,1,20,37,CARGO,SUCCESS
9359,1,35,16,CARGO,FAILURE
9360,0,70,21,CARGO,FAILURE
9361,1,32,29,CARGO,FAILURE
9362,1,25,72,PASSENGER,SUCCESS
9363,1,32,65,PASSENGER,SUCCESS
9364,0,42,56,PASSENGER,SUCCESS
9365,0,34,38,CARGO,FAILURE
9366,1,41,56,CARGO,SUCCESS
9367,1,54,36,CARGO,FAILURE
9368,0,38,5,CARGO,FAILURE
9369,1,48,18,PASSENGER,FAILURE
9370,0,19,60,PASSENGER,SUCCESS
9371,1,54,8,CARGO,FAILURE
9372,1,45,67,PASSENGER,SUCCESS
9373,0,27,98,PASSENGER,SUCCESS
9374,1,52,19,CARGO,FAILURE
9375,0,53,32,CARGO,FAILURE
9376,0,61,8,PASSENGER,FAILURE
9377,1,45,27,PASSENGER,FAILURE
9378,1,63,14,CARGO,FAILURE
9379,0,65,26,CARGO,FAILURE
9380,0,70,24,PASSENGER,FAILURE
9381,1,57,28,PASSENGER,FAILURE
9382,0,58,33,PASSENGER,FAILURE
9383,0,30,64,PASSENGER,SUCCESS
9384,1,31,33,PASSENGER,SUCCESS
9385,1,43,71,CARGO,SUCCESS
9386,1,40,82,PASSENGER,SUCCESS
9387,1,28,62,CARGO,SUCCESS
9388,1,31,22,CARGO,FAILURE
9389,1,23,63,PASSENGER,SUCCESS
9390,1,35,28,CARGO,FAILURE
9391,0,63,9,CARGO,FAILURE
9392,0,44,97,CARGO,SUCCESS
9393,0,21,65,PASSENGER,SUCCESS
9394,0,37,17,CARGO,FAILURE
9395,1,33,61,PASSENGER,SUCCESS
9396,1,19,32,PASSENGER,SUCCESS
9397,1,37,52,PASSENGER,SUCCESS
9398,0,43,39,PASSENGER,SUCCESS
9399,0,25,70,PASSENGER,SUCCESS
9400,1,40,80,CARGO,SUCCESS
9401,0,43,13,PASSENGER,FAILURE
9402,1,68,10,PASSENGER,FAILURE
9403,1,50,39,CARGO,FAILURE
9404,0,32,15,CARGO,FAILURE
9405,1,46,38,CARGO,FAILURE
9406,1,60,24,CARGO,FAILURE
9407,1,69,8,PASSENGER,FAILURE
9408,0,66,14,PASSENGER,FAILURE
9409,0,27,90,CARGO,SUCCESS
9410,1,59,10,CARGO,FAILURE
9411,1,46,28,PASSENGER,FAILURE
9412,0,38,12,CARGO,FAILURE
9413,0,44,37,CARGO,SUCCESS
9414,1,45,21,CARGO,FAILURE
9415,0,53,15,PASSENGER,FAILURE
9416,0,39,24,CARGO,FAILURE
9417,0,63,7,PASSENGER,FAILURE
9418,1,64,13,CARGO,FAILURE
9419,0,27,95,PASSENGER,SUCCESS
9420,0,23,52,PASSENGER,SUCCESS
9421,0,43,89,CARGO,SUCCESS
9422,1,20,83,PASSENGER,SUCCESS
9423,0,27,44,PASSENGER,SUCCESS
9424,1,25,55,PASSENGER,SUCCESS
9425,1,62,23,CARGO,FAILURE
9426,0,62,19,PASSENGER,FAILURE
9427,1,53,18,PASSENGER,FAILURE
9428,0,65,13,PASSENGER,FAILURE
9429,1,39,57,PASSENGER,SUCCESS
9430,1,44,53,CARGO,SUCCESS
9431,1,27,90,PASSENGER,SUCCESS
9432,1,35,41,PASSENGER,SUCCESS
9433,0,19,45,PASSENGER,SUCCESS
9434,0,23,44,CARGO,SUCCESS
9435,0,68,17,CARGO,FAILURE
9436,1,22,40,PASSENGER,SUCCESS
9437,1,30,39,CARGO,SUCCESS
9438,1,63,27,CARGO,FAILURE
9439,1,36,25,CARGO,FAILURE
9440,0,20,84,PASSENGER,SUCCESS
9441,0,70,19,CARGO,FAILURE
9442,0,46,13,PASSENGER,FAILURE
9443,0,41,5,CARGO,FAILURE
9444,0,36,35,PASSENGER,SUCCESS
9445,0,22,75,PASSENGER,SUCCESS
9446,1,39,32,PASSENGER,FAILURE
9447,0,58,19,CARGO,FAILURE
9448,1,24,42,PASSENGER,SUCCESS
9449,0,50,37,CARGO,FAILURE
9450,1,69,38,CARGO,FAILURE
9451,0,33,29,CARGO,FAILURE
9452,1,44,71,PASSENGER,SUCCESS
9453,0,19,76,PASSENGER,SUCCESS
9454,1,65,40,CARGO,FAILURE
9455,1,44,77,CARGO,SUCCESS
9456,0,40,11,CARGO,FAILURE
9457,1,38,24,CARGO,FAILURE
9458,1,43,40,CARGO,FAILURE
9459,0,52,19,PASSENGER,FAILURE
9460,0,44,43,CARGO,SUCCESS
9461,1,21,100,PASSENGER,SUCCESS
9462,1,42,38,CARGO,FAILURE
9463,1,30,45,PASSENGER,SUCCESS
9464,0,51,16,PASSENGER,FAILURE
9465,1,63,35,CARGO,FAILURE
9466,0,37,65,PASSENGER,SUCCESS
9467,1,50,37,CARGO,FAILURE
9468,0,20,74,PASSENGER,SUCCESS
9469,1,38,15,CARGO,FAILURE
9470,1,30,93,PASSENGER,SUCCESS
9471,0,35,94,CARGO,SUCCESS
9472,0,44,30,PASSENGER,FAILURE
9473,1,45,94,CARGO,SUCCESS
9474,1,40,64,CARGO,SUCCESS
9475,0,49,39,PASSENGER,FAILURE
9476,0,59,12,CARGO,FAILURE
9477,0,57,29,CARGO,FAILURE
9478,0,39,23,PASSENGER,FAILURE
9479,1,27,71,PASSENGER,SUCCESS
9480,1,37,54,PASSENGER,SUCCESS
9481,0,49,37,CARGO,FAILURE
9482,0,44,92,CARGO,SUCCESS
9483,0,41,58,PASSENGER,SUCCESS
9484,0,23,33,PASSENGER,SUCCESS
9485,1,30,84,PASSENGER,SUCCESS
9486,1,36,41,PASSENGER,SUCCESS
9487,1,37,38,PASSENGER,SUCCESS
9488,0,64,35,CARGO,FAILURE
9489,0,35,40,PASSENGER,SUCCESS
9490,0,37,95,PASSENGER,SUCCESS
9491,1,60,6,PASSENGER,FAILURE
9492,1,37,83,PASSENGER,SUCCESS
9493,1,38,11,CARGO,FAILURE
9494,0,24,90,PASSENGER,SUCCESS
9495,0,61,23,PASSENGER,FAILURE
9496,0,66,40,PASSENGER,FAILURE
9497,1,42,51,PASSENGER,SUCCESS
9498,0,45,22,CARGO,FAILURE
9499,0,34,27,CARGO,FAILURE
9500,0,25,98,PASSENGER,SUCCESS
9501,1,26,63,PASSENGER,SUCCESS
9502,1,53,12,PASSENGER,FAILURE
9503,1,36,12,PASSENGER,FAILURE
9504,0,34,34,CARGO,FAILURE
9505,1,41,63,PASSENGER,SUCCESS
9506,0,28,30,CARGO,SUCCESS
9507,0,47,36,PASSENGER,FAILURE
9508,1,33,29,PASSENGER,FAILURE
9509,1,59,39,PASSENGER,FAILURE
9510,0,69,13,CARGO,FAILURE
9511,0,35,47,PASSENGER,SUCCESS
9512,0,39,7,CARGO,FAILURE
9513,1,41,23,PASSENGER,FAILURE
9514,1,51,26,PASSENGER,FAILURE
9515,1,33,33,PASSENGER,FAILURE
9516,0,54,27,PASSENGER,FAILURE
9517,1,21,31,PASSENGER,SUCCESS
9518,0,31,37,PASSENGER,FAILURE
9519,1,24,35,PASSENGER,SUCCESS
9520,0,41,27,CARGO,FAILURE
9521,0,45,40,PASSENGER,SUCCESS
9522,0,39,79,CARGO,SUCCESS
9523,1,24,83,CARGO,SUCCESS
9524,1,23,57,PASSENGER,SUCCESS
9525,0,22,81,PASSENGER,SUCCESS
9526,0,35,15,PASSENGER,FAILURE
9527,1,69,22,CARGO,FAILURE
9528,0,34,61,CARGO,SUCCESS
9529,0,48,21,CARGO,FAILURE
9530,1,51,27,PASSENGER,FAILURE
9531,0,44,94,PASSENGER,SUCCESS
9532,0,39,8,PASSENGER,FAILURE
9533,0,62,25,PASSENGER,FAILURE
9534,1,42,41,PASSENGER,SUCCESS
9535,0,29,84,PASSENGER,SUCCESS
9536,1,66,12,PASSENGER,FAILURE
9537,0,40,26,PASSENGER,FAILURE
9538,0,40,38,CARGO,FAILURE
9539,0,33,56,PASSENGER,SUCCESS
9540,0,42,60,PASSENGER,SUCCESS
9541,0,32,14,PASSENGER,FAILURE
9542,1,51,7,CARGO,FAILURE
9543,1,62,12,CARGO,FAILURE
9544,1,28,74,PASSENGER,SUCCESS
9545,1,23,46,PASSENGER,SUCCESS
9546,1,35,31,PASSENGER,SUCCESS
9547,0,34,98,PASSENGER,SUCCESS
9548,0,45,40,PASSENGER,SUCCESS
9549,1,42,45,PASSENGER,SUCCESS
9550,0,60,36,CARGO,FAILURE
9551,0,51,12,CARGO,FAILURE
9552,0,24,88,CARGO,SUCCESS
9553,0,34,20,CARGO,FAILURE
9554,0,67,7,CARGO,FAILURE
9555,1,23,89,PASSENGER,SUCCESS
9556,1,43,64,PASSENGER,SUCCESS
9557,1,38,14,PASSENGER,FAILURE
9558,0,54,32,CARGO,FAILURE
9559,0,67,20,PASSENGER,FAILURE
9560,1,33,83,CARGO,SUCCESS
9561,0,70,10,CARGO,FAILURE
9562,1,44,49,PASSENGER,SUCCESS
9563,0,65,37,CARGO,FAILURE
9564,1,42,33,CARGO,FAILURE
9565,1,20,87,PASSENGER,SUCCESS
9566,0,32,47,CARGO,SUCCESS
9567,1,57,7,CARGO,FAILURE
9568,0,29,65,PASSENGER,SUCCESS
9569,1,37,80,PASSENGER,SUCCESS
9570,1,43,60,PASSENGER,SUCCESS
9571,1,37,96,PASSENGER,SUCCESS
9572,0,50,39,CARGO,FAILURE
9573,1,49,6,PASSENGER,FAILURE
9574,0,40,36,CARGO,SUCCESS
9575,1,45,11,PASSENGER,FAILURE
9576,1,41,58,CARGO,SUCCESS
9577,1,26,42,PASSENGER,SUCCESS
9578,1,33,34,PASSENGER,SUCCESS
9579,1,31,58,PASSENGER,SUCCESS
9580,0,43,88,CARGO,SUCCESS
9581,1,43,85,CARGO,SUCCESS
9582,1,45,31,PASSENGER,FAILURE
9583,0,60,40,PASSENGER,FAILURE
9584,0,39,30,PASSENGER,FAILURE
9585,1,25,66,PASSENGER,SUCCESS
9586,1,70,39,CARGO,FAILURE
9587,1,44,90,PASSENGER,SUCCESS
9588,1,27,93,PASSENGER,SUCCESS
9589,1,42,92,PASSENGER,SUCCESS
9590,1,69,18,PASSENGER,FAILURE
9591,1,42,28,PASSENGER,FAILURE
9592,0,36,74,CARGO,SUCCESS
9593,0,50,29,PASSENGER,FAILURE
9594,1,70,38,CARGO,FAILURE
9595,1,54,16,PASSENGER,FAILURE
9596,1,27,30,PASSENGER,SUCCESS
9597,1,21,49,PASSENGER,SUCCESS
9598,0,43,23,PASSENGER,FAILURE
9599,0,28,59,PASSENGER,SUCCESS
9600,1,31,81,PASSENGER,SUCCESS
9601,0,49,11,CARGO,FAILURE
9602,0,26,63,CARGO,SUCCESS
9603,0,40,38,PASSENGER,SUCCESS
9604,0,25,79,PASSENGER,SUCCESS
9605,0,63,29,CARGO,FAILURE
9606,1,41,26,CARGO,FAILURE
9607,1,57,11,PASSENGER,FAILURE
9608,0,43,41,PASSENGER,SUCCESS
9609,0,30,94,CARGO,SUCCESS
9610,1,46,40,CARGO,FAILURE
9611,0,48,20,PASSENGER,FAILURE
9612,1,54,23,CARGO,FAILURE
9613,1,54,16,CARGO,FAILURE
9614,1,59,6,CARGO,FAILURE
9615,0,55,27,CARGO,FAILURE
9616,1,37,43,PASSENGER,SUCCESS
9617,1,35,69,CARGO,SUCCESS
9618,1,57,13,CARGO,FAILURE
9619,1,45,53,PASSENGER,SUCCESS
9620,0,58,30,PASSENGER,FAILURE
9621,0,47,20,CARGO,FAILURE
9622,1,44,57,CARGO,SUCCESS
9623,1,52,19,CARGO,FAILURE
9624,1,61,24,CARGO,FAILURE
9625,0,26,57,PASSENGER,SUCCESS
9626,1,43,29,CARGO,FAILURE
9627,0,33,10,CARGO,FAILURE
9628,1,66,24,PASSENGER,FAILURE
9629,0,32,26,PASSENGER,FAILURE
9630,0,54,33,CARGO,FAILURE
9631,0,28,95,PASSENGER,SUCCESS
9632,0,48,40,CARGO,FAILURE
9633,1,20,63,PASSENGER,SUCCESS
9634,1,33,43,PASSENGER,SUCCESS
9635,1,23,53,PASSENGER,SUCCESS
9636,0,45,42,PASSENGER,SUCCESS
9637,0,19,39,PASSENGER,SUCCESS
9638,1,38,39,CARGO,FAILURE
9639,1,32,33,PASSENGER,FAILURE
9640,0,37,28,PASSENGER,FAILURE
9641,1,51,22,CARGO,FAILURE
9642,0,35,72,PASSENGER,SUCCESS
9643,1,68,23,PASSENGER,FAILURE
9644,0,25,56,PASSENGER,SUCCESS
9645,1,55,34,PASSENGER,FAILURE
9646,0,28,95,PASSENGER,SUCCESS
9647,0,49,9,CARGO,FAILURE
9648,0,37,44,CARGO,SUCCESS
9649,1,32,11,PASSENGER,FAILURE
9650,1,38,20,CARGO,FAILURE
9651,0,60,14,PASSENGER,FAILURE
9652,1,33,20,CARGO,FAILURE
9653,1,64,10,PASSENGER,FAILURE
9654,0,31,83,PASSENGER,SUCCESS
9655,1,40,41,PASSENGER,SUCCESS
9656,0,48,17,PASSENGER,FAILURE
9657,0,19,59,CARGO,SUCCESS
9658,1,39,43,CARGO,SUCCESS
9659,1,25,89,CARGO,SUCCESS
9660,1,39,65,PASSENGER,SUCCESS
9661,0,41,31,CARGO,FAILURE
9662,1,52,27,PASSENGER,FAILURE
9663,1,39,31,PASSENGER,FAILURE
9664,1,66,35,PASSENGER,FAILURE
9665,1,44,6,CARGO,FAILURE
9666,0,35,10,PASSENGER,FAILURE
9667,1,45,6,CARGO,FAILURE
9668,0,51,30,CARGO,FAILURE
9669,1,22,42,PASSENGER,SUCCESS
9670,0,56,22,PASSENGER,FAILURE
9671,0,65,9,PASSENGER,FAILURE
9672,1,58,10,CARGO,FAILURE
9673,1,37,86,PASSENGER,SUCCESS
9674,1,43,89,CARGO,SUCCESS
9675,1,69,33,PASSENGER,FAILURE
9676,1,23,85,PASSENGER,SUCCESS
9677,0,45,45,CARGO,SUCCESS
9678,0,36,72,PASSENGER,SUCCESS
9679,1,57,26,CARGO,FAILURE
9680,0,44,96,PASSENGER,SUCCESS
9681,1,45,26,CARGO,FAILURE
9682,1,49,23,CARGO,FAILURE
9683,1,25,66,CARGO,SUCCESS
9684,1,30,14,CARGO,FAILURE
9685,1,20,37,CARGO,SUCCESS
9686,1,36,36,PASSENGER,FAILURE
9687,0,65,30,PASSENGER,FAILURE
9688,0,60,23,CARGO,FAILURE
9689,0,34,78,PASSENGER,SUCCESS
9690,1,41,19,PASSENGER,FAILURE
9691,1,59,16,CARGO,FAILURE
9692,0,52,7,PASSENGER,FAILURE
9693,0,56,30,PASSENGER,FAILURE
9694,1,38,67,PASSENGER,SUCCESS
9695,0,65,35,CARGO,FAILURE
9696,1,30,80,PASSENGER,SUCCESS
9697,1,43,85,CARGO,SUCCESS
9698,1,34,37,PASSENGER,SUCCESS
9699,0,24,35,PASSENGER,SUCCESS
9700,0,67,28,PASSENGER,FAILURE
9701,0,48,31,PASSENGER,FAILURE
9702,0,64,34,CARGO,FAILURE
9703,1,19,87,CARGO,SUCCESS
9704,1,52,24,CARGO,FAILURE
9705,0,47,29,PASSENGER,FAILURE
9706,0,56,24,CARGO,FAILURE
9707,1,56,9,CARGO,FAILURE
9708,1,44,52,PASSENGER,SUCCESS
9709,1,35,32,PASSENGER,SUCCESS
9710,1,45,74,CARGO,SUCCESS
9711,1,34,24,PASSENGER,FAILURE
9712,0,31,15,CARGO,FAILURE
9713,1,44,32,CARGO,FAILURE
9714,0,31,34,CARGO,FAILURE
9715,0,45,60,PASSENGER,SUCCESS
9716,1,55,30,PASSENGER,FAILURE
9717,0,46,36,CARGO,FAILURE
9718,0,19,54,PASSENGER,SUCCESS
9719,0,34,95,PASSENGER,SUCCESS
9720,0,31,62,PASSENGER,SUCCESS
9721,0,33,38,CARGO,FAILURE
9722,1,59,6,CARGO,FAILURE
9723,0,36,9,PASSENGER,FAILURE
9724,1,46,22,CARGO,FAILURE
9725,1,46,13,PASSENGER,FAILURE
9726,1,36,6,CARGO,FAILURE
9727,0,30,60,PASSENGER,SUCCESS
9728,1,37,51,PASSENGER,SUCCESS
9729,1,41,82,PASSENGER,SUCCESS
9730,1,35,62,PASSENGER,SUCCESS
9731,0,67,16,PASSENGER,FAILURE
9732,0,34,40,PASSENGER,SUCCESS
9733,0,40,55,PASSENGER,SUCCESS
9734,1,33,40,PASSENGER,FAILURE
9735,1,45,30,PASSENGER,SUCCESS
9736,0,42,10,PASSENGER,FAILURE
9737,1,42,85,CARGO,SUCCESS
9738,0,48,7,CARGO,FAILURE
9739,0,47,12,CARGO,FAILURE
9740,1,42,14,PASSENGER,FAILURE
9741,1,58,22,PASSENGER,FAILURE
9742,1,41,52,CARGO,SUCCESS
9743,0,64,23,CARGO,FAILURE
9744,1,60,27,CARGO,FAILURE
9745,1,24,61,PASSENGER,SUCCESS
9746,1,28,68,PASSENGER,SUCCESS
9747,0,19,92,PASSENGER,SUCCESS
9748,1,39,94,CARGO,SUCCESS
9749,0,59,6,PASSENGER,FAILURE
9750,1,41,39,CARGO,FAILURE
9751,1,24,67,PASSENGER,SUCCESS
9752,1,37,9,PASSENGER,FAILURE
9753,1,28,74,CARGO,SUCCESS
9754,1,52,27,PASSENGER,FAILURE
9755,1,69,27,CARGO,FAILURE
9756,0,36,27,CARGO,FAILURE
9757,1,30,11,CARGO,FAILURE
9758,0,51,40,CARGO,FAILURE
9759,1,38,7,PASSENGER,FAILURE
9760,0,65,32,CARGO,FAILURE
9761,0,52,24,PASSENGER,FAILURE
9762,1,26,33,PASSENGER,SUCCESS
9763,1,39,94,PASSENGER,SUCCESS
9764,0,69,37,CARGO,FAILURE
9765,0,49,12,CARGO,FAILURE
9766,1,23,65,CARGO,SUCCESS
9767,1,25,96,PASSENGER,SUCCESS
9768,1,24,100,PASSENGER,SUCCESS
9769,1,31,69,CARGO,SUCCESS
9770,0,40,68,PASSENGER,SUCCESS
9771,0,58,15,PASSENGER,FAILURE
9772,1,60,27,CARGO,FAILURE
9773,1,49,5,PASSENGER,FAILURE
9774,0,30,39,CARGO,FAILURE
9775,0,65,38,PASSENGER,FAILURE
9776,1,52,20,PASSENGER,FAILURE
9777,0,36,16,PASSENGER,FAILURE
9778,1,21,60,PASSENGER,SUCCESS
9779,0,32,100,PASSENGER,SUCCESS
9780,0,38,95,PASSENGER,SUCCESS
9781,0,43,16,CARGO,FAILURE
9782,0,52,22,CARGO,FAILURE
9783,1,42,72,CARGO,SUCCESS
9784,0,40,14,CARGO,FAILURE
9785,1,36,89,PASSENGER,SUCCESS
9786,0,28,56,PASSENGER,SUCCESS
9787,0,70,12,CARGO,FAILURE
9788,0,35,83,PASSENGER,SUCCESS
9789,1,46,6,CARGO,FAILURE
9790,0,41,79,PASSENGER,SUCCESS
9791,0,56,24,PASSENGER,FAILURE
9792,1,45,58,CARGO,SUCCESS
9793,1,19,88,CARGO,SUCCESS
9794,0,40,32,CARGO,FAILURE
9795,0,37,21,CARGO,FAILURE
9796,0,39,76,CARGO,SUCCESS
9797,1,66,10,PASSENGER,FAILURE
9798,1,39,100,PASSENGER,SUCCESS
9799,0,66,39,PASSENGER,FAILURE
9800,0,61,34,CARGO,FAILURE
9801,0,41,54,PASSENGER,SUCCESS
9802,1,59,13,CARGO,FAILURE
9803,1,18,77,PASSENGER,SUCCESS
9804,1,60,32,PASSENGER,FAILURE
9805,1,42,86,CARGO,SUCCESS
9806,1,43,81,PASSENGER,SUCCESS
9807,1,31,23,PASSENGER,FAILURE
9808,1,35,80,CARGO,SUCCESS
9809,1,23,100,PASSENGER,SUCCESS
9810,1,35,75,PASSENGER,SUCCESS
9811,1,58,12,CARGO,FAILURE
9812,1,34,100,PASSENGER,SUCCESS
9813,0,27,76,PASSENGER,SUCCESS
9814,1,62,20,CARGO,FAILURE
9815,1,42,52,CARGO,SUCCESS
9816,0,32,63,CARGO,SUCCESS
9817,1,44,7,PASSENGER,FAILURE
9818,1,38,5,PASSENGER,FAILURE
9819,0,28,74,CARGO,SUCCESS
9820,0,63,7,CARGO,FAILURE
9821,1,41,44,PASSENGER,SUCCESS
9822,0,54,14,PASSENGER,FAILURE
9823,1,59,19,CARGO,FAILURE
9824,1,45,7,PASSENGER,FAILURE
9825,0,21,33,PASSENGER,SUCCESS
9826,1,60,6,CARGO,FAILURE
9827,1,36,28,CARGO,FAILURE
9828,0,39,32,PASSENGER,SUCCESS
9829,1,29,72,PASSENGER,SUCCESS
9830,0,55,10,PASSENGER,FAILURE
9831,1,36,32,CARGO,FAILURE
9832,1,35,24,CARGO,FAILURE
9833,1,56,13,CARGO,FAILURE
9834,0,32,71,PASSENGER,SUCCESS
9835,0,65,38,PASSENGER,FAILURE
9836,1,67,30,CARGO,FAILURE
9837,0,35,8,PASSENGER,FAILURE
9838,1,53,16,CARGO,FAILURE
9839,1,19,39,PASSENGER,SUCCESS
9840,0,21,63,PASSENGER,SUCCESS
9841,0,27,36,CARGO,SUCCESS
9842,0,43,37,CARGO,SUCCESS
9843,0,59,29,CARGO,FAILURE
9844,0,45,79,CARGO,SUCCESS
9845,1,38,91,PASSENGER,SUCCESS
9846,1,41,38,PASSENGER,FAILURE
9847,1,44,71,PASSENGER,SUCCESS
9848,1,68,17,PASSENGER,FAILURE
9849,1,18,85,PASSENGER,SUCCESS
9850,1,39,38,CARGO,FAILURE
9851,0,42,7,PASSENGER,FAILURE
9852,0,65,13,CARGO,FAILURE
9853,0,42,10,PASSENGER,FAILURE
9854,1,59,30,PASSENGER,FAILURE
9855,0,42,73,CARGO,SUCCESS
9856,1,41,68,PASSENGER,SUCCESS
9857,1,45,39,PASSENGER,SUCCESS
9858,1,33,80,PASSENGER,SUCCESS
9859,1,37,49,CARGO,SUCCESS
9860,1,32,9,CARGO,FAILURE
9861,0,28,56,PASSENGER,SUCCESS
9862,0,36,15,CARGO,FAILURE
9863,1,40,82,PASSENGER,SUCCESS
9864,1,24,78,PASSENGER,SUCCESS
9865,0,65,39,CARGO,FAILURE
9866,0,29,47,PASSENGER,SUCCESS
9867,0,68,25,CARGO,FAILURE
9868,0,38,50,PASSENGER,SUCCESS
9869,0,35,84,PASSENGER,SUCCESS
9870,1,22,85,PASSENGER,SUCCESS
9871,0,62,9,PASSENGER,FAILURE
9872,0,28,55,PASSENGER,SUCCESS
9873,1,50,21,PASSENGER,FAILURE
9874,0,54,9,CARGO,FAILURE
9875,0,63,35,PASSENGER,FAILURE
9876,0,53,6,PASSENGER,FAILURE
9877,0,51,34,CARGO,FAILURE
9878,1,56,23,CARGO,FAILURE
9879,1,31,5,PASSENGER,FAILURE
9880,0,65,17,CARGO,FAILURE
9881,0,41,99,CARGO,SUCCESS
9882,0,24,71,PASSENGER,SUCCESS
9883,1,36,96,PASSENGER,SUCCESS
9884,1,36,95,PASSENGER,SUCCESS
9885,1,19,52,PASSENGER,SUCCESS
9886,1,26,57,PASSENGER,SUCCESS
9887,0,43,67,PASSENGER,SUCCESS
9888,1,35,19,PASSENGER,FAILURE
9889,0,39,46,PASSENGER,SUCCESS
9890,0,26,47,CARGO,SUCCESS
9891,0,33,37,CARGO,FAILURE
9892,1,27,83,CARGO,SUCCESS
9893,1,33,12,CARGO,FAILURE
9894,0,51,19,CARGO,FAILURE
9895,1,36,66,CARGO,SUCCESS
9896,1,49,37,PASSENGER,FAILURE
9897,0,32,8,PASSENGER,FAILURE
9898,1,39,38,PASSENGER,FAILURE
9899,0,20,30,CARGO,SUCCESS
9900,0,59,9,CARGO,FAILURE
9901,0,34,30,CARGO,FAILURE
9902,1,42,11,PASSENGER,FAILURE
9903,0,39,60,PASSENGER,SUCCESS
9904,0,32,25,CARGO,FAILURE
9905,1,59,29,PASSENGER,FAILURE
9906,1,18,57,CARGO,SUCCESS
9907,1,19,44,PASSENGER,SUCCESS
9908,1,50,12,PASSENGER,FAILURE
9909,0,60,28,PASSENGER,FAILURE
9910,0,25,79,PASSENGER,SUCCESS
9911,1,35,36,CARGO,FAILURE
9912,0,41,62,PASSENGER,SUCCESS
9913,1,22,88,PASSENGER,SUCCESS
9914,0,44,35,PASSENGER,SUCCESS
9915,0,27,94,PASSENGER,SUCCESS
9916,1,31,31,PASSENGER,SUCCESS
9917,0,42,17,CARGO,FAILURE
9918,0,21,73,PASSENGER,SUCCESS
9919,0,33,75,PASSENGER,SUCCESS
9920,1,51,11,CARGO,FAILURE
9921,1,60,30,CARGO,FAILURE
9922,1,55,24,CARGO,FAILURE
9923,0,30,28,CARGO,FAILURE
9924,1,52,25,PASSENGER,FAILURE
9925,1,54,36,CARGO,FAILURE
9926,0,37,97,PASSENGER,SUCCESS
9927,1,64,39,PASSENGER,FAILURE
9928,0,18,90,PASSENGER,SUCCESS
9929,0,38,27,CARGO,FAILURE
9930,0,29,88,PASSENGER,SUCCESS
9931,0,66,16,CARGO,FAILURE
9932,0,40,43,PASSENGER,SUCCESS
9933,1,63,15,CARGO,FAILURE
9934,0,28,48,PASSENGER,SUCCESS
9935,0,46,31,PASSENGER,FAILURE
9936,1,38,9,CARGO,FAILURE
9937,1,23,46,PASSENGER,SUCCESS
9938,1,55,29,CARGO,FAILURE
9939,0,19,38,CARGO,SUCCESS
9940,1,53,34,PASSENGER,FAILURE
9941,1,22,48,PASSENGER,SUCCESS
9942,0,31,31,PASSENGER,FAILURE
9943,0,65,23,PASSENGER,FAILURE
9944,1,51,10,CARGO,FAILURE
9945,0,43,32,CARGO,FAILURE
9946,1,66,8,CARGO,FAILURE
9947,0,20,62,PASSENGER,SUCCESS
9948,0,34,30,PASSENGER,SUCCESS
9949,0,56,16,CARGO,FAILURE
9950,0,30,29,CARGO,FAILURE
9951,1,50,10,CARGO,FAILURE
9952,1,63,38,CARGO,FAILURE
9953,1,56,25,CARGO,FAILURE
9954,0,26,52,CARGO,SUCCESS
9955,1,33,25,PASSENGER,FAILURE
9956,1,35,13,CARGO,FAILURE
9957,1,34,19,CARGO,FAILURE
9958,0,31,13,PASSENGER,FAILURE
9959,1,42,55,PASSENGER,SUCCESS
9960,0,19,33,PASSENGER,SUCCESS
9961,0,53,28,CARGO,FAILURE
9962,0,46,20,CARGO,FAILURE
9963,0,32,64,PASSENGER,SUCCESS
9964,0,20,52,PASSENGER,SUCCESS
9965,1,26,55,PASSENGER,SUCCESS
9966,1,39,73,PASSENGER,SUCCESS
9967,0,46,34,CARGO,FAILURE
9968,0,36,20,CARGO,FAILURE
9969,1,29,81,PASSENGER,SUCCESS
9970,0,30,34,PASSENGER,SUCCESS
9971,1,47,5,PASSENGER,FAILURE
9972,0,37,34,CARGO,FAILURE
9973,1,59,39,CARGO,FAILURE
9974,1,25,90,CARGO,SUCCESS
9975,0,38,31,PASSENGER,SUCCESS
9976,1,43,57,CARGO,SUCCESS
9977,1,31,60,PASSENGER,SUCCESS
9978,0,45,24,CARGO,FAILURE
9979,0,44,37,PASSENGER,SUCCESS
9980,0,37,10,PASSENGER,FAILURE
9981,1,44,13,CARGO,FAILURE
9982,1,30,23,CARGO,FAILURE
9983,0,28,100,PASSENGER,SUCCESS
9984,0,45,63,PASSENGER,SUCCESS
9985,0,69,38,PASSENGER,FAILURE
9986,1,33,40,PASSENGER,SUCCESS
9987,1,33,95,PASSENGER,SUCCESS
9988,1,47,13,CARGO,FAILURE
9989,0,56,5,CARGO,FAILURE
9990,0,46,20,PASSENGER,FAILURE
9991,0,45,97,PASSENGER,SUCCESS
9992,0,51,18,CARGO,FAILURE
9993,1,26,43,CARGO,SUCCESS
9994,0,42,81,PASSENGER,SUCCESS
9995,0,36,14,PASSENGER,FAILURE
9996,0,28,87,PASSENGER,SUCCESS
9997,0,18,52,PASSENGER,SUCCESS
9998,0,24,60,PASSENGER,SUCCESS
9999,0,34,51,PASSENGER,SUCCESS
10000,0,49,36,PASSENGER,FAILURE
10001,1,58,14,CARGO,FAILURE
10002,1,32,31,CARGO,FAILURE
10003,1,56,34,PASSENGER,FAILURE
10004,1,36,94,PASSENGER,SUCCESS
10005,0,66,23,CARGO,FAILURE
10006,1,24,95,PASSENGER,SUCCESS
10007,0,29,82,PASSENGER,SUCCESS
10008,0,37,95,PASSENGER,SUCCESS
10009,0,38,94,PASSENGER,SUCCESS
10010,0,66,22,PASSENGER,FAILURE
10011,0,19,90,PASSENGER,SUCCESS
10012,1,67,19,CARGO,FAILURE
10013,0,31,23,CARGO,FAILURE
10014,1,59,21,CARGO,FAILURE
10015,0,38,77,PASSENGER,SUCCESS
10016,0,52,32,PASSENGER,FAILURE
10017,1,45,77,PASSENGER,SUCCESS
10018,0,53,6,CARGO,FAILURE
10019,1,40,33,PASSENGER,FAILURE
10020,1,61,15,CARGO,FAILURE
10021,0,49,31,CARGO,FAILURE
10022,0,36,72,CARGO,SUCCESS
10023,1,43,36,PASSENGER,FAILURE
10024,0,38,65,PASSENGER,SUCCESS
10025,0,56,18,CARGO,FAILURE
10026,0,37,73,PASSENGER,SUCCESS
10027,0,32,65,PASSENGER,SUCCESS
10028,1,30,8,CARGO,FAILURE
10029,0,29,79,PASSENGER,SUCCESS
10030,1,56,38,PASSENGER,FAILURE
10031,0,38,32,CARGO,SUCCESS
10032,0,43,89,PASSENGER,SUCCESS
10033,0,26,68,PASSENGER,SUCCESS
10034,0,45,38,PASSENGER,FAILURE
10035,0,37,34,PASSENGER,SUCCESS
10036,0,32,57,PASSENGER,SUCCESS
10037,1,55,39,CARGO,FAILURE
10038,1,34,90,PASSENGER,SUCCESS
10039,0,38,90,PASSENGER,SUCCESS
10040,1,41,92,PASSENGER,SUCCESS
10041,0,44,18,CARGO,FAILURE
10042,1,39,38,PASSENGER,FAILURE
10043,1,55,8,PASSENGER,FAILURE
10044,0,46,23,CARGO,FAILURE
10045,0,19,74,CARGO,SUCCESS
10046,1,60,14,CARGO,FAILURE
10047,0,20,43,CARGO,SUCCESS
10048,1,54,17,PASSENGER,FAILURE
10049,1,33,35,PASSENGER,FAILURE
10050,0,70,6,CARGO,FAILURE
10051,0,22,100,PASSENGER,SUCCESS
10052,1,45,76,PASSENGER,SUCCESS
10053,1,32,38,CARGO,FAILURE
10054,0,36,36,PASSENGER,SUCCESS
10055,0,22,76,PASSENGER,SUCCESS
10056,1,27,51,PASSENGER,SUCCESS
10057,1,30,34,CARGO,SUCCESS
10058,0,61,10,PASSENGER,FAILURE
10059,0,36,25,CARGO,FAILURE
10060,0,59,28,CARGO,FAILURE
10061,0,30,100,PASSENGER,SUCCESS
10062,1,34,30,CARGO,FAILURE
10063,0,37,68,PASSENGER,SUCCESS
10064,0,31,75,PASSENGER,SUCCESS
10065,0,29,92,PASSENGER,SUCCESS
10066,1,33,71,PASSENGER,SUCCESS
10067,1,30,40,CARGO,FAILURE
10068,0,51,20,CARGO,FAILURE
10069,0,50,34,CARGO,FAILURE
10070,0,33,57,PASSENGER,SUCCESS
10071,1,70,35,PASSENGER,FAILURE
10072,1,70,22,CARGO,FAILURE
10073,0,30,55,CARGO,SUCCESS
10074,0,69,27,PASSENGER,FAILURE
10075,0,52,9,PASSENGER,FAILURE
10076,1,58,17,CARGO,FAILURE
10077,0,50,33,CARGO,FAILURE
10078,1,40,84,PASSENGER,SUCCESS
10079,0,45,48,CARGO,SUCCESS
10080,0,38,30,CARGO,FAILURE
10081,0,61,38,PASSENGER,FAILURE
10082,0,68,20,PASSENGER,FAILURE
10083,1,31,32,CARGO,FAILURE
10084,0,51,5,CARGO,FAILURE
10085,0,41,43,PASSENGER,SUCCESS
10086,0,26,82,PASSENGER,SUCCESS
10087,0,35,34,CARGO,FAILURE
10088,0,69,10,CARGO,FAILURE
10089,1,55,19,CARGO,FAILURE
10090,1,41,5,PASSENGER,FAILURE
10091,1,69,35,CARGO,FAILURE
10092,1,49,29,PASSENGER,FAILURE
10093,0,69,13,PASSENGER,FAILURE
10094,1,21,89,PASSENGER,SUCCESS
10095,1,40,16,PASSENGER,FAILURE
10096,0,36,89,PASSENGER,SUCCESS
10097,0,45,79,PASSENGER,SUCCESS
10098,0,34,30,CARGO,FAILURE
10099,0,37,31,CARGO,FAILURE
10100,1,61,17,CARGO,FAILURE
10101,1,47,16,PASSENGER,FAILURE
10102,0,36,20,PASSENGER,FAILURE
10103,0,23,58,PASSENGER,SUCCESS
10104,0,44,26,PASSENGER,FAILURE
10105,0,30,40,PASSENGER,SUCCESS
10106,0,40,91,CARGO,SUCCESS
10107,0,55,11,CARGO,FAILURE
10108,0,41,8,PASSENGER,FAILURE
10109,0,47,27,CARGO,FAILURE
10110,1,20,92,PASSENGER,SUCCESS
10111,0,19,56,CARGO,SUCCESS
10112,0,63,16,CARGO,FAILURE
10113,0,37,31,CARGO,FAILURE
10114,1,36,12,PASSENGER,FAILURE
10115,0,44,89,PASSENGER,SUCCESS
10116,1,66,19,PASSENGER,FAILURE
10117,1,65,30,CARGO,FAILURE
10118,0,29,44,CARGO,SUCCESS
10119,0,43,75,CARGO,SUCCESS
10120,0,40,54,CARGO,SUCCESS
10121,0,53,15,CARGO,FAILURE
10122,1,21,46,PASSENGER,SUCCESS
10123,0,39,35,CARGO,FAILURE
10124,1,40,50,CARGO,SUCCESS
10125,0,47,18,PASSENGER,FAILURE
10126,0,43,89,PASSENGER,SUCCESS
10127,1,43,47,CARGO,SUCCESS
10128,0,27,33,PASSENGER,SUCCESS
10129,1,66,10,CARGO,FAILURE
10130,0,70,14,PASSENGER,FAILURE
10131,0,30,43,PASSENGER,SUCCESS
10132,0,38,46,CARGO,SUCCESS
10133,0,59,13,CARGO,FAILURE
10134,1,28,63,CARGO,SUCCESS
10135,0,40,45,CARGO,SUCCESS
10136,0,21,39,PASSENGER,SUCCESS
10137,0,37,37,CARGO,FAILURE
10138,1,27,48,PASSENGER,SUCCESS
10139,0,27,68,CARGO,SUCCESS
10140,0,34,31,CARGO,FAILURE
10141,0,45,62,PASSENGER,SUCCESS
10142,1,36,68,PASSENGER,SUCCESS
10143,0,20,32,PASSENGER,SUCCESS
10144,1,39,28,CARGO,FAILURE
10145,0,28,43,PASSENGER,SUCCESS
10146,1,30,36,CARGO,FAILURE
10147,0,55,18,CARGO,FAILURE
10148,0,53,18,CARGO,FAILURE
10149,0,68,14,CARGO,FAILURE
10150,0,43,56,PASSENGER,SUCCESS
10151,1,37,75,CARGO,SUCCESS
10152,1,21,89,PASSENGER,SUCCESS
10153,1,25,81,PASSENGER,SUCCESS
10154,0,68,8,CARGO,FAILURE
10155,1,52,18,CARGO,FAILURE
10156,0,32,36,PASSENGER,SUCCESS
10157,0,26,51,PASSENGER,SUCCESS
10158,0,21,50,PASSENGER,SUCCESS
10159,1,21,69,PASSENGER,SUCCESS
10160,1,61,39,CARGO,FAILURE
10161,1,47,6,CARGO,FAILURE
10162,0,26,76,PASSENGER,SUCCESS
10163,1,32,39,PASSENGER,SUCCESS
10164,0,19,87,CARGO,SUCCESS
10165,1,20,52,PASSENGER,SUCCESS
10166,1,36,7,CARGO,FAILURE
10167,0,32,53,PASSENGER,SUCCESS
10168,1,21,63,PASSENGER,SUCCESS
10169,1,24,94,CARGO,SUCCESS
10170,1,54,5,CARGO,FAILURE
10171,1,60,7,CARGO,FAILURE
10172,0,37,15,CARGO,FAILURE
10173,1,31,61,PASSENGER,SUCCESS
10174,1,30,39,PASSENGER,FAILURE
10175,0,66,21,CARGO,FAILURE
10176,1,22,100,CARGO,SUCCESS
10177,0,33,8,CARGO,FAILURE
10178,0,55,31,CARGO,FAILURE
10179,0,38,83,PASSENGER,SUCCESS
10180,1,33,79,PASSENGER,SUCCESS
10181,1,62,6,CARGO,FAILURE
10182,1,32,52,PASSENGER,SUCCESS
10183,0,45,95,CARGO,SUCCESS
10184,1,34,41,PASSENGER,SUCCESS
10185,1,37,38,CARGO,SUCCESS
10186,1,56,31,CARGO,FAILURE
10187,1,23,62,CARGO,SUCCESS
10188,1,20,92,PASSENGER,SUCCESS
10189,1,35,81,PASSENGER,SUCCESS
10190,1,36,38,PASSENGER,SUCCESS
10191,1,20,86,PASSENGER,SUCCESS
10192,1,45,42,PASSENGER,SUCCESS
10193,1,57,36,CARGO,FAILURE
10194,1,66,26,CARGO,FAILURE
10195,0,39,10,PASSENGER,FAILURE
10196,1,22,31,PASSENGER,SUCCESS
10197,0,33,39,PASSENGER,SUCCESS
10198,1,51,20,CARGO,FAILURE
10199,0,36,20,PASSENGER,FAILURE
10200,0,31,23,CARGO,FAILURE
10201,0,41,52,PASSENGER,SUCCESS
10202,1,54,28,PASSENGER,FAILURE
10203,1,20,36,PASSENGER,SUCCESS
10204,0,21,53,CARGO,SUCCESS
10205,1,38,55,CARGO,SUCCESS
10206,1,34,18,PASSENGER,FAILURE
10207,1,24,71,PASSENGER,SUCCESS
10208,0,26,57,PASSENGER,SUCCESS
10209,1,48,12,CARGO,FAILURE
10210,0,48,38,PASSENGER,FAILURE
10211,0,40,59,PASSENGER,SUCCESS
10212,0,46,31,CARGO,FAILURE
10213,0,37,30,CARGO,FAILURE
10214,0,60,20,CARGO,FAILURE
10215,0,62,20,CARGO,FAILURE
10216,0,36,16,CARGO,FAILURE
10217,1,49,7,PASSENGER,FAILURE
10218,1,32,24,PASSENGER,FAILURE
10219,1,59,32,CARGO,FAILURE
10220,1,53,27,PASSENGER,FAILURE
10221,1,41,68,PASSENGER,SUCCESS
10222,0,21,88,PASSENGER,SUCCESS
10223,0,34,36,CARGO,FAILURE
10224,1,25,62,CARGO,SUCCESS
10225,0,51,39,PASSENGER,FAILURE
10226,1,64,9,PASSENGER,FAILURE
10227,0,58,22,PASSENGER,FAILURE
10228,1,26,77,PASSENGER,SUCCESS
10229,1,60,29,CARGO,FAILURE
10230,1,41,49,PASSENGER,SUCCESS
10231,0,50,15,PASSENGER,FAILURE
10232,1,39,68,PASSENGER,SUCCESS
10233,1,70,31,PASSENGER,FAILURE
10234,0,24,51,PASSENGER,SUCCESS
10235,0,20,70,PASSENGER,SUCCESS
10236,1,18,86,CARGO,SUCCESS
10237,0,55,10,PASSENGER,FAILURE
10238,0,33,40,PASSENGER,SUCCESS
10239,1,32,91,PASSENGER,SUCCESS
10240,0,59,32,CARGO,FAILURE
10241,0,53,37,CARGO,FAILURE
10242,0,36,33,CARGO,FAILURE
10243,0,57,34,CARGO,FAILURE
10244,0,20,53,CARGO,SUCCESS
10245,1,50,29,PASSENGER,FAILURE
10246,0,30,36,PASSENGER,FAILURE
10247,0,30,34,CARGO,FAILURE
10248,0,42,95,CARGO,SUCCESS
10249,1,28,44,PASSENGER,SUCCESS
10250,1,22,58,PASSENGER,SUCCESS
10251,1,37,94,PASSENGER,SUCCESS
10252,0,41,77,CARGO,SUCCESS
10253,1,44,98,PASSENGER,SUCCESS
10254,1,34,84,PASSENGER,SUCCESS
10255,0,61,24,CARGO,FAILURE
10256,0,51,27,CARGO,FAILURE
10257,0,66,40,PASSENGER,FAILURE
10258,0,34,11,CARGO,FAILURE
10259,1,18,65,PASSENGER,SUCCESS
10260,0,33,90,PASSENGER,SUCCESS
10261,1,23,86,PASSENGER,SUCCESS
10262,1,18,43,PASSENGER,SUCCESS
10263,1,36,37,CARGO,FAILURE
10264,1,34,50,PASSENGER,SUCCESS
10265,0,33,19,PASSENGER,FAILURE
10266,1,40,81,PASSENGER,SUCCESS
10267,0,26,71,PASSENGER,SUCCESS
10268,1,46,28,PASSENGER,FAILURE
10269,1,30,42,PASSENGER,FAILURE
10270,0,44,85,PASSENGER,SUCCESS
10271,1,36,10,CARGO,FAILURE
10272,1,28,84,PASSENGER,SUCCESS
10273,0,33,67,PASSENGER,FAILURE
10274,0,32,23,CARGO,FAILURE
10275,0,37,5,PASSENGER,SUCCESS
10276,0,37,6,PASSENGER,SUCCESS
10277,0,54,10,PASSENGER,SUCCESS
10278,0,35,15,CARGO,FAILURE
10279,0,37,38,CARGO,FAILURE
10280,0,45,40,PASSENGER,FAILURE
10281,1,22,84,PASSENGER,SUCCESS
10282,0,42,86,PASSENGER,SUCCESS
10283,1,64,28,PASSENGER,FAILURE
10284,1,39,22,CARGO,FAILURE
10285,1,57,22,CARGO,FAILURE
10286,0,37,48,PASSENGER,SUCCESS
10287,0,34,88,PASSENGER,SUCCESS
10288,0,22,50,PASSENGER,SUCCESS
10289,1,46,36,CARGO,FAILURE
10290,0,29,79,PASSENGER,SUCCESS
10291,0,29,39,PASSENGER,SUCCESS
10292,0,30,11,CARGO,FAILURE
10293,1,47,25,PASSENGER,FAILURE
10294,1,38,88,PASSENGER,SUCCESS
10295,0,43,58,PASSENGER,SUCCESS
10296,0,70,8,CARGO,FAILURE
10297,0,48,8,PASSENGER,FAILURE
10298,0,43,28,PASSENGER,FAILURE
10299,1,51,33,CARGO,FAILURE
10300,0,40,61,PASSENGER,SUCCESS
10301,1,19,78,PASSENGER,SUCCESS
10302,1,35,80,PASSENGER,SUCCESS
10303,0,60,18,PASSENGER,FAILURE
10304,0,43,92,PASSENGER,SUCCESS
10305,0,42,7,PASSENGER,FAILURE
10306,1,63,31,CARGO,FAILURE
10307,0,37,28,CARGO,FAILURE
10308,1,32,8,PASSENGER,FAILURE
10309,1,20,33,PASSENGER,SUCCESS
10310,1,27,57,PASSENGER,SUCCESS
10311,0,55,34,PASSENGER,FAILURE
10312,1,42,19,CARGO,FAILURE
10313,0,33,6,CARGO,FAILURE
10314,0,40,70,PASSENGER,SUCCESS
10315,1,24,45,PASSENGER,SUCCESS
10316,0,36,29,CARGO,FAILURE
10317,0,64,17,CARGO,FAILURE
10318,0,69,10,PASSENGER,FAILURE
10319,1,33,26,CARGO,FAILURE
10320,0,45,82,PASSENGER,SUCCESS
10321,0,34,67,PASSENGER,SUCCESS
10322,0,41,98,PASSENGER,SUCCESS
10323,1,68,33,PASSENGER,FAILURE
10324,1,49,30,CARGO,FAILURE
10325,0,52,14,PASSENGER,FAILURE
10326,0,38,58,PASSENGER,SUCCESS
10327,1,29,75,PASSENGER,SUCCESS
10328,0,44,29,PASSENGER,FAILURE
10329,0,24,70,CARGO,SUCCESS
10330,1,65,19,CARGO,FAILURE
10331,1,24,54,CARGO,SUCCESS
10332,0,22,60,PASSENGER,SUCCESS
10333,1,31,51,CARGO,SUCCESS
10334,0,41,75,CARGO,SUCCESS
10335,0,62,20,CARGO,FAILURE
10336,0,34,16,PASSENGER,FAILURE
10337,1,50,27,CARGO,FAILURE
10338,1,49,7,CARGO,FAILURE
10339,1,60,11,PASSENGER,FAILURE
10340,1,28,60,PASSENGER,SUCCESS
10341,1,30,17,PASSENGER,FAILURE
10342,1,37,16,CARGO,FAILURE
10343,1,54,39,CARGO,FAILURE
10344,0,45,40,CARGO,FAILURE
10345,0,53,19,CARGO,FAILURE
10346,1,52,37,PASSENGER,FAILURE
10347,0,40,71,PASSENGER,SUCCESS
10348,1,60,40,PASSENGER,FAILURE
10349,0,54,34,PASSENGER,FAILURE
10350,0,19,84,PASSENGER,SUCCESS
10351,0,39,100,PASSENGER,SUCCESS
10352,1,44,59,PASSENGER,SUCCESS
10353,0,61,31,CARGO,FAILURE
10354,0,43,33,CARGO,FAILURE
10355,0,58,37,CARGO,FAILURE
10356,1,22,96,PASSENGER,SUCCESS
10357,1,33,95,PASSENGER,SUCCESS
10358,0,37,12,CARGO,FAILURE
10359,0,30,92,PASSENGER,SUCCESS
10360,1,50,31,PASSENGER,FAILURE
10361,1,66,11,CARGO,FAILURE
10362,0,41,20,PASSENGER,FAILURE
10363,1,33,88,PASSENGER,SUCCESS
10364,1,53,29,CARGO,FAILURE
10365,1,18,33,PASSENGER,SUCCESS
10366,0,37,77,PASSENGER,SUCCESS
10367,1,43,66,PASSENGER,SUCCESS
10368,1,65,10,PASSENGER,FAILURE
10369,0,28,84,CARGO,SUCCESS
10370,0,49,38,PASSENGER,FAILURE
10371,0,38,25,PASSENGER,FAILURE
10372,1,29,86,PASSENGER,SUCCESS
10373,1,41,62,PASSENGER,SUCCESS
10374,0,40,36,PASSENGER,FAILURE
10375,1,22,45,PASSENGER,SUCCESS
10376,0,32,91,PASSENGER,SUCCESS
10377,0,51,25,CARGO,FAILURE
10378,1,45,11,PASSENGER,FAILURE
10379,0,70,5,CARGO,FAILURE
10380,0,45,92,PASSENGER,SUCCESS
10381,0,28,61,PASSENGER,SUCCESS
10382,0,36,25,PASSENGER,FAILURE
10383,0,30,33,PASSENGER,FAILURE
10384,0,32,96,CARGO,SUCCESS
10385,1,35,73,PASSENGER,SUCCESS
10386,1,52,40,CARGO,FAILURE
10387,0,64,20,CARGO,FAILURE
10388,0,41,71,PASSENGER,SUCCESS
10389,0,40,54,PASSENGER,SUCCESS
10390,0,43,16,PASSENGER,FAILURE
10391,1,69,28,PASSENGER,FAILURE
10392,0,34,82,CARGO,SUCCESS
10393,0,37,39,CARGO,FAILURE
10394,1,33,97,PASSENGER,SUCCESS
10395,0,46,13,CARGO,FAILURE
10396,0,32,64,PASSENGER,SUCCESS
10397,0,43,62,CARGO,SUCCESS
10398,1,32,31,CARGO,SUCCESS
10399,0,26,74,PASSENGER,SUCCESS
10400,0,62,36,PASSENGER,FAILURE
10401,1,22,99,PASSENGER,SUCCESS
10402,0,63,29,CARGO,FAILURE
10403,0,43,47,PASSENGER,SUCCESS
10404,0,27,31,PASSENGER,SUCCESS
10405,1,36,33,PASSENGER,FAILURE
10406,0,38,18,CARGO,FAILURE
10407,0,63,10,CARGO,FAILURE
10408,1,25,68,PASSENGER,SUCCESS
10409,0,38,57,PASSENGER,SUCCESS
10410,0,61,25,PASSENGER,FAILURE
10411,1,41,47,CARGO,SUCCESS
10412,1,34,23,PASSENGER,FAILURE
10413,0,39,18,CARGO,FAILURE
10414,1,31,12,CARGO,FAILURE
10415,1,43,87,PASSENGER,SUCCESS
10416,0,52,24,CARGO,FAILURE
10417,1,52,9,CARGO,FAILURE
10418,1,41,38,CARGO,FAILURE
10419,0,36,57,CARGO,SUCCESS
10420,1,37,59,PASSENGER,SUCCESS
10421,0,49,8,CARGO,FAILURE
10422,0,58,28,PASSENGER,FAILURE
10423,0,42,65,PASSENGER,SUCCESS
10424,1,61,19,CARGO,FAILURE
10425,1,66,29,CARGO,FAILURE
10426,1,40,12,PASSENGER,FAILURE
10427,1,34,62,PASSENGER,SUCCESS
10428,1,31,60,PASSENGER,SUCCESS
10429,1,31,12,CARGO,FAILURE
10430,1,30,57,PASSENGER,SUCCESS
10431,0,40,75,PASSENGER,SUCCESS
10432,1,25,60,PASSENGER,SUCCESS
10433,0,21,57,CARGO,SUCCESS
10434,0,25,72,CARGO,SUCCESS
10435,1,44,30,PASSENGER,SUCCESS
10436,1,57,26,PASSENGER,FAILURE
10437,1,22,39,PASSENGER,SUCCESS
10438,1,37,37,PASSENGER,SUCCESS
10439,0,60,27,CARGO,FAILURE
10440,1,70,29,CARGO,FAILURE
10441,1,69,27,CARGO,FAILURE
10442,1,18,100,PASSENGER,SUCCESS
10443,1,31,31,PASSENGER,SUCCESS
10444,0,36,23,CARGO,FAILURE
10445,1,47,13,PASSENGER,FAILURE
10446,0,40,58,PASSENGER,SUCCESS
10447,0,32,32,PASSENGER,SUCCESS
10448,0,34,21,PASSENGER,FAILURE
10449,0,54,38,CARGO,FAILURE
10450,1,62,40,CARGO,FAILURE
10451,0,37,93,PASSENGER,SUCCESS
10452,1,23,61,PASSENGER,SUCCESS
10453,1,38,95,PASSENGER,SUCCESS
10454,1,54,40,CARGO,FAILURE
10455,0,35,95,PASSENGER,SUCCESS
10456,1,32,73,CARGO,SUCCESS
10457,1,42,74,PASSENGER,SUCCESS
10458,0,45,43,PASSENGER,SUCCESS
10459,0,53,19,CARGO,FAILURE
10460,0,33,50,PASSENGER,SUCCESS
10461,1,66,13,PASSENGER,FAILURE
10462,0,28,100,CARGO,SUCCESS
10463,0,20,78,PASSENGER,SUCCESS
10464,0,22,39,PASSENGER,SUCCESS
10465,0,45,22,CARGO,FAILURE
10466,1,61,30,CARGO,FAILURE
10467,0,66,22,CARGO,FAILURE
10468,0,39,36,PASSENGER,FAILURE
10469,0,26,32,CARGO,SUCCESS
10470,0,41,37,CARGO,FAILURE
10471,0,61,38,CARGO,FAILURE
10472,1,31,49,CARGO,SUCCESS
10473,1,47,12,CARGO,FAILURE
10474,0,27,51,PASSENGER,SUCCESS
10475,1,19,72,PASSENGER,SUCCESS
10476,1,44,75,PASSENGER,SUCCESS
10477,0,25,40,PASSENGER,SUCCESS
10478,1,69,8,CARGO,FAILURE
10479,1,42,85,PASSENGER,SUCCESS
10480,1,38,97,PASSENGER,SUCCESS
10481,1,46,20,CARGO,FAILURE
10482,1,43,19,CARGO,FAILURE
10483,1,40,97,CARGO,SUCCESS
10484,0,40,35,CARGO,FAILURE
10485,0,34,94,CARGO,SUCCESS
10486,0,28,30,PASSENGER,SUCCESS
10487,1,38,26,CARGO,FAILURE
10488,1,43,24,PASSENGER,FAILURE
10489,0,41,100,PASSENGER,SUCCESS
10490,0,49,12,CARGO,FAILURE
10491,1,38,69,PASSENGER,SUCCESS
10492,1,45,43,PASSENGER,SUCCESS
10493,0,37,28,PASSENGER,FAILURE
10494,1,43,95,PASSENGER,SUCCESS
10495,0,27,44,PASSENGER,SUCCESS
10496,1,35,6,PASSENGER,FAILURE
10497,1,33,92,PASSENGER,SUCCESS
10498,1,63,15,CARGO,FAILURE
10499,1,22,61,PASSENGER,SUCCESS
10500,0,35,19,CARGO,FAILURE
10501,0,59,29,CARGO,FAILURE
10502,1,56,25,CARGO,FAILURE
10503,0,53,33,CARGO,FAILURE
10504,1,31,27,CARGO,FAILURE
10505,1,63,40,CARGO,FAILURE
10506,1,19,37,PASSENGER,SUCCESS
10507,0,31,60,PASSENGER,SUCCESS
10508,0,31,52,PASSENGER,SUCCESS
10509,0,66,40,CARGO,FAILURE
10510,1,57,10,CARGO,FAILURE
10511,0,19,55,PASSENGER,SUCCESS
10512,0,34,87,PASSENGER,SUCCESS
10513,1,18,44,PASSENGER,SUCCESS
10514,0,44,61,PASSENGER,SUCCESS
10515,1,43,35,PASSENGER,FAILURE
10516,0,45,87,CARGO,SUCCESS
10517,1,25,54,PASSENGER,SUCCESS
10518,0,38,23,PASSENGER,FAILURE
10519,0,25,47,PASSENGER,SUCCESS
10520,0,53,6,PASSENGER,FAILURE
10521,1,43,85,PASSENGER,SUCCESS
10522,1,18,65,PASSENGER,SUCCESS
10523,1,28,85,PASSENGER,SUCCESS
10524,0,35,62,CARGO,SUCCESS
10525,0,56,32,CARGO,FAILURE
10526,0,39,91,PASSENGER,SUCCESS
10527,1,38,99,PASSENGER,SUCCESS
10528,1,35,47,PASSENGER,SUCCESS
10529,0,62,5,CARGO,FAILURE
10530,1,40,29,PASSENGER,FAILURE
10531,0,29,66,CARGO,SUCCESS
10532,0,54,34,PASSENGER,FAILURE
10533,0,37,23,CARGO,FAILURE
10534,1,26,54,PASSENGER,SUCCESS
10535,1,36,9,CARGO,FAILURE
10536,1,22,58,PASSENGER,SUCCESS
10537,1,57,7,PASSENGER,FAILURE
10538,1,18,90,PASSENGER,SUCCESS
10539,0,44,22,PASSENGER,FAILURE
10540,0,65,34,CARGO,FAILURE
10541,1,52,12,PASSENGER,FAILURE
10542,1,44,57,CARGO,SUCCESS
10543,0,21,51,PASSENGER,SUCCESS
10544,0,45,48,CARGO,SUCCESS
10545,1,33,99,PASSENGER,SUCCESS
10546,0,66,13,CARGO,FAILURE
10547,0,40,8,PASSENGER,FAILURE
10548,0,22,71,PASSENGER,SUCCESS
10549,1,59,15,CARGO,FAILURE
10550,0,25,45,PASSENGER,SUCCESS
10551,0,33,15,CARGO,FAILURE
10552,0,29,36,PASSENGER,SUCCESS
10553,0,24,42,PASSENGER,SUCCESS
10554,0,26,85,PASSENGER,SUCCESS
10555,1,39,38,CARGO,FAILURE
10556,1,47,8,CARGO,FAILURE
10557,0,49,37,CARGO,FAILURE
10558,1,36,44,PASSENGER,SUCCESS
10559,0,35,9,PASSENGER,FAILURE
10560,0,29,36,CARGO,SUCCESS
10561,1,63,30,PASSENGER,FAILURE
10562,0,21,70,PASSENGER,SUCCESS
10563,0,29,52,CARGO,SUCCESS
10564,0,67,19,PASSENGER,FAILURE
10565,1,41,37,PASSENGER,SUCCESS
10566,0,32,12,CARGO,FAILURE
10567,1,63,33,CARGO,FAILURE
10568,0,58,16,CARGO,FAILURE
10569,1,37,96,PASSENGER,SUCCESS
10570,0,32,54,CARGO,SUCCESS
10571,1,66,6,CARGO,FAILURE
10572,1,68,24,PASSENGER,FAILURE
10573,0,30,16,CARGO,FAILURE
10574,0,36,11,PASSENGER,FAILURE
10575,0,23,33,PASSENGER,SUCCESS
10576,1,23,78,CARGO,SUCCESS
10577,0,70,13,CARGO,FAILURE
10578,0,34,13,CARGO,FAILURE
10579,1,59,10,PASSENGER,FAILURE
10580,1,43,26,CARGO,FAILURE
10581,1,43,20,PASSENGER,FAILURE
10582,0,19,92,PASSENGER,SUCCESS
10583,1,43,46,PASSENGER,SUCCESS
10584,0,46,33,CARGO,FAILURE
10585,1,68,27,CARGO,FAILURE
10586,1,65,15,CARGO,FAILURE
10587,1,33,57,PASSENGER,SUCCESS
10588,1,35,85,PASSENGER,SUCCESS
10589,1,44,18,PASSENGER,FAILURE
10590,0,40,78,PASSENGER,SUCCESS
10591,1,37,23,CARGO,FAILURE
10592,0,19,92,PASSENGER,SUCCESS
10593,1,38,99,PASSENGER,SUCCESS
10594,0,25,68,CARGO,SUCCESS
10595,1,21,34,PASSENGER,SUCCESS
10596,0,50,36,CARGO,FAILURE
10597,0,39,26,PASSENGER,FAILURE
10598,1,22,98,PASSENGER,SUCCESS
10599,1,21,74,PASSENGER,SUCCESS
10600,0,37,5,CARGO,FAILURE
10601,0,26,90,PASSENGER,SUCCESS
10602,1,27,36,CARGO,SUCCESS
10603,0,31,27,CARGO,FAILURE
10604,0,44,40,PASSENGER,FAILURE
10605,0,59,26,CARGO,FAILURE
10606,0,30,43,PASSENGER,SUCCESS
10607,0,63,30,PASSENGER,FAILURE
10608,0,19,85,PASSENGER,SUCCESS
10609,0,58,7,CARGO,FAILURE
10610,1,63,15,PASSENGER,FAILURE
10611,1,30,27,PASSENGER,FAILURE
10612,1,36,91,CARGO,SUCCESS
10613,0,32,45,PASSENGER,SUCCESS
10614,0,22,82,PASSENGER,SUCCESS
10615,0,42,41,PASSENGER,SUCCESS
10616,1,36,22,CARGO,FAILURE
10617,0,37,13,CARGO,FAILURE
10618,1,38,35,PASSENGER,SUCCESS
10619,0,41,42,PASSENGER,SUCCESS
10620,1,36,36,PASSENGER,FAILURE
10621,0,55,26,CARGO,FAILURE
10622,1,30,18,CARGO,FAILURE
10623,0,18,51,CARGO,SUCCESS
10624,0,68,27,PASSENGER,FAILURE
10625,0,20,88,PASSENGER,SUCCESS
10626,0,26,65,PASSENGER,SUCCESS
10627,0,48,20,PASSENGER,FAILURE
10628,0,33,30,CARGO,FAILURE
10629,1,39,37,PASSENGER,FAILURE
10630,1,49,38,PASSENGER,FAILURE
10631,0,46,35,CARGO,FAILURE
10632,0,63,31,PASSENGER,FAILURE
10633,1,38,14,CARGO,FAILURE
10634,1,35,53,PASSENGER,SUCCESS
10635,1,45,32,CARGO,FAILURE
10636,1,32,9,PASSENGER,FAILURE
10637,1,64,34,PASSENGER,FAILURE
10638,1,45,81,PASSENGER,SUCCESS
10639,0,32,74,CARGO,SUCCESS
10640,1,33,16,CARGO,FAILURE
10641,0,41,34,PASSENGER,FAILURE
10642,1,39,25,CARGO,FAILURE
10643,0,37,89,PASSENGER,SUCCESS
10644,1,29,33,PASSENGER,SUCCESS
10645,0,35,63,CARGO,SUCCESS
10646,1,30,59,PASSENGER,SUCCESS
10647,1,34,34,PASSENGER,FAILURE
10648,0,40,19,CARGO,FAILURE
10649,0,37,60,PASSENGER,SUCCESS
10650,1,21,78,CARGO,SUCCESS
10651,0,39,93,CARGO,SUCCESS
10652,0,41,44,CARGO,SUCCESS
10653,0,41,98,CARGO,SUCCESS
10654,1,38,43,PASSENGER,SUCCESS
10655,0,39,78,PASSENGER,SUCCESS
10656,0,19,86,PASSENGER,SUCCESS
10657,1,29,54,PASSENGER,SUCCESS
10658,0,53,35,PASSENGER,FAILURE
10659,1,33,42,PASSENGER,SUCCESS
10660,1,33,28,CARGO,FAILURE
10661,1,22,52,CARGO,SUCCESS
10662,0,40,39,CARGO,FAILURE
10663,1,57,15,CARGO,FAILURE
10664,1,34,33,PASSENGER,FAILURE
10665,1,24,33,PASSENGER,SUCCESS
10666,1,38,48,CARGO,SUCCESS
10667,0,19,45,PASSENGER,SUCCESS
10668,1,52,22,CARGO,FAILURE
10669,1,18,74,PASSENGER,SUCCESS
10670,1,23,95,CARGO,SUCCESS
10671,0,55,40,CARGO,FAILURE
10672,0,45,9,CARGO,FAILURE
10673,0,55,23,CARGO,FAILURE
10674,1,23,31,PASSENGER,SUCCESS
10675,1,55,28,PASSENGER,FAILURE
10676,0,48,18,PASSENGER,FAILURE
10677,0,41,6,PASSENGER,FAILURE
10678,1,33,47,PASSENGER,SUCCESS
10679,1,56,10,PASSENGER,FAILURE
10680,0,18,83,PASSENGER,SUCCESS
10681,1,41,19,PASSENGER,FAILURE
10682,1,42,71,PASSENGER,SUCCESS
10683,1,49,16,CARGO,FAILURE
10684,0,33,68,PASSENGER,SUCCESS
10685,0,41,63,PASSENGER,SUCCESS
10686,1,58,5,CARGO,FAILURE
10687,1,39,46,PASSENGER,SUCCESS
10688,0,47,6,CARGO,FAILURE
10689,0,53,25,CARGO,FAILURE
10690,1,57,12,PASSENGER,FAILURE
10691,1,27,54,PASSENGER,SUCCESS
10692,1,30,93,PASSENGER,SUCCESS
10693,0,37,51,PASSENGER,SUCCESS
10694,1,30,46,PASSENGER,SUCCESS
10695,0,55,27,PASSENGER,FAILURE
10696,0,26,99,PASSENGER,SUCCESS
10697,1,69,18,CARGO,FAILURE
10698,1,23,47,PASSENGER,SUCCESS
10699,0,22,73,PASSENGER,SUCCESS
10700,1,53,30,CARGO,FAILURE
10701,0,40,22,PASSENGER,FAILURE
10702,0,33,93,PASSENGER,SUCCESS
10703,1,43,91,PASSENGER,SUCCESS
10704,0,67,21,CARGO,FAILURE
10705,0,35,66,PASSENGER,SUCCESS
10706,1,38,33,CARGO,FAILURE
10707,0,23,63,PASSENGER,SUCCESS
10708,1,36,37,CARGO,SUCCESS
10709,0,60,6,CARGO,FAILURE
10710,1,38,32,PASSENGER,FAILURE
10711,1,20,50,PASSENGER,SUCCESS
10712,0,48,38,CARGO,FAILURE
10713,0,62,7,CARGO,FAILURE
10714,1,57,39,CARGO,FAILURE
10715,0,46,27,CARGO,FAILURE
10716,0,44,6,PASSENGER,FAILURE
10717,1,23,40,PASSENGER,SUCCESS
10718,0,53,31,PASSENGER,FAILURE
10719,1,63,27,CARGO,FAILURE
10720,1,55,27,CARGO,FAILURE
10721,0,21,41,PASSENGER,SUCCESS
10722,1,37,51,PASSENGER,SUCCESS
10723,0,36,39,PASSENGER,SUCCESS
10724,1,45,5,PASSENGER,FAILURE
10725,0,68,9,PASSENGER,FAILURE
10726,0,30,65,PASSENGER,SUCCESS
10727,1,40,14,CARGO,FAILURE
10728,1,33,50,PASSENGER,SUCCESS
10729,1,33,26,PASSENGER,FAILURE
10730,1,31,12,CARGO,FAILURE
10731,1,62,22,CARGO,FAILURE
10732,1,20,43,PASSENGER,SUCCESS
10733,0,25,45,PASSENGER,SUCCESS
10734,1,55,39,CARGO,FAILURE
10735,0,25,74,PASSENGER,SUCCESS
10736,1,30,28,CARGO,FAILURE
10737,1,69,8,PASSENGER,FAILURE
10738,0,55,20,CARGO,FAILURE
10739,1,44,47,PASSENGER,SUCCESS
10740,0,26,73,PASSENGER,SUCCESS
10741,0,35,40,CARGO,FAILURE
10742,1,64,24,CARGO,FAILURE
10743,1,39,65,PASSENGER,SUCCESS
10744,1,44,34,PASSENGER,SUCCESS
10745,0,61,23,CARGO,FAILURE
10746,0,46,14,CARGO,FAILURE
10747,1,28,37,PASSENGER,SUCCESS
10748,1,35,62,PASSENGER,SUCCESS
10749,1,34,33,PASSENGER,SUCCESS
10750,0,35,56,PASSENGER,SUCCESS
10751,0,70,34,CARGO,FAILURE
10752,1,19,51,PASSENGER,SUCCESS
10753,1,34,88,PASSENGER,SUCCESS
10754,1,29,72,PASSENGER,SUCCESS
10755,0,53,9,CARGO,FAILURE
10756,1,45,34,PASSENGER,FAILURE
10757,0,62,14,PASSENGER,FAILURE
10758,0,65,9,CARGO,FAILURE
10759,1,27,57,CARGO,SUCCESS
10760,0,23,84,PASSENGER,SUCCESS
10761,0,27,85,PASSENGER,SUCCESS
10762,1,48,36,CARGO,FAILURE
10763,0,30,54,PASSENGER,SUCCESS
10764,0,28,92,PASSENGER,SUCCESS
10765,0,36,19,CARGO,FAILURE
10766,0,60,20,CARGO,FAILURE
10767,1,30,52,PASSENGER,SUCCESS
10768,0,38,81,PASSENGER,SUCCESS
10769,0,20,90,PASSENGER,SUCCESS
10770,0,40,34,CARGO,FAILURE
10771,1,44,41,PASSENGER,SUCCESS
10772,0,68,7,PASSENGER,FAILURE
10773,1,57,25,PASSENGER,FAILURE
10774,1,32,22,PASSENGER,FAILURE
10775,0,35,47,PASSENGER,SUCCESS
10776,0,28,57,PASSENGER,SUCCESS
10777,0,28,36,PASSENGER,SUCCESS
10778,0,27,58,PASSENGER,SUCCESS
10779,1,33,25,PASSENGER,FAILURE
10780,0,67,11,PASSENGER,FAILURE
10781,1,44,83,PASSENGER,SUCCESS
10782,1,56,20,PASSENGER,FAILURE
10783,0,53,11,PASSENGER,FAILURE
10784,0,55,40,CARGO,FAILURE
10785,0,41,24,CARGO,FAILURE
10786,0,54,17,PASSENGER,FAILURE
10787,0,25,65,CARGO,SUCCESS
10788,0,60,11,PASSENGER,FAILURE
10789,1,63,20,CARGO,FAILURE
10790,0,37,53,CARGO,SUCCESS
10791,0,37,5,PASSENGER,FAILURE
10792,0,35,31,CARGO,FAILURE
10793,0,36,53,PASSENGER,SUCCESS
10794,1,62,25,PASSENGER,FAILURE
10795,1,54,11,CARGO,FAILURE
10796,0,30,49,PASSENGER,SUCCESS
10797,1,30,12,CARGO,FAILURE
10798,0,23,99,PASSENGER,SUCCESS
10799,0,32,33,PASSENGER,FAILURE
10800,0,49,7,CARGO,FAILURE
10801,1,52,16,PASSENGER,FAILURE
10802,1,20,36,PASSENGER,SUCCESS
10803,1,36,72,PASSENGER,SUCCESS
10804,1,44,31,CARGO,FAILURE
10805,0,37,66,PASSENGER,SUCCESS
10806,0,61,28,CARGO,FAILURE
10807,1,24,31,PASSENGER,SUCCESS
10808,0,59,15,CARGO,FAILURE
10809,1,26,50,PASSENGER,SUCCESS
10810,0,55,21,PASSENGER,FAILURE
10811,1,42,37,CARGO,FAILURE
10812,0,37,7,PASSENGER,FAILURE
10813,0,54,22,CARGO,FAILURE
10814,0,35,35,CARGO,FAILURE
10815,0,67,39,CARGO,FAILURE
10816,1,68,38,PASSENGER,FAILURE
10817,1,35,28,PASSENGER,FAILURE
10818,0,37,12,CARGO,FAILURE
10819,0,35,39,PASSENGER,SUCCESS
10820,1,18,75,PASSENGER,SUCCESS
10821,0,34,31,PASSENGER,SUCCESS
10822,1,37,18,CARGO,FAILURE
10823,0,33,17,CARGO,FAILURE
10824,1,61,25,CARGO,FAILURE
10825,0,25,75,PASSENGER,SUCCESS
10826,1,68,22,CARGO,FAILURE
10827,0,35,33,PASSENGER,SUCCESS
10828,1,64,29,CARGO,FAILURE
10829,1,44,17,PASSENGER,FAILURE
10830,0,32,28,PASSENGER,FAILURE
10831,0,37,26,PASSENGER,FAILURE
10832,0,42,49,PASSENGER,SUCCESS
10833,1,65,27,CARGO,FAILURE
10834,1,36,28,PASSENGER,FAILURE
10835,0,53,26,CARGO,FAILURE
10836,0,54,30,PASSENGER,FAILURE
10837,1,35,28,CARGO,FAILURE
10838,0,38,44,PASSENGER,SUCCESS
10839,1,61,6,CARGO,FAILURE
10840,0,53,21,CARGO,FAILURE
10841,0,26,61,CARGO,SUCCESS
10842,0,45,6,PASSENGER,FAILURE
10843,0,36,99,PASSENGER,SUCCESS
10844,0,61,6,CARGO,FAILURE
10845,0,55,27,PASSENGER,FAILURE
10846,1,33,95,PASSENGER,SUCCESS
10847,0,43,19,PASSENGER,FAILURE
10848,0,39,35,PASSENGER,SUCCESS
10849,0,51,23,PASSENGER,FAILURE
10850,0,18,93,PASSENGER,SUCCESS
10851,1,44,23,PASSENGER,FAILURE
10852,0,42,23,CARGO,FAILURE
10853,1,34,33,CARGO,SUCCESS
10854,1,20,34,PASSENGER,SUCCESS
10855,1,32,8,PASSENGER,FAILURE
10856,1,34,96,PASSENGER,SUCCESS
10857,0,54,28,PASSENGER,FAILURE
10858,1,55,15,CARGO,FAILURE
10859,0,31,38,CARGO,FAILURE
10860,0,35,13,PASSENGER,FAILURE
10861,1,40,8,CARGO,FAILURE
10862,1,34,26,PASSENGER,FAILURE
10863,1,37,13,PASSENGER,FAILURE
10864,1,49,34,CARGO,FAILURE
10865,1,50,19,PASSENGER,FAILURE
10866,0,43,23,PASSENGER,FAILURE
10867,1,33,39,PASSENGER,FAILURE
10868,1,30,55,CARGO,SUCCESS
10869,0,60,5,CARGO,FAILURE
10870,0,64,16,CARGO,FAILURE
10871,0,51,38,CARGO,FAILURE
10872,0,36,38,PASSENGER,FAILURE
10873,0,63,17,CARGO,FAILURE
10874,1,19,69,PASSENGER,SUCCESS
10875,0,45,37,PASSENGER,SUCCESS
10876,0,65,35,PASSENGER,FAILURE
10877,0,21,50,PASSENGER,SUCCESS
10878,1,22,92,PASSENGER,SUCCESS
10879,1,34,13,PASSENGER,FAILURE
10880,0,64,30,CARGO,FAILURE
10881,1,28,46,PASSENGER,SUCCESS
10882,1,64,25,PASSENGER,FAILURE
10883,1,23,84,PASSENGER,SUCCESS
10884,0,21,72,PASSENGER,SUCCESS
10885,1,48,6,PASSENGER,FAILURE
10886,1,28,95,CARGO,SUCCESS
10887,0,34,8,PASSENGER,FAILURE
10888,1,30,7,PASSENGER,FAILURE
10889,1,64,27,PASSENGER,FAILURE
10890,0,59,20,CARGO,FAILURE
10891,1,31,29,PASSENGER,FAILURE
10892,1,64,23,CARGO,FAILURE
10893,1,20,58,CARGO,SUCCESS
10894,1,66,20,PASSENGER,FAILURE
10895,0,68,26,PASSENGER,FAILURE
10896,1,68,30,CARGO,FAILURE
10897,1,30,34,CARGO,SUCCESS
10898,1,42,11,PASSENGER,FAILURE
10899,0,44,68,PASSENGER,SUCCESS
10900,1,32,43,PASSENGER,SUCCESS
10901,0,65,19,PASSENGER,FAILURE
10902,0,39,82,PASSENGER,SUCCESS
10903,1,19,70,PASSENGER,SUCCESS
10904,1,20,61,PASSENGER,SUCCESS
10905,1,42,30,PASSENGER,FAILURE
10906,1,36,8,CARGO,FAILURE
10907,0,37,31,PASSENGER,SUCCESS
10908,0,65,8,CARGO,FAILURE
10909,1,61,12,PASSENGER,FAILURE
10910,0,19,99,PASSENGER,SUCCESS
10911,1,24,47,PASSENGER,SUCCESS
10912,0,40,21,CARGO,FAILURE
10913,0,30,27,CARGO,FAILURE
10914,1,42,30,CARGO,SUCCESS
10915,0,54,34,PASSENGER,FAILURE
10916,0,69,22,CARGO,FAILURE
10917,1,68,36,PASSENGER,FAILURE
10918,1,32,26,CARGO,FAILURE
10919,0,33,9,PASSENGER,FAILURE
10920,0,33,52,PASSENGER,SUCCESS
10921,1,42,53,PASSENGER,SUCCESS
10922,0,41,42,PASSENGER,SUCCESS
10923,0,55,33,PASSENGER,FAILURE
10924,1,27,70,PASSENGER,SUCCESS
10925,1,31,38,CARGO,SUCCESS
10926,0,43,6,PASSENGER,FAILURE
10927,0,21,89,CARGO,SUCCESS
10928,0,27,83,PASSENGER,SUCCESS
10929,1,19,80,PASSENGER,SUCCESS
10930,1,29,34,PASSENGER,SUCCESS
10931,0,36,77,PASSENGER,SUCCESS
10932,1,35,44,PASSENGER,SUCCESS
10933,0,36,85,PASSENGER,SUCCESS
10934,1,30,68,PASSENGER,SUCCESS
10935,1,39,70,CARGO,SUCCESS
10936,1,28,52,CARGO,SUCCESS
10937,1,26,44,CARGO,SUCCESS
10938,1,54,38,CARGO,FAILURE
10939,1,47,34,CARGO,FAILURE
10940,1,31,37,CARGO,FAILURE
10941,0,37,87,PASSENGER,SUCCESS
10942,0,46,23,CARGO,FAILURE
10943,0,66,16,CARGO,FAILURE
10944,0,44,39,CARGO,FAILURE
10945,1,24,75,CARGO,SUCCESS
10946,0,68,18,PASSENGER,FAILURE
10947,1,22,36,PASSENGER,SUCCESS
10948,0,41,28,CARGO,FAILURE
10949,0,40,49,PASSENGER,SUCCESS
10950,1,20,62,CARGO,SUCCESS
10951,0,37,75,PASSENGER,SUCCESS
10952,0,41,31,PASSENGER,SUCCESS
10953,1,30,53,PASSENGER,SUCCESS
10954,1,32,20,CARGO,FAILURE
10955,0,19,66,PASSENGER,SUCCESS
10956,0,40,99,PASSENGER,SUCCESS
10957,0,33,87,PASSENGER,SUCCESS
10958,0,67,13,PASSENGER,FAILURE
10959,0,36,38,CARGO,FAILURE
10960,0,43,15,PASSENGER,FAILURE
10961,0,63,33,CARGO,FAILURE
10962,1,68,26,CARGO,FAILURE
10963,0,24,35,PASSENGER,SUCCESS
10964,1,69,5,PASSENGER,FAILURE
10965,1,45,10,CARGO,FAILURE
10966,1,50,40,CARGO,FAILURE
10967,0,45,15,PASSENGER,FAILURE
10968,1,42,50,CARGO,SUCCESS
10969,1,40,45,CARGO,SUCCESS
10970,1,65,12,CARGO,FAILURE
10971,0,34,40,PASSENGER,SUCCESS
10972,0,55,10,CARGO,FAILURE
10973,1,49,16,CARGO,FAILURE
10974,1,51,22,CARGO,FAILURE
10975,0,57,22,CARGO,FAILURE
10976,1,57,9,CARGO,FAILURE
10977,1,21,71,PASSENGER,SUCCESS
10978,0,44,45,PASSENGER,SUCCESS
10979,1,27,86,PASSENGER,SUCCESS
10980,0,42,8,CARGO,FAILURE
10981,1,42,15,PASSENGER,FAILURE
10982,1,44,8,PASSENGER,FAILURE
10983,1,61,34,CARGO,FAILURE
10984,1,52,15,CARGO,FAILURE
10985,1,36,63,PASSENGER,SUCCESS
10986,0,24,93,CARGO,SUCCESS
10987,0,35,81,CARGO,SUCCESS
10988,1,22,92,PASSENGER,SUCCESS
10989,0,42,22,PASSENGER,FAILURE
10990,1,40,30,PASSENGER,FAILURE
10991,1,59,5,CARGO,FAILURE
10992,0,25,50,CARGO,SUCCESS
10993,0,34,11,PASSENGER,FAILURE
10994,1,30,31,PASSENGER,SUCCESS
10995,0,40,35,PASSENGER,SUCCESS
10996,0,28,67,PASSENGER,SUCCESS
10997,0,43,33,CARGO,FAILURE
10998,1,56,21,CARGO,FAILURE
10999,0,39,96,PASSENGER,SUCCESS
11000,0,36,39,PASSENGER,SUCCESS
11001,1,25,39,CARGO,SUCCESS
11002,1,44,26,CARGO,FAILURE
11003,1,62,14,CARGO,FAILURE
11004,1,32,5,CARGO,FAILURE
11005,0,40,11,PASSENGER,FAILURE
11006,1,55,19,CARGO,FAILURE
11007,0,67,5,CARGO,FAILURE
11008,0,54,18,CARGO,FAILURE
11009,0,58,27,PASSENGER,FAILURE
11010,0,63,12,PASSENGER,FAILURE
11011,0,69,15,PASSENGER,FAILURE
11012,0,40,9,CARGO,FAILURE
11013,1,19,82,CARGO,SUCCESS
11014,0,32,84,PASSENGER,SUCCESS
11015,0,67,27,CARGO,FAILURE
11016,1,69,32,CARGO,FAILURE
11017,1,31,79,PASSENGER,SUCCESS
11018,0,44,48,PASSENGER,SUCCESS
11019,0,22,34,PASSENGER,SUCCESS
11020,1,49,10,CARGO,FAILURE
11021,0,33,49,PASSENGER,SUCCESS
11022,1,42,23,CARGO,FAILURE
11023,1,32,20,PASSENGER,FAILURE
11024,0,28,44,PASSENGER,SUCCESS
11025,0,43,50,PASSENGER,SUCCESS
11026,0,28,98,PASSENGER,SUCCESS
11027,0,34,10,PASSENGER,FAILURE
11028,0,37,12,CARGO,FAILURE
11029,1,69,21,CARGO,FAILURE
11030,1,27,31,PASSENGER,SUCCESS
11031,0,37,40,PASSENGER,FAILURE
11032,1,43,36,PASSENGER,FAILURE
11033,0,70,23,PASSENGER,FAILURE
11034,1,55,23,CARGO,FAILURE
11035,1,55,9,PASSENGER,FAILURE
11036,1,48,13,CARGO,FAILURE
11037,0,31,38,PASSENGER,SUCCESS
11038,0,19,94,PASSENGER,SUCCESS
11039,0,37,35,CARGO,FAILURE
11040,0,36,13,PASSENGER,FAILURE
11041,0,20,75,PASSENGER,SUCCESS
11042,0,31,53,PASSENGER,SUCCESS
11043,0,28,84,PASSENGER,SUCCESS
11044,0,42,25,PASSENGER,FAILURE
11045,1,55,7,CARGO,FAILURE
11046,1,44,48,PASSENGER,SUCCESS
11047,0,37,16,CARGO,FAILURE
11048,0,70,16,CARGO,FAILURE
11049,1,33,60,PASSENGER,SUCCESS
11050,0,36,64,CARGO,SUCCESS
11051,1,18,49,PASSENGER,SUCCESS
11052,1,40,40,PASSENGER,FAILURE
11053,0,33,36,PASSENGER,SUCCESS
11054,1,48,38,PASSENGER,FAILURE
11055,0,59,38,PASSENGER,FAILURE
11056,0,52,28,PASSENGER,FAILURE
11057,0,27,90,PASSENGER,SUCCESS
11058,1,18,39,CARGO,SUCCESS
11059,1,36,80,PASSENGER,SUCCESS
11060,0,65,30,CARGO,FAILURE
11061,1,27,57,PASSENGER,SUCCESS
11062,1,45,98,PASSENGER,SUCCESS
11063,0,28,52,PASSENGER,SUCCESS
11064,0,67,30,CARGO,FAILURE
11065,0,34,20,CARGO,FAILURE
11066,1,45,94,PASSENGER,SUCCESS
11067,1,35,27,CARGO,FAILURE
11068,1,70,26,PASSENGER,FAILURE
11069,0,66,38,PASSENGER,FAILURE
11070,0,58,6,CARGO,FAILURE
11071,0,63,36,CARGO,FAILURE
11072,0,41,29,PASSENGER,FAILURE
11073,0,45,25,PASSENGER,FAILURE
11074,1,33,9,PASSENGER,FAILURE
11075,0,29,61,PASSENGER,SUCCESS
11076,1,25,34,PASSENGER,SUCCESS
11077,0,61,29,PASSENGER,FAILURE
11078,0,34,18,CARGO,FAILURE
11079,0,24,97,PASSENGER,SUCCESS
11080,1,19,40,PASSENGER,SUCCESS
11081,1,21,87,PASSENGER,SUCCESS
11082,0,42,25,PASSENGER,FAILURE
11083,1,36,18,CARGO,FAILURE
11084,0,40,10,CARGO,FAILURE
11085,0,51,25,PASSENGER,FAILURE
11086,0,23,87,PASSENGER,SUCCESS
11087,1,42,73,PASSENGER,SUCCESS
11088,1,21,71,PASSENGER,SUCCESS
11089,1,36,83,CARGO,SUCCESS
11090,0,35,40,PASSENGER,SUCCESS
11091,1,68,36,CARGO,FAILURE
11092,1,31,77,PASSENGER,SUCCESS
11093,1,39,48,PASSENGER,SUCCESS
11094,1,36,29,PASSENGER,FAILURE
11095,1,65,9,CARGO,FAILURE
11096,0,50,10,CARGO,FAILURE
11097,1,60,11,CARGO,FAILURE
11098,0,30,85,PASSENGER,SUCCESS
11099,0,39,26,CARGO,FAILURE
11100,0,34,50,PASSENGER,SUCCESS
11101,1,67,7,PASSENGER,FAILURE
11102,1,24,33,PASSENGER,SUCCESS
11103,0,70,32,PASSENGER,FAILURE
11104,0,42,30,PASSENGER,FAILURE
11105,1,50,30,PASSENGER,FAILURE
11106,0,26,77,PASSENGER,SUCCESS
11107,1,58,29,CARGO,FAILURE
11108,0,65,29,PASSENGER,FAILURE
11109,0,44,88,PASSENGER,SUCCESS
11110,0,62,24,PASSENGER,FAILURE
11111,1,27,52,PASSENGER,SUCCESS
11112,0,32,59,PASSENGER,SUCCESS
11113,1,36,67,CARGO,SUCCESS
11114,0,43,93,CARGO,SUCCESS
11115,1,50,7,CARGO,FAILURE
11116,1,18,82,PASSENGER,SUCCESS
11117,1,65,12,CARGO,FAILURE
11118,1,26,59,PASSENGER,SUCCESS
11119,0,43,8,CARGO,FAILURE
11120,0,67,33,PASSENGER,FAILURE
11121,1,33,44,CARGO,SUCCESS
11122,1,33,13,CARGO,FAILURE
11123,0,50,37,CARGO,FAILURE
11124,1,66,9,CARGO,FAILURE
11125,0,45,40,PASSENGER,FAILURE
11126,0,35,78,PASSENGER,SUCCESS
11127,0,24,98,PASSENGER,SUCCESS
11128,1,41,85,PASSENGER,SUCCESS
11129,0,57,36,CARGO,FAILURE
11130,1,39,32,CARGO,FAILURE
11131,0,43,82,PASSENGER,SUCCESS
11132,1,40,37,CARGO,SUCCESS
11133,0,48,7,PASSENGER,FAILURE
11134,0,22,81,PASSENGER,SUCCESS
11135,1,69,37,PASSENGER,FAILURE
11136,0,57,38,PASSENGER,FAILURE
11137,1,30,8,PASSENGER,FAILURE
11138,1,63,30,PASSENGER,FAILURE
11139,0,56,21,CARGO,FAILURE
11140,1,70,29,CARGO,FAILURE
11141,1,37,17,CARGO,FAILURE
11142,0,36,27,CARGO,FAILURE
11143,0,36,39,PASSENGER,SUCCESS
11144,1,31,93,CARGO,SUCCESS
11145,1,29,97,CARGO,SUCCESS
11146,0,69,12,CARGO,FAILURE
11147,1,49,27,PASSENGER,FAILURE
11148,1,56,24,PASSENGER,FAILURE
11149,1,35,55,PASSENGER,SUCCESS
11150,1,36,100,PASSENGER,SUCCESS
11151,1,29,44,PASSENGER,SUCCESS
11152,0,21,66,CARGO,SUCCESS
11153,1,49,27,CARGO,FAILURE
11154,1,55,32,CARGO,FAILURE
11155,0,60,17,CARGO,FAILURE
11156,0,38,97,PASSENGER,SUCCESS
11157,1,34,27,CARGO,FAILURE
11158,1,60,8,PASSENGER,FAILURE
11159,0,54,25,CARGO,FAILURE
11160,0,27,44,PASSENGER,SUCCESS
11161,1,18,46,CARGO,SUCCESS
11162,1,36,43,PASSENGER,SUCCESS
11163,0,45,75,PASSENGER,SUCCESS
11164,0,18,89,PASSENGER,SUCCESS
11165,1,64,26,CARGO,FAILURE
11166,0,52,18,PASSENGER,FAILURE
11167,1,32,89,PASSENGER,SUCCESS
11168,1,36,74,PASSENGER,SUCCESS
11169,0,49,34,CARGO,FAILURE
11170,0,43,25,PASSENGER,FAILURE
11171,1,42,19,CARGO,FAILURE
11172,0,37,40,PASSENGER,SUCCESS
11173,1,37,19,PASSENGER,FAILURE
11174,1,29,65,PASSENGER,SUCCESS
11175,0,63,38,PASSENGER,FAILURE
11176,1,47,22,CARGO,FAILURE
11177,1,61,14,CARGO,FAILURE
11178,1,34,6,PASSENGER,FAILURE
11179,0,28,86,PASSENGER,SUCCESS
11180,1,44,32,PASSENGER,SUCCESS
11181,0,28,46,PASSENGER,SUCCESS
11182,0,30,34,PASSENGER,FAILURE
11183,1,64,28,PASSENGER,FAILURE
11184,0,24,70,PASSENGER,SUCCESS
11185,1,43,74,PASSENGER,SUCCESS
11186,1,58,8,CARGO,FAILURE
11187,1,63,31,CARGO,FAILURE
11188,0,34,28,PASSENGER,FAILURE
11189,1,65,23,CARGO,FAILURE
11190,1,52,5,CARGO,FAILURE
11191,1,48,15,PASSENGER,FAILURE
11192,0,34,69,PASSENGER,SUCCESS
11193,1,65,8,CARGO,FAILURE
11194,0,50,22,CARGO,FAILURE
11195,0,60,8,PASSENGER,FAILURE
11196,1,69,22,CARGO,FAILURE
11197,1,41,56,CARGO,SUCCESS
11198,0,39,82,CARGO,SUCCESS
11199,1,50,16,CARGO,FAILURE
11200,1,29,51,PASSENGER,SUCCESS
11201,0,67,34,PASSENGER,FAILURE
11202,1,39,69,CARGO,SUCCESS
11203,0,23,61,PASSENGER,SUCCESS
11204,1,22,31,PASSENGER,SUCCESS
11205,0,33,37,CARGO,FAILURE
11206,0,44,36,CARGO,FAILURE
11207,0,46,7,PASSENGER,FAILURE
11208,0,43,44,PASSENGER,SUCCESS
11209,1,35,58,CARGO,SUCCESS
11210,1,44,61,CARGO,SUCCESS
11211,0,30,19,CARGO,FAILURE
11212,1,34,29,CARGO,FAILURE
11213,1,58,22,PASSENGER,FAILURE
11214,1,47,20,CARGO,FAILURE
11215,0,40,18,CARGO,FAILURE
11216,1,46,16,CARGO,FAILURE
11217,0,69,11,PASSENGER,FAILURE
11218,1,49,7,CARGO,FAILURE
11219,0,38,31,CARGO,SUCCESS
11220,0,56,14,PASSENGER,FAILURE
11221,0,49,37,CARGO,FAILURE
11222,1,45,86,CARGO,SUCCESS
11223,0,18,75,CARGO,SUCCESS
11224,0,25,96,PASSENGER,SUCCESS
11225,0,46,34,CARGO,FAILURE
11226,1,69,7,CARGO,FAILURE
11227,1,23,43,PASSENGER,SUCCESS
11228,1,39,73,PASSENGER,SUCCESS
11229,0,35,23,CARGO,FAILURE
11230,0,45,36,PASSENGER,SUCCESS
11231,0,59,8,PASSENGER,FAILURE
11232,1,65,27,PASSENGER,FAILURE
11233,1,42,41,PASSENGER,SUCCESS
11234,1,47,31,PASSENGER,FAILURE
11235,0,56,20,CARGO,FAILURE
11236,1,44,33,PASSENGER,SUCCESS
11237,0,46,20,CARGO,FAILURE
11238,1,56,23,PASSENGER,FAILURE
11239,1,39,41,CARGO,SUCCESS
11240,0,39,73,PASSENGER,SUCCESS
11241,1,37,97,PASSENGER,SUCCESS
11242,0,63,37,CARGO,FAILURE
11243,1,42,60,PASSENGER,SUCCESS
11244,0,29,73,PASSENGER,SUCCESS
11245,0,41,19,CARGO,FAILURE
11246,1,50,14,CARGO,FAILURE
11247,1,41,31,CARGO,FAILURE
11248,1,44,6,CARGO,FAILURE
11249,1,30,75,PASSENGER,SUCCESS
11250,1,65,18,CARGO,FAILURE
11251,0,38,15,CARGO,FAILURE
11252,1,63,32,CARGO,FAILURE
11253,0,50,28,CARGO,FAILURE
11254,1,31,52,PASSENGER,SUCCESS
11255,1,45,71,PASSENGER,SUCCESS
11256,1,53,34,PASSENGER,FAILURE
11257,1,31,24,PASSENGER,FAILURE
11258,0,70,20,PASSENGER,FAILURE
11259,1,41,13,CARGO,FAILURE
11260,1,55,9,PASSENGER,FAILURE
11261,0,41,36,PASSENGER,SUCCESS
11262,1,44,31,CARGO,FAILURE
11263,1,34,5,CARGO,FAILURE
11264,1,33,79,CARGO,SUCCESS
11265,1,19,61,CARGO,SUCCESS
11266,0,31,67,PASSENGER,SUCCESS
11267,0,30,39,PASSENGER,FAILURE
11268,0,37,60,PASSENGER,SUCCESS
11269,0,34,78,PASSENGER,SUCCESS
11270,1,55,32,CARGO,FAILURE
11271,0,45,35,CARGO,SUCCESS
11272,1,49,7,PASSENGER,FAILURE
11273,0,44,40,CARGO,FAILURE
11274,1,42,58,CARGO,SUCCESS
11275,1,25,99,PASSENGER,SUCCESS
11276,0,39,9,CARGO,FAILURE
11277,1,67,24,PASSENGER,FAILURE
11278,0,36,65,PASSENGER,SUCCESS
11279,1,37,49,CARGO,SUCCESS
11280,0,52,38,CARGO,FAILURE
11281,1,25,68,PASSENGER,SUCCESS
11282,1,59,28,CARGO,FAILURE
11283,1,39,83,CARGO,SUCCESS
11284,0,30,9,PASSENGER,FAILURE
11285,0,41,17,CARGO,FAILURE
11286,0,39,40,PASSENGER,SUCCESS
11287,0,33,24,PASSENGER,FAILURE
11288,1,37,28,PASSENGER,FAILURE
11289,0,63,19,PASSENGER,FAILURE
11290,1,45,40,CARGO,FAILURE
11291,0,32,85,PASSENGER,SUCCESS
11292,0,30,89,CARGO,SUCCESS
11293,1,28,83,CARGO,SUCCESS
11294,0,36,33,CARGO,SUCCESS
11295,1,44,6,PASSENGER,FAILURE
11296,0,66,25,CARGO,FAILURE
11297,1,46,6,PASSENGER,FAILURE
11298,0,32,24,CARGO,FAILURE
11299,0,26,79,PASSENGER,SUCCESS
11300,0,46,15,PASSENGER,FAILURE
11301,0,28,85,PASSENGER,SUCCESS
11302,1,70,28,CARGO,FAILURE
11303,0,63,36,PASSENGER,FAILURE
11304,1,24,49,PASSENGER,SUCCESS
11305,0,69,31,PASSENGER,FAILURE
11306,0,50,13,CARGO,FAILURE
11307,1,42,72,PASSENGER,SUCCESS
11308,0,41,21,CARGO,FAILURE
11309,1,54,12,PASSENGER,FAILURE
11310,1,42,49,PASSENGER,SUCCESS
11311,0,55,22,PASSENGER,FAILURE
11312,0,34,16,CARGO,FAILURE
11313,1,45,23,CARGO,FAILURE
11314,1,55,23,PASSENGER,FAILURE
11315,1,45,55,PASSENGER,SUCCESS
11316,1,57,40,PASSENGER,FAILURE
11317,0,40,33,CARGO,FAILURE
11318,0,56,10,PASSENGER,FAILURE
11319,0,39,26,CARGO,FAILURE
11320,1,19,80,PASSENGER,SUCCESS
11321,1,69,6,CARGO,FAILURE
11322,0,44,98,PASSENGER,SUCCESS
11323,0,42,87,PASSENGER,SUCCESS
11324,1,30,16,PASSENGER,FAILURE
11325,1,40,61,PASSENGER,SUCCESS
11326,0,60,36,CARGO,FAILURE
11327,0,21,99,CARGO,SUCCESS
11328,0,44,57,PASSENGER,SUCCESS
11329,0,27,69,PASSENGER,SUCCESS
11330,0,56,10,CARGO,FAILURE
11331,0,36,8,PASSENGER,FAILURE
11332,1,36,19,CARGO,FAILURE
11333,0,36,59,PASSENGER,SUCCESS
11334,0,30,13,CARGO,FAILURE
11335,1,45,78,PASSENGER,SUCCESS
11336,1,58,8,PASSENGER,FAILURE
11337,1,34,26,PASSENGER,FAILURE
11338,0,18,75,PASSENGER,SUCCESS
11339,0,46,37,PASSENGER,FAILURE
11340,1,38,95,CARGO,SUCCESS
11341,0,62,26,CARGO,FAILURE
11342,1,43,40,CARGO,FAILURE
11343,1,34,36,CARGO,SUCCESS
11344,1,37,48,PASSENGER,SUCCESS
11345,1,40,26,PASSENGER,FAILURE
11346,0,49,33,PASSENGER,FAILURE
11347,0,29,83,PASSENGER,SUCCESS
11348,0,55,6,CARGO,FAILURE
11349,1,45,49,PASSENGER,SUCCESS
11350,1,31,96,PASSENGER,SUCCESS
11351,1,68,28,PASSENGER,FAILURE
11352,0,34,27,PASSENGER,FAILURE
11353,0,65,25,CARGO,FAILURE
11354,0,43,41,PASSENGER,SUCCESS
11355,1,43,84,PASSENGER,SUCCESS
11356,0,66,19,CARGO,FAILURE
11357,1,67,6,PASSENGER,FAILURE
11358,1,60,8,PASSENGER,FAILURE
11359,0,59,8,PASSENGER,FAILURE
11360,1,47,16,PASSENGER,FAILURE
11361,0,58,9,PASSENGER,FAILURE
11362,1,28,49,PASSENGER,SUCCESS
11363,1,29,33,PASSENGER,SUCCESS
11364,1,51,16,CARGO,FAILURE
11365,0,37,11,CARGO,FAILURE
11366,1,21,31,PASSENGER,SUCCESS
11367,0,35,6,PASSENGER,FAILURE
11368,0,36,32,PASSENGER,FAILURE
11369,0,43,8,PASSENGER,FAILURE
11370,0,24,52,PASSENGER,SUCCESS
11371,0,43,21,PASSENGER,FAILURE
11372,1,21,100,PASSENGER,SUCCESS
11373,0,30,62,PASSENGER,SUCCESS
11374,0,37,82,PASSENGER,SUCCESS
11375,1,18,39,PASSENGER,SUCCESS
11376,0,42,53,CARGO,SUCCESS
11377,1,44,69,PASSENGER,SUCCESS
11378,1,48,11,CARGO,FAILURE
11379,0,32,36,PASSENGER,SUCCESS
11380,1,64,40,PASSENGER,FAILURE
11381,1,34,26,PASSENGER,FAILURE
11382,0,45,87,PASSENGER,SUCCESS
11383,0,25,43,PASSENGER,SUCCESS
11384,0,23,74,PASSENGER,SUCCESS
11385,1,39,21,CARGO,FAILURE
11386,1,37,11,CARGO,FAILURE
11387,0,59,24,PASSENGER,FAILURE
11388,1,33,62,CARGO,SUCCESS
11389,1,50,36,CARGO,FAILURE
11390,0,46,13,PASSENGER,FAILURE
11391,0,63,28,CARGO,FAILURE
11392,1,35,87,CARGO,SUCCESS
11393,1,35,40,PASSENGER,SUCCESS
11394,1,27,66,PASSENGER,SUCCESS
11395,0,27,83,PASSENGER,SUCCESS
11396,1,32,86,PASSENGER,SUCCESS
11397,0,32,83,PASSENGER,SUCCESS
11398,1,38,97,PASSENGER,SUCCESS
11399,0,36,88,CARGO,SUCCESS
11400,0,30,81,PASSENGER,SUCCESS
11401,0,30,67,PASSENGER,SUCCESS
11402,0,21,37,CARGO,SUCCESS
11403,1,34,9,CARGO,FAILURE
11404,0,61,6,CARGO,FAILURE
11405,1,29,95,PASSENGER,SUCCESS
11406,1,57,6,CARGO,FAILURE
11407,1,33,15,PASSENGER,FAILURE
11408,1,21,71,PASSENGER,SUCCESS
11409,0,54,22,PASSENGER,FAILURE
11410,0,53,9,CARGO,FAILURE
11411,1,28,33,PASSENGER,SUCCESS
11412,1,23,59,PASSENGER,SUCCESS
11413,1,60,17,CARGO,FAILURE
11414,0,32,28,PASSENGER,FAILURE
11415,1,30,32,PASSENGER,FAILURE
11416,1,28,38,PASSENGER,SUCCESS
11417,0,26,88,PASSENGER,SUCCESS
11418,1,36,44,CARGO,SUCCESS
11419,0,39,70,PASSENGER,SUCCESS
11420,0,45,86,CARGO,SUCCESS
11421,1,38,82,PASSENGER,SUCCESS
11422,1,62,11,CARGO,FAILURE
11423,0,50,13,PASSENGER,FAILURE
11424,0,38,10,CARGO,FAILURE
11425,0,62,29,CARGO,FAILURE
11426,0,24,68,PASSENGER,SUCCESS
11427,0,70,11,CARGO,FAILURE
11428,0,61,25,CARGO,FAILURE
11429,0,36,93,PASSENGER,SUCCESS
11430,0,41,23,PASSENGER,FAILURE
11431,1,66,40,CARGO,FAILURE
11432,0,25,59,PASSENGER,SUCCESS
11433,0,30,6,PASSENGER,FAILURE
11434,0,48,19,PASSENGER,FAILURE
11435,0,35,67,PASSENGER,FAILURE
11436,0,45,33,CARGO,FAILURE
11437,1,46,19,CARGO,SUCCESS
11438,1,38,79,PASSENGER,FAILURE
11439,0,45,36,CARGO,SUCCESS
11440,0,55,25,CARGO,FAILURE
11441,0,30,39,CARGO,FAILURE
11442,0,47,29,PASSENGER,SUCCESS
11443,1,50,38,PASSENGER,SUCCESS
11444,1,32,46,PASSENGER,SUCCESS
11445,1,58,9,CARGO,FAILURE
11446,1,41,85,CARGO,FAILURE
11447,0,47,38,PASSENGER,FAILURE
11448,1,37,37,PASSENGER,SUCCESS
11449,0,34,45,PASSENGER,SUCCESS
11450,1,24,56,PASSENGER,SUCCESS
11451,0,37,40,CARGO,SUCCESS
11452,0,45,92,PASSENGER,SUCCESS
11453,0,59,20,CARGO,FAILURE
11454,1,49,10,CARGO,FAILURE
11455,0,25,89,CARGO,SUCCESS
11456,1,43,80,PASSENGER,SUCCESS
11457,0,30,73,PASSENGER,SUCCESS
11458,0,40,7,PASSENGER,FAILURE
11459,0,34,13,CARGO,FAILURE
11460,0,41,19,PASSENGER,FAILURE
11461,0,40,35,PASSENGER,FAILURE
11462,0,21,30,PASSENGER,SUCCESS
11463,1,41,83,CARGO,SUCCESS
11464,1,36,9,CARGO,FAILURE
11465,1,26,36,PASSENGER,SUCCESS
11466,0,39,60,PASSENGER,SUCCESS
11467,1,32,46,CARGO,SUCCESS
11468,1,47,22,CARGO,FAILURE
11469,1,31,37,PASSENGER,SUCCESS
11470,0,32,31,CARGO,FAILURE
11471,0,46,27,CARGO,FAILURE
11472,0,20,87,CARGO,SUCCESS
11473,0,21,72,PASSENGER,SUCCESS
11474,1,55,20,PASSENGER,FAILURE
11475,0,36,74,PASSENGER,SUCCESS
11476,0,22,32,PASSENGER,SUCCESS
11477,0,37,25,PASSENGER,FAILURE
11478,0,22,32,PASSENGER,SUCCESS
11479,1,53,27,PASSENGER,FAILURE
11480,1,38,93,PASSENGER,SUCCESS
11481,1,58,16,PASSENGER,FAILURE
11482,0,33,73,PASSENGER,SUCCESS
11483,1,57,17,PASSENGER,FAILURE
11484,0,19,70,PASSENGER,SUCCESS
11485,1,38,43,CARGO,SUCCESS
11486,0,34,39,PASSENGER,FAILURE
11487,1,35,84,PASSENGER,SUCCESS
11488,0,26,71,CARGO,SUCCESS
11489,0,48,12,CARGO,FAILURE
11490,1,39,40,PASSENGER,FAILURE
11491,0,39,30,CARGO,FAILURE
11492,1,56,38,PASSENGER,FAILURE
11493,0,55,31,PASSENGER,FAILURE
11494,0,49,39,CARGO,FAILURE
11495,1,57,34,PASSENGER,FAILURE
11496,1,34,37,CARGO,FAILURE
11497,0,69,13,CARGO,FAILURE
11498,1,64,13,CARGO,FAILURE
11499,0,57,13,PASSENGER,FAILURE
11500,0,49,35,PASSENGER,FAILURE
11501,1,64,31,CARGO,FAILURE
11502,0,68,18,PASSENGER,FAILURE
11503,0,32,40,CARGO,FAILURE
11504,1,39,93,PASSENGER,SUCCESS
11505,1,69,12,PASSENGER,FAILURE
11506,1,31,26,CARGO,FAILURE
11507,0,63,37,CARGO,FAILURE
11508,1,55,25,CARGO,FAILURE
11509,1,32,34,PASSENGER,SUCCESS
11510,0,60,29,CARGO,FAILURE
11511,0,60,40,CARGO,FAILURE
11512,0,40,30,PASSENGER,FAILURE
11513,0,66,15,PASSENGER,FAILURE
11514,0,50,21,CARGO,FAILURE
11515,0,42,32,CARGO,SUCCESS
11516,1,69,21,CARGO,FAILURE
11517,0,31,59,PASSENGER,SUCCESS
11518,1,60,24,PASSENGER,FAILURE
11519,1,61,24,PASSENGER,FAILURE
11520,0,22,95,PASSENGER,SUCCESS
11521,0,43,44,PASSENGER,SUCCESS
11522,1,32,28,CARGO,FAILURE
11523,1,43,72,PASSENGER,SUCCESS
11524,0,49,27,PASSENGER,FAILURE
11525,0,33,39,CARGO,FAILURE
11526,0,33,35,CARGO,FAILURE
11527,1,39,35,CARGO,SUCCESS
11528,1,64,15,PASSENGER,FAILURE
11529,1,41,5,CARGO,FAILURE
11530,1,39,83,CARGO,SUCCESS
11531,1,35,99,PASSENGER,SUCCESS
11532,1,52,35,CARGO,FAILURE
11533,1,42,13,CARGO,FAILURE
11534,0,36,24,CARGO,FAILURE
11535,1,27,38,PASSENGER,SUCCESS
11536,1,29,51,PASSENGER,SUCCESS
11537,1,61,5,PASSENGER,FAILURE
11538,0,20,41,PASSENGER,SUCCESS
11539,0,56,25,CARGO,FAILURE
11540,1,59,20,PASSENGER,FAILURE
11541,1,48,5,CARGO,FAILURE
11542,0,19,81,CARGO,SUCCESS
11543,0,60,35,CARGO,FAILURE
11544,0,70,25,CARGO,FAILURE
11545,0,34,62,PASSENGER,SUCCESS
11546,1,31,28,PASSENGER,FAILURE
11547,0,34,65,PASSENGER,SUCCESS
11548,0,37,33,PASSENGER,FAILURE
11549,1,32,33,PASSENGER,SUCCESS
11550,1,46,34,CARGO,FAILURE
11551,1,68,12,CARGO,FAILURE
11552,0,33,31,PASSENGER,FAILURE
11553,0,49,26,CARGO,FAILURE
11554,1,27,44,PASSENGER,SUCCESS
11555,1,19,54,PASSENGER,SUCCESS
11556,0,25,61,PASSENGER,SUCCESS
11557,0,21,65,PASSENGER,SUCCESS
11558,0,30,14,PASSENGER,FAILURE
11559,0,25,50,PASSENGER,SUCCESS
11560,0,58,35,PASSENGER,FAILURE
11561,1,65,34,CARGO,FAILURE
11562,0,44,36,PASSENGER,SUCCESS
11563,1,52,39,CARGO,FAILURE
11564,0,41,32,CARGO,FAILURE
11565,0,45,7,CARGO,FAILURE
11566,0,49,11,CARGO,FAILURE
11567,1,35,33,CARGO,FAILURE
11568,1,64,12,CARGO,FAILURE
11569,1,43,76,PASSENGER,SUCCESS
11570,0,31,70,PASSENGER,SUCCESS
11571,1,30,19,CARGO,FAILURE
11572,1,59,15,CARGO,FAILURE
11573,0,39,31,PASSENGER,SUCCESS
11574,1,68,36,CARGO,FAILURE
11575,0,60,28,CARGO,FAILURE
11576,1,49,25,CARGO,FAILURE
11577,0,61,20,PASSENGER,FAILURE
11578,0,33,53,PASSENGER,SUCCESS
11579,0,35,30,CARGO,SUCCESS
11580,0,56,20,CARGO,FAILURE
11581,1,45,15,PASSENGER,FAILURE
11582,0,18,58,CARGO,SUCCESS
11583,1,63,33,PASSENGER,FAILURE
11584,1,52,18,PASSENGER,FAILURE
11585,1,32,72,PASSENGER,SUCCESS
11586,1,44,11,PASSENGER,FAILURE
11587,0,31,32,CARGO,FAILURE
11588,0,44,70,CARGO,SUCCESS
11589,1,57,26,CARGO,FAILURE
11590,1,25,33,PASSENGER,SUCCESS
11591,1,36,100,PASSENGER,SUCCESS
11592,0,22,52,PASSENGER,SUCCESS
11593,0,51,7,CARGO,FAILURE
11594,0,39,71,PASSENGER,SUCCESS
11595,0,51,37,PASSENGER,FAILURE
11596,0,41,34,CARGO,SUCCESS
11597,0,34,30,CARGO,FAILURE
11598,1,36,35,CARGO,FAILURE
11599,0,43,35,PASSENGER,SUCCESS
11600,0,42,26,PASSENGER,FAILURE
11601,0,30,7,CARGO,FAILURE
11602,0,51,11,PASSENGER,FAILURE
11603,1,63,34,PASSENGER,FAILURE
11604,0,66,36,CARGO,FAILURE
11605,0,58,28,PASSENGER,FAILURE
11606,1,36,22,PASSENGER,FAILURE
11607,1,57,20,PASSENGER,FAILURE
11608,0,33,22,PASSENGER,FAILURE
11609,0,37,11,CARGO,FAILURE
11610,0,67,23,CARGO,FAILURE
11611,1,44,48,CARGO,SUCCESS
11612,0,37,6,PASSENGER,FAILURE
11613,0,32,85,PASSENGER,SUCCESS
11614,1,52,16,PASSENGER,FAILURE
11615,1,20,100,CARGO,SUCCESS
11616,1,48,13,PASSENGER,FAILURE
11617,1,45,60,PASSENGER,SUCCESS
11618,0,32,72,PASSENGER,SUCCESS
11619,1,18,58,PASSENGER,SUCCESS
11620,0,52,11,CARGO,FAILURE
11621,1,42,72,PASSENGER,SUCCESS
11622,0,23,45,PASSENGER,SUCCESS
11623,0,69,34,PASSENGER,FAILURE
11624,0,42,93,CARGO,SUCCESS
11625,1,46,32,CARGO,FAILURE
11626,1,53,26,CARGO,FAILURE
11627,0,41,74,PASSENGER,SUCCESS
11628,0,49,24,PASSENGER,FAILURE
11629,1,45,17,PASSENGER,FAILURE
11630,1,49,30,PASSENGER,FAILURE
11631,1,42,40,PASSENGER,FAILURE
11632,0,34,38,PASSENGER,SUCCESS
11633,1,59,14,CARGO,FAILURE
11634,0,42,34,CARGO,FAILURE
11635,0,37,5,CARGO,FAILURE
11636,1,43,65,PASSENGER,SUCCESS
11637,0,62,9,CARGO,SUCCESS
11638,0,54,34,CARGO,SUCCESS
11639,1,33,98,PASSENGER,SUCCESS
11640,1,44,62,PASSENGER,SUCCESS
11641,1,29,51,PASSENGER,SUCCESS
11642,1,26,52,PASSENGER,SUCCESS
11643,0,20,61,PASSENGER,SUCCESS
11644,0,65,25,PASSENGER,SUCCESS
11645,1,32,62,PASSENGER,SUCCESS
11646,1,46,18,CARGO,SUCCESS
11647,1,64,30,PASSENGER,SUCCESS
11648,1,56,36,CARGO,SUCCESS
11649,1,30,5,PASSENGER,SUCCESS
11650,1,55,9,CARGO,FAILURE
11651,0,55,9,CARGO,FAILURE
11652,1,40,10,PASSENGER,FAILURE
11653,1,36,87,CARGO,SUCCESS
11654,1,54,31,PASSENGER,FAILURE
11655,1,30,15,CARGO,FAILURE
11656,0,27,71,PASSENGER,SUCCESS
11657,0,38,33,CARGO,FAILURE
11658,0,34,6,CARGO,FAILURE
11659,0,33,5,PASSENGER,FAILURE
11660,0,31,24,CARGO,FAILURE
11661,0,38,97,PASSENGER,SUCCESS
11662,1,58,23,CARGO,FAILURE
11663,0,20,32,PASSENGER,SUCCESS
11664,0,55,6,CARGO,FAILURE
11665,0,48,7,CARGO,FAILURE
11666,0,24,62,PASSENGER,SUCCESS
11667,1,43,83,PASSENGER,SUCCESS
11668,1,34,35,CARGO,FAILURE
11669,1,70,12,CARGO,FAILURE
11670,1,38,89,PASSENGER,SUCCESS
11671,0,44,68,PASSENGER,SUCCESS
11672,1,30,36,PASSENGER,FAILURE
11673,0,40,17,PASSENGER,FAILURE
11674,0,70,20,CARGO,FAILURE
11675,1,32,12,CARGO,FAILURE
11676,0,31,45,PASSENGER,SUCCESS
11677,0,32,76,PASSENGER,SUCCESS
11678,1,34,8,CARGO,FAILURE
11679,1,62,38,CARGO,FAILURE
11680,0,32,21,CARGO,FAILURE
11681,1,37,19,PASSENGER,FAILURE
11682,0,56,31,CARGO,FAILURE
11683,0,35,92,CARGO,SUCCESS
11684,0,45,35,PASSENGER,SUCCESS
11685,0,32,39,CARGO,FAILURE
11686,0,51,30,CARGO,FAILURE
11687,0,20,98,CARGO,SUCCESS
11688,1,44,55,PASSENGER,SUCCESS
11689,1,36,15,PASSENGER,FAILURE
11690,0,52,14,CARGO,FAILURE
11691,1,41,16,CARGO,FAILURE
11692,0,54,35,CARGO,FAILURE
11693,1,30,32,PASSENGER,FAILURE
11694,1,45,74,PASSENGER,SUCCESS
11695,0,66,21,CARGO,FAILURE
11696,0,30,34,CARGO,SUCCESS
11697,0,32,25,PASSENGER,FAILURE
11698,1,58,9,CARGO,FAILURE
11699,1,34,36,PASSENGER,SUCCESS
11700,0,53,39,CARGO,FAILURE
11701,0,58,33,PASSENGER,FAILURE
11702,0,45,91,CARGO,SUCCESS
11703,0,33,43,PASSENGER,SUCCESS
11704,1,36,42,PASSENGER,SUCCESS
11705,1,65,6,CARGO,FAILURE
11706,0,22,84,CARGO,SUCCESS
11707,1,60,10,PASSENGER,FAILURE
11708,1,58,27,PASSENGER,FAILURE
11709,0,68,31,CARGO,FAILURE
11710,0,54,18,PASSENGER,FAILURE
11711,0,39,36,CARGO,SUCCESS
11712,0,51,7,PASSENGER,FAILURE
11713,0,33,89,CARGO,SUCCESS
11714,1,32,43,PASSENGER,SUCCESS
11715,1,70,35,CARGO,FAILURE
11716,0,42,28,PASSENGER,FAILURE
11717,0,35,45,PASSENGER,SUCCESS
11718,1,42,48,PASSENGER,SUCCESS
11719,0,40,16,CARGO,FAILURE
11720,0,53,15,PASSENGER,FAILURE
11721,1,65,39,PASSENGER,FAILURE
11722,0,43,27,PASSENGER,FAILURE
11723,0,53,11,PASSENGER,FAILURE
11724,0,69,32,CARGO,FAILURE
11725,0,45,85,CARGO,SUCCESS
11726,1,36,20,CARGO,FAILURE
11727,0,67,15,PASSENGER,FAILURE
11728,0,43,34,PASSENGER,SUCCESS
11729,1,30,12,CARGO,FAILURE
11730,0,41,52,PASSENGER,SUCCESS
11731,1,44,39,CARGO,SUCCESS
11732,0,66,18,CARGO,FAILURE
11733,1,65,7,CARGO,FAILURE
11734,0,49,27,PASSENGER,FAILURE
11735,0,34,40,PASSENGER,FAILURE
11736,0,65,13,PASSENGER,FAILURE
11737,1,31,42,CARGO,SUCCESS
11738,0,20,89,PASSENGER,SUCCESS
11739,1,21,97,PASSENGER,SUCCESS
11740,1,56,7,PASSENGER,FAILURE
11741,0,60,32,CARGO,FAILURE
11742,1,36,21,CARGO,FAILURE
11743,0,40,51,PASSENGER,SUCCESS
11744,1,59,16,CARGO,FAILURE
11745,0,25,73,PASSENGER,SUCCESS
11746,1,31,52,PASSENGER,SUCCESS
11747,0,40,39,CARGO,FAILURE
11748,1,45,79,PASSENGER,SUCCESS
11749,0,58,26,PASSENGER,FAILURE
11750,0,68,12,CARGO,FAILURE
11751,1,30,40,PASSENGER,FAILURE
11752,1,20,36,PASSENGER,SUCCESS
11753,1,49,7,PASSENGER,FAILURE
11754,0,30,38,PASSENGER,SUCCESS
11755,0,31,33,CARGO,FAILURE
11756,1,26,93,PASSENGER,SUCCESS
11757,1,40,53,PASSENGER,SUCCESS
11758,0,70,16,CARGO,FAILURE
11759,0,19,88,CARGO,SUCCESS
11760,1,38,84,PASSENGER,SUCCESS
11761,0,21,88,PASSENGER,SUCCESS
11762,1,27,34,PASSENGER,SUCCESS
11763,1,20,38,PASSENGER,SUCCESS
11764,0,43,54,PASSENGER,SUCCESS
11765,0,19,65,PASSENGER,SUCCESS
11766,0,37,100,PASSENGER,SUCCESS
11767,1,60,13,CARGO,FAILURE
11768,0,65,33,PASSENGER,FAILURE
11769,0,27,84,CARGO,SUCCESS
11770,0,42,28,PASSENGER,FAILURE
11771,0,40,7,PASSENGER,FAILURE
11772,1,20,62,PASSENGER,SUCCESS
11773,1,65,36,CARGO,FAILURE
11774,1,57,29,CARGO,FAILURE
11775,1,40,43,PASSENGER,SUCCESS
11776,1,32,46,PASSENGER,SUCCESS
11777,0,48,18,CARGO,FAILURE
11778,0,42,35,PASSENGER,FAILURE
11779,0,60,15,PASSENGER,FAILURE
11780,0,36,35,PASSENGER,FAILURE
11781,0,57,21,CARGO,FAILURE
11782,0,53,40,CARGO,FAILURE
11783,0,35,97,PASSENGER,SUCCESS
11784,0,41,85,PASSENGER,SUCCESS
11785,1,31,20,CARGO,FAILURE
11786,0,48,18,PASSENGER,FAILURE
11787,0,41,37,PASSENGER,SUCCESS
11788,0,36,39,CARGO,FAILURE
11789,1,35,82,PASSENGER,SUCCESS
11790,1,50,26,CARGO,FAILURE
11791,0,58,19,CARGO,FAILURE
11792,0,57,17,PASSENGER,FAILURE
11793,0,29,65,PASSENGER,SUCCESS
11794,1,33,66,PASSENGER,SUCCESS
11795,0,61,36,CARGO,FAILURE
11796,1,45,76,PASSENGER,SUCCESS
11797,0,29,65,PASSENGER,SUCCESS
11798,1,34,38,PASSENGER,FAILURE
11799,1,40,58,PASSENGER,FAILURE
11800,0,70,30,PASSENGER,SUCCESS
11801,0,62,22,CARGO,FAILURE
11802,0,37,29,CARGO,SUCCESS
11803,0,55,6,CARGO,FAILURE
11804,0,32,19,CARGO,FAILURE
11805,1,23,64,PASSENGER,SUCCESS
