rho,V,W,CL,TR,PR,RC
1.225,10,50000,17.3686,48974.64,489746.39,6.3243
1.225,20,50000,4.3422,12589.11,251782.19,27.2028
1.225,30,50000,1.9298,6260.47,187814.13,44.6013
1.225,40,50000,1.0855,4529.08,181163.1,60.8535
1.225,50,50000,0.6947,4258.3,212915.04,76.3377
1.225,60,50000,0.4825,4674.17,280450.06,91.1062
1.225,70,50000,0.3545,5511.48,385803.77,105.1183
1.225,80,50000,0.2714,6659.47,532757.55,118.2984
1.225,90,50000,0.2144,8065.21,725868.71,130.5554
1.225,100,50000,0.1737,9700.83,970082.52,141.7903
1.225,110,50000,0.1435,11550.51,1270555.85,151.9001
1.225,120,50000,0.1206,13604.74,1632569.03,160.779
1.225,130,50000,0.1028,15857.53,2061478.34,168.32
1.225,140,50000,0.0886,18304.92,2562688.88,174.415
1.225,150,50000,0.0772,20944.26,3141638.35,178.9552
1.225,160,50000,0.0678,23773.67,3803786.77,181.8315
1.225,170,50000,0.0601,26791.82,4554610.02,182.9342
1.225,180,50000,0.0536,29997.75,5399595.35,182.1537
1.225,190,50000,0.0481,33390.73,6344238.44,179.38
1.225,200,50000,0.0434,36970.21,7394041.26,174.5032
1.225,210,50000,0.0394,40735.76,8554510.59,167.413
1.225,220,50000,0.0359,44687.08,9831156.93,157.9993
1.225,230,50000,0.0328,48823.89,11229493.67,146.1517
1.225,240,50000,0.0302,53145.99,12755036.52,131.7601
1.225,250,50000,0.0278,57653.21,14413303.01,114.7139
1.225,260,50000,0.0257,62345.43,16209812.17,94.903
1.225,270,50000,0.0238,67222.53,18150084.24,72.2167
1.225,280,50000,0.0222,72284.43,20239640.44,46.5448
1.225,290,50000,0.0207,77531.04,22484002.84,17.7767
1.225,300,50000,0.0193,82962.31,24888694.17,-14.1979
1.225,310,50000,0.0181,88578.19,27459237.75,-49.4896
1.225,320,50000,0.017,94378.62,30201157.39,-88.2087
1.225,330,50000,0.0159,100363.57,33119977.28,-130.4659
1.225,340,50000,0.015,106533.01,36221222.01,-176.3716
1.225,350,50000,0.0142,112886.9,39510416.43,-226.0363
1.225,360,50000,0.0134,119425.24,42993085.68,-279.5705
1.225,370,50000,0.0127,126147.99,46674755.09,-337.0847
1.225,380,50000,0.012,133055.13,50560950.22,-398.6894
1.225,390,50000,0.0114,140146.66,54657196.78,-464.4951
1.225,10,60000,20.8424,70482.95,704829.47,1.6855
1.225,20,60000,5.2106,17966.19,359323.74,20.8766
1.225,30,60000,2.3158,8650.28,259508.49,35.9729
1.225,40,60000,1.3026,5873.35,234933.87,49.8151
1.225,50,60000,0.8337,5118.63,255931.65,62.8978
1.225,60,60000,0.579,5271.62,316297.25,75.3244
1.225,70,60000,0.4254,5950.43,416529.92,87.0865
1.225,80,60000,0.3257,6995.54,559642.93,98.134
1.225,90,60000,0.2573,8330.74,749766.83,108.3979
1.225,100,60000,0.2084,9915.91,991590.83,117.8002
1.225,110,60000,0.1723,11728.26,1290108.86,126.2575
1.225,120,60000,0.1447,13754.11,1650492.62,133.6838
1.225,130,60000,0.1233,15984.79,2078023.19,139.9909
1.225,140,60000,0.1063,18414.66,2578051.96,145.0898
1.225,150,60000,0.0926,21039.85,3155977.22,148.8904
1.225,160,60000,0.0814,23857.68,3817229.47,151.3022
1.225,170,60000,0.0721,26866.25,4567261.97,152.2343
1.225,180,60000,0.0643,30064.14,5411544.42,151.5956
1.225,190,60000,0.0577,33450.31,6355558.6,149.2947
1.225,200,60000,0.0521,37023.98,7404795.41,145.2401
1.225,210,60000,0.0473,40784.54,8564752.64,139.3401
1.225,220,60000,0.0431,44731.52,9840933.43,131.5031
1.225,230,60000,0.0394,48864.54,11238845.11,121.6372
1.225,240,60000,0.0362,53183.33,12763998.31,109.6507
1.225,250,60000,0.0333,57687.63,14421906.33,95.4516
1.225,260,60000,0.0308,62377.25,16218084.6,78.9479
1.225,270,60000,0.0286,67252.04,18158050.28,60.0478
1.225,280,60000,0.0266,72311.86,20247321.98,38.6593
1.225,290,60000,0.0248,77556.62,22491419.5,14.6903
1.225,300,60000,0.0232,82986.21,24895863.61,-11.9511
1.225,310,60000,0.0217,88600.57,27466175.92,-41.3569
1.225,320,60000,0.0204,94399.62,30207878.73,-73.6193
1.225,330,60000,0.0191,100383.32,33126494.95,-108.8302
1.225,340,60000,0.018,106551.61,36227547.98,-147.0818
1.225,350,60000,0.017,112904.46,39516561.66,-188.466
1.225,360,60000,0.0161,119441.83,42999060.21,-233.075
1.225,370,60000,0.0152,126163.7,46680568.15,-281.0008
1.225,380,60000,0.0144,133070.03,50566610.3,-332.3355
1.225,390,60000,0.0137,140160.8,54662711.73,-387.1712
1.225,10,70000,24.3161,95901.86,959018.57,-2.1866
1.225,20,70000,6.079,24320.91,486418.28,16.0786
1.225,30,70000,2.7018,11474.61,344238.19,29.6235
1.225,40,70000,1.5198,7462.03,298481.14,41.7908
1.225,50,70000,0.9726,6135.39,306769.47,53.1862
1.225,60,70000,0.6754,5977.7,358662.09,63.9585
1.225,70,70000,0.4962,6469.18,452842.65,74.1268
1.225,80,70000,0.3799,7392.71,591416.57,83.6609
1.225,90,70000,0.3002,8644.56,778010.06,92.509
1.225,100,70000,0.2432,10170.1,1017009.74,100.6084
1.225,110,70000,0.201,11938.34,1313216.96,107.8906
1.225,120,70000,0.1689,13930.63,1671675.05,114.2835
1.225,130,70000,0.1439,16135.2,2097576.2,119.7129
1.225,140,70000,0.1241,18544.35,2596208.33,124.1033
1.225,150,70000,0.1081,21152.82,3172923.16,127.3782
1.225,160,70000,0.095,23956.98,3833116.29,129.4606
1.225,170,70000,0.0841,26954.2,4582214.27,130.2729
1.225,180,70000,0.075,30142.59,5425666.03,129.7373
1.225,190,70000,0.0674,33520.72,6368936.98,127.7758
1.225,200,70000,0.0608,37087.52,7417504.87,124.3099
1.225,210,70000,0.0551,40842.18,8576856.88,119.2615
1.225,220,70000,0.0502,44784.03,9852487.48,112.5519
1.225,230,70000,0.046,48912.59,11249896.81,104.1026
1.225,240,70000,0.0422,53227.46,12774589.52,93.835
1.225,250,70000,0.0389,57728.3,14432073.89,81.6704
1.225,260,70000,0.036,62414.85,16227861.1,67.53
1.225,270,70000,0.0334,67286.91,18167464.69,51.3351
1.225,280,70000,0.031,72344.29,20256400.16,33.0069
1.225,290,70000,0.0289,77586.84,22500184.64,12.4665
1.225,300,70000,0.027,83014.46,24904336.58,-10.3648
1.225,310,70000,0.0253,88627.02,27474375.57,-35.5659
1.225,320,70000,0.0237,94424.44,30215822.14,-63.2157
1.225,330,70000,0.0223,100406.66,33134197.65,-93.3931
1.225,340,70000,0.021,106573.6,36235024.13,-126.1769
1.225,350,70000,0.0198,112925.21,39523824.21,-161.6461
1.225,360,70000,0.0188,119461.45,43006121.02,-199.8794
1.225,370,70000,0.0178,126182.27,46687438.12,-240.956
1.225,380,70000,0.0168,133087.63,50573299.49,-284.9546
1.225,390,70000,0.016,140177.51,54669229.4,-331.9541
1.225,10,80000,27.7898,125231.37,1252313.68,-5.5794
1.225,20,80000,6.9475,31653.29,633065.84,12.2357
1.225,30,80000,3.0878,14733.44,442003.23,24.6985
1.225,40,80000,1.7369,9295.12,371804.92,35.6504
1.225,50,80000,1.1116,7308.57,365428.5,45.8046
1.225,60,80000,0.7719,6792.41,407544.61,55.3527
1.225,70,80000,0.5671,7067.74,494741.95,64.3372
1.225,80,80000,0.4342,7850.98,628078.46,72.745
1.225,90,80000,0.3431,9006.65,810598.41,80.538
1.225,100,80000,0.2779,10463.39,1046339.25,87.6658
1.225,110,80000,0.2297,12180.73,1339880.15,94.071
1.225,120,80000,0.193,14134.3,1696116.31,99.6925
1.225,130,80000,0.1644,16308.75,2120137.36,104.4668
1.225,140,80000,0.1418,18693.99,2617157.98,108.3285
1.225,150,80000,0.1235,21283.17,3192476.17,111.2115
1.225,160,80000,0.1086,24071.55,3851447.23,113.0489
1.225,170,80000,0.0962,27055.69,4599466.92,113.7732
1.225,180,80000,0.0858,30233.11,5441960.2,113.3165
1.225,190,80000,0.077,33601.97,6384373.56,111.6108
1.225,200,80000,0.0695,37160.85,7432169.62,108.5879
1.225,210,80000,0.063,40908.68,8590823.32,104.1792
1.225,220,80000,0.0574,44844.63,9865819.08,98.3163
1.225,230,80000,0.0525,48968.04,11262648.77,90.9304
1.225,240,80000,0.0482,53278.38,12786810.15,81.9529
1.225,250,80000,0.0445,57775.22,14443805.7,71.3149
1.225,260,80000,0.0411,62458.24,16239141.68,58.9477
1.225,270,80000,0.0381,67327.14,18178327.47,44.7824
1.225,280,80000,0.0354,72381.7,20266874.99,28.7501
1.225,290,80000,0.033,77621.72,22510298.26,10.7818
1.225,300,80000,0.0309,83047.04,24914113.08,-9.1914
1.225,310,80000,0.0289,88657.54,27483836.7,-31.2385
1.225,320,80000,0.0271,94453.09,30224987.62,-55.4283
1.225,330,80000,0.0255,100433.59,33143085.38,-81.8301
1.225,340,80000,0.024,106598.97,36243650.46,-110.5126
1.225,350,80000,0.0227,112949.15,39532204.07,-141.5451
1.225,360,80000,0.0214,119484.08,43014268.1,-174.9964
1.225,370,80000,0.0203,126203.69,46695365.02,-210.9356
1.225,380,80000,0.0192,133107.94,50581017.78,-249.4317
1.225,390,80000,0.0183,140196.79,54676749.79,-290.5539
1.225,10,90000,31.2636,158471.48,1584714.81,-8.6528
1.225,20,90000,7.8159,39963.32,799266.4,9.0295
1.225,30,90000,3.4737,18426.79,552803.6,20.7231
1.225,40,90000,1.954,11372.63,454905.2,30.7659
1.225,50,90000,1.2505,8638.17,431908.72,39.9766
1.225,60,90000,0.8684,7715.75,462944.8,48.5868
1.225,70,90000,0.638,7746.11,542227.83,56.661
1.225,80,90000,0.4885,8370.36,669628.6,64.2006
1.225,90,90000,0.386,9417.02,847531.87,71.179
1.225,100,90000,0.3126,10795.79,1079579.36,77.5558
1.225,110,90000,0.2584,12455.44,1370098.44,83.2829
1.225,120,90000,0.2171,14365.14,1723816.4,88.3078
1.225,130,90000,0.185,16505.44,2145706.68,92.5753
1.225,140,90000,0.1595,18863.58,2640900.91,96.0282
1.225,150,90000,0.1389,21430.91,3214636.24,98.6085
1.225,160,90000,0.1221,24201.39,3872222.3,100.2571
1.225,170,90000,0.1082,27170.71,4619019.93,100.9144
1.225,180,90000,0.0965,30335.71,5460426.93,100.5206
1.225,190,90000,0.0866,33694.04,6401868.36,99.0152
1.225,200,90000,0.0782,37243.95,7448789.68,96.3379
1.225,210,90000,0.0709,40984.06,8606651.94,92.4279
1.225,220,90000,0.0646,44913.31,9880928.22,87.2244
1.225,230,90000,0.0591,49030.87,11277100.99,80.6664
1.225,240,90000,0.0543,53336.08,12800660.2,72.6931
1.225,250,90000,0.05,57828.41,14457101.74,63.2433
1.225,260,90000,0.0462,62507.41,16251926.34,52.2559
1.225,270,90000,0.0429,67372.74,18190638.62,39.6698
1.225,280,90000,0.0399,72424.09,20278746.46,25.4237
1.225,290,90000,0.0372,77661.24,22521760.37,9.4564
1.225,300,90000,0.0347,83083.98,24925193.12,-8.2933
1.225,310,90000,0.0325,88692.13,27494559.32,-27.8867
1.225,320,90000,0.0305,94485.55,30235375.15,-49.3851
1.225,330,90000,0.0287,100464.12,33153158.15,-72.8498
1.225,340,90000,0.027,106627.73,36253426.96,-98.3421
1.225,350,90000,0.0255,112976.29,39541701.25,-125.9233
1.225,360,90000,0.0241,119509.73,43023501.47,-155.6549
1.225,370,90000,0.0228,126227.97,46704348.83,-187.5981
1.225,380,90000,0.0217,133130.96,50589765.18,-221.8143
1.225,390,90000,0.0206,140218.65,54685272.89,-258.3648
1.225,10,100000,34.7373,195622.2,1956221.95,-11.5026
1.225,20,100000,8.6843,49251,985019.98,6.269
1.225,30,100000,3.8597,22554.64,676639.32,17.4124
1.225,40,100000,2.1711,13694.55,547781.99,26.7606
1.225,50,100000,1.3895,10124.2,506210.15,35.2359
1.225,60,100000,0.9649,8747.71,524862.66,43.109
1.225,70,100000,0.7089,8504.29,595300.28,50.4642
1.225,80,100000,0.5428,8950.84,716066.99,57.3161
1.225,90,100000,0.4289,9875.67,888810.44,63.6483
1.225,100,100000,0.3474,11167.3,1116730.08,69.4287
1.225,110,100000,0.2871,12762.47,1403871.81,74.6169
1.225,120,100000,0.2412,14623.13,1754775.33,79.1674
1.225,130,100000,0.2055,16725.26,2174284.15,83.032
1.225,140,100000,0.1772,19053.12,2667437.14,86.16
1.225,150,100000,0.1544,21596.02,3239403.38,88.5
1.225,160,100000,0.1357,24346.51,3895441.5,89.9992
1.225,170,100000,0.1202,27299.25,4640873.29,90.6045
1.225,180,100000,0.1072,30450.37,5481066.22,90.2621
1.225,190,100000,0.0962,33796.95,6421421.37,88.9182
1.225,200,100000,0.0868,37336.83,7467365.04,86.5183
1.225,210,100000,0.0788,41068.3,8624342.76,83.0082
1.225,220,100000,0.0718,44990.07,9897814.91,78.3331
1.225,230,100000,0.0657,49101.1,11293253.48,72.4383
1.225,240,100000,0.0603,53400.58,12816139.66,65.269
1.225,250,100000,0.0556,57887.85,14471962.03,56.7704
1.225,260,100000,0.0514,62562.37,16266215.08,46.8874
1.225,270,100000,0.0477,67423.7,18204398.15,35.5652
1.225,280,100000,0.0443,72471.48,20292014.57,22.7487
1.225,290,100000,0.0413,77705.42,22534570.96,8.3827
1.225,300,100000,0.0386,83125.26,24937576.69,-7.5878
1.225,310,100000,0.0361,88730.79,27506543.42,-25.2178
1.225,320,100000,0.0339,94521.83,30246984.75,-44.5626
1.225,330,100000,0.0319,100498.23,33164415.94,-65.6774
1.225,340,100000,0.03,106659.86,36264353.65,-88.6171
1.225,350,100000,0.0284,113006.62,39552315.74,-113.4372
1.225,360,100000,0.0268,119538.39,43033821.11,-140.1926
1.225,370,100000,0.0254,126255.11,46714389.57,-168.9387
1.225,380,100000,0.0241,133156.69,50599541.68,-199.7306
1.225,390,100000,0.0228,140243.07,54694798.72,-232.6236
1.225,10,110000,38.211,236683.51,2366835.11,-14.1898
1.225,20,110000,9.5528,59516.33,1190326.55,3.8327
1.225,30,110000,4.2457,27117.01,813510.37,14.5852
1.225,40,110000,2.3882,16260.88,650435.28,23.3946
1.225,50,110000,1.5284,11766.66,588332.78,31.2861
1.225,60,110000,1.0614,9888.3,593298.18,38.5678
1.225,70,110000,0.7798,9342.28,653959.3,45.3433
1.225,80,110000,0.597,9592.42,767393.64,51.639
1.225,90,110000,0.4717,10382.6,934434.12,57.4473
1.225,100,110000,0.3821,11577.91,1157791.39,62.7437
1.225,110,110000,0.3158,13101.82,1441200.28,67.4942
1.225,120,110000,0.2654,14908.28,1788993.09,71.6593
1.225,130,110000,0.2261,16968.23,2205869.78,75.1965
1.225,140,110000,0.195,19262.62,2696766.65,78.0607
1.225,150,110000,0.1698,21778.52,3266777.59,80.2057
1.225,160,110000,0.1493,24506.91,3921104.82,81.5841
1.225,170,110000,0.1322,27441.34,4665027.01,82.1481
1.225,180,110000,0.1179,30577.1,5503878.06,81.8491
1.225,190,110000,0.1058,33910.7,6443032.58,80.6382
1.225,200,110000,0.0955,37439.48,7487895.7,78.4664
1.225,210,110000,0.0866,41161.41,8643895.77,75.2842
1.225,220,110000,0.0789,45074.91,9916479.14,71.0422
1.225,230,110000,0.0722,49178.72,11311106.22,65.6907
1.225,240,110000,0.0663,53471.87,12833248.55,59.1799
1.225,250,110000,0.0611,57953.55,14488386.56,51.4601
1.225,260,110000,0.0565,62623.11,16282007.89,42.4814
1.225,270,110000,0.0524,67480.02,18219606.04,32.1938
1.225,280,110000,0.0487,72523.85,20306679.33,20.5473
1.225,290,110000,0.0454,77754.24,22548730.04,7.4919
1.225,300,110000,0.0425,83170.88,24951263.8,-7.0224
1.225,310,110000,0.0398,88773.51,27519789,-23.0457
1.225,320,110000,0.0373,94561.93,30259816.41,-40.6281
1.225,330,110000,0.0351,100535.94,33176858.76,-59.8198
1.225,340,110000,0.0331,106695.38,36276430.5,-80.6708
1.225,350,110000,0.0312,113040.14,39564047.54,-103.2313
1.225,360,110000,0.0295,119570.08,43045227.03,-127.5515
1.225,370,110000,0.0279,126285.1,46725487.22,-153.6815
1.225,380,110000,0.0265,133185.12,50610347.29,-181.6715
1.225,390,110000,0.0251,140270.07,54705327.26,-211.5717
1.225,10,120000,41.6848,281655.43,2816554.28,-16.755
1.225,20,120000,10.4212,70759.31,1415186.14,1.6394
1.225,30,120000,4.6316,32113.89,963416.76,12.1205
1.225,40,120000,2.6053,19071.63,762865.07,20.5081
1.225,50,120000,1.6674,13565.53,678276.62,27.9294
1.225,60,120000,1.1579,11137.52,668251.38,34.7292
1.225,70,120000,0.8507,10260.07,718204.9,41.0293
1.225,80,120000,0.6513,10295.11,823608.54,46.8673
1.225,90,120000,0.5146,10937.81,984402.92,52.2436
1.225,100,120000,0.4168,12027.63,1202763.31,57.1403
1.225,110,120000,0.3445,13473.49,1482083.84,61.529
1.225,120,120000,0.2895,15220.58,1826469.69,65.3754
1.225,130,120000,0.2467,17234.34,2240463.56,68.6418
1.225,140,120000,0.2127,19492.07,2728889.45,71.2879
1.225,150,120000,0.1853,21978.39,3296758.87,73.272
1.225,160,120000,0.1628,24682.58,3949212.27,74.5512
1.225,170,120000,0.1442,27596.95,4691481.08,75.082
1.225,180,120000,0.1287,30715.9,5528862.46,74.8201
1.225,190,120000,0.1155,34035.27,6466702.01,73.7211
1.225,200,120000,0.1042,37551.91,7510381.65,71.7402
1.225,210,120000,0.0945,41263.39,8665310.97,68.8321
1.225,220,120000,0.0861,45167.82,9936920.92,64.9517
1.225,230,120000,0.0788,49263.74,11330659.23,60.0535
1.225,240,120000,0.0724,53549.95,12851986.85,54.0921
1.225,250,120000,0.0667,58025.5,14506375.32,47.0219
1.225,260,120000,0.0617,62689.63,16299304.78,38.7971
1.225,270,120000,0.0572,67541.71,18236262.31,29.3721
1.225,280,120000,0.0532,72581.22,20322740.72,18.7012
1.225,290,120000,0.0496,77807.72,22564237.6,6.7384
1.225,300,120000,0.0463,83220.85,24966254.44,-6.5621
1.225,310,120000,0.0434,88820.31,27534296.07,-21.2461
1.225,320,120000,0.0407,94605.84,30273870.13,-37.3596
1.225,330,120000,0.0383,100577.23,33190486.61,-54.9484
1.225,340,120000,0.0361,106734.29,36289657.54,-74.0585
1.225,350,120000,0.034,113076.85,39576896.66,-94.7358
1.225,360,120000,0.0322,119604.78,43057719.23,-117.0263
1.225,370,120000,0.0304,126317.95,46737641.79,-140.976
1.225,380,120000,0.0289,133216.27,50622182.01,-166.6309
1.225,390,120000,0.0274,140299.64,54716858.52,-194.0368
1.225,10,130000,45.1585,330537.95,3305379.47,-19.2263
1.225,20,130000,11.2896,82979.94,1659598.73,-0.3668
1.225,30,130000,5.0176,37545.28,1126358.49,9.9348
1.225,40,130000,2.8224,22126.78,885071.37,17.9905
1.225,50,130000,1.8063,15520.83,776041.65,25.0289
1.225,60,130000,1.2544,12495.37,749722.24,31.4311
1.225,70,130000,0.9216,11257.67,788037.07,37.336
1.225,80,130000,0.7056,11058.9,884711.68,42.7921
1.225,90,130000,0.5575,11541.3,1038716.83,47.8071
1.225,100,130000,0.4516,12516.46,1251645.83,52.3689
1.225,110,130000,0.3732,13877.48,1526522.5,56.4541
1.225,120,130000,0.3136,15560.04,1867205.12,60.0332
1.225,130,130000,0.2672,17523.58,2278065.5,63.0724
1.225,140,130000,0.2304,19741.47,2763805.53,65.5356
1.225,150,130000,0.2007,22195.65,3329347.22,67.385
1.225,160,130000,0.1764,24873.52,3979763.84,68.5815
1.225,170,130000,0.1563,27766.09,4720235.5,69.0853
1.225,180,130000,0.1394,30866.77,5556019.41,68.8559
1.225,190,130000,0.1251,34170.68,6492429.66,67.8524
1.225,200,130000,0.1129,37674.11,7534822.91,66.0337
1.225,210,130000,0.1024,41374.23,8688588.36,63.3582
1.225,220,130000,0.0933,45268.82,9959140.25,59.7845
1.225,230,130000,0.0854,49356.14,11351912.5,55.2705
1.225,240,130000,0.0784,53634.81,12872354.56,49.7745
1.225,250,130000,0.0723,58103.71,14525928.33,43.2544
1.225,260,130000,0.0668,62761.95,16318105.75,35.6681
1.225,270,130000,0.0619,67608.77,18254366.94,26.9735
1.225,280,130000,0.0576,72643.57,20340198.77,17.1283
1.225,290,130000,0.0537,77865.84,22581093.64,6.0904
1.225,300,130000,0.0502,83275.16,24982548.61,-6.1827
1.225,310,130000,0.047,88871.18,27550064.63,-19.7331
1.225,320,130000,0.0441,94653.58,30289145.92,-34.6033
1.225,330,130000,0.0415,100622.12,33205299.5,-50.8355
1.225,340,130000,0.0391,106776.57,36304034.75,-68.4723
1.225,350,130000,0.0369,113116.75,39590863.09,-87.5559
1.225,360,130000,0.0348,119642.49,43071297.71,-108.1288
1.225,370,130000,0.033,126353.66,46750853.28,-130.2333
1.225,380,130000,0.0313,133250.12,50635045.83,-153.912
1.225,390,130000,0.0297,140331.78,54729392.5,-179.2073
1.225,10,140000,48.6322,383331.07,3833310.67,-21.6239
1.225,20,140000,12.1581,96178.22,1923564.34,-2.226
1.225,30,140000,5.4036,43411.19,1302335.56,7.9682
1.225,40,140000,3.0395,25426.35,1017054.17,15.7628
1.225,50,140000,1.9453,17632.56,881627.89,22.4869
1.225,60,140000,1.3509,13961.85,837710.78,28.5575
1.225,70,140000,0.9925,12335.08,863455.81,34.1305
1.225,80,140000,0.7599,11883.79,950703.08,39.2641
1.225,90,140000,0.6004,12193.07,1097375.85,43.9733
1.225,100,140000,0.4863,13044.39,1304438.95,48.2512
1.225,110,140000,0.4019,14313.78,1574516.24,52.0789
1.225,120,140000,0.3377,15926.66,1911199.39,55.4309
1.225,130,140000,0.2878,17835.97,2318675.59,58.2772
1.225,140,140000,0.2481,20010.82,2801514.91,60.5852
1.225,150,140000,0.2161,22430.28,3364542.63,62.3204
1.225,160,140000,0.19,25079.75,4012759.54,63.4471
1.225,170,140000,0.1683,27948.77,4751290.27,63.9288
1.225,180,140000,0.1501,31029.72,5585348.93,63.7281
1.225,190,140000,0.1347,34316.92,6520215.51,62.8073
1.225,200,140000,0.1216,37806.1,7561219.47,61.1284
1.225,210,140000,0.1103,41493.94,8713727.94,58.6531
1.225,220,140000,0.1005,45377.9,9983137.12,55.3427
1.225,230,140000,0.0919,49455.94,11374866.03,51.1587
1.225,240,140000,0.0844,53726.47,12894351.69,46.0621
1.225,250,140000,0.0778,58188.18,14547045.58,40.014
1.225,260,140000,0.0719,62840.04,16338410.8,32.9754
1.225,270,140000,0.0667,67681.19,18273919.95,24.9071
1.225,280,140000,0.062,72710.91,20359053.45,15.7702
1.225,290,140000,0.0578,77928.61,22599298.16,5.5253
1.225,300,140000,0.054,83333.82,25000146.32,-5.8668
1.225,310,140000,0.0506,88926.11,27567094.67,-18.4452
1.225,320,140000,0.0475,94705.14,30305643.77,-32.2495
1.225,330,140000,0.0447,100670.6,33221297.41,-47.3187
1.225,340,140000,0.0421,106822.24,36319562.14,-63.6923
1.225,350,140000,0.0397,113159.85,39605946.84,-81.4096
1.225,360,140000,0.0375,119683.23,43085962.46,-100.51
1.225,370,140000,0.0355,126392.22,46765121.69,-121.0329
1.225,380,140000,0.0337,133286.68,50648938.75,-143.0176
1.225,390,140000,0.032,140366.49,54742929.2,-166.5035
1.225,10,150000,52.1059,440034.79,4400347.89,-23.9626
1.225,20,150000,13.0265,110354.15,2207082.94,-3.9678
1.225,30,150000,5.7895,49711.6,1491347.96,6.1769
1.225,40,150000,3.2566,28970.34,1158813.47,13.7668
1.225,50,150000,2.0842,19900.71,995035.34,20.2318
1.225,60,150000,1.4474,15536.95,932216.98,26.0236
1.225,70,150000,1.0634,13492.3,944461.13,31.3151
1.225,80,150000,0.8142,12769.78,1021582.74,36.174
1.225,90,150000,0.6433,12893.11,1160379.99,40.6217
1.225,100,150000,0.5211,13611.43,1361142.67,44.6564
1.225,110,150000,0.4306,14782.41,1626065.08,48.2633
1.225,120,150000,0.3618,16320.44,1958452.49,51.4205
1.225,130,150000,0.3083,18171.49,2362293.84,54.1012
1.225,140,150000,0.2658,20300.13,2842017.56,56.2761
1.225,150,150000,0.2316,22682.3,3402345.11,57.9137
1.225,160,150000,0.2035,25301.25,4048199.37,58.9811
1.225,170,150000,0.1803,28144.97,4784645.41,59.4445
1.225,180,150000,0.1608,31204.73,5616850.99,59.2695
1.225,190,150000,0.1443,34474,6550059.57,58.4212
1.225,200,150000,0.1303,37947.86,7589571.33,56.8642
1.225,210,150000,0.1182,41622.52,8740729.71,54.5629
1.225,220,150000,0.1077,45495.05,10008911.54,51.4814
1.225,230,150000,0.0985,49563.13,11399519.82,47.5837
1.225,240,150000,0.0905,53824.91,12917978.25,42.8337
1.225,250,150000,0.0834,58278.91,14569727.07,37.1952
1.225,260,150000,0.0771,62923.92,16360219.92,30.6316
1.225,270,150000,0.0715,67758.97,18294921.33,23.1067
1.225,280,150000,0.0665,72783.23,20379304.78,14.5838
1.225,290,150000,0.062,77996.04,22618851.17,5.0266
1.225,300,150000,0.0579,83396.83,25019047.56,-5.6017
1.225,310,150000,0.0542,88985.12,27585386.19,-17.3375
1.225,320,150000,0.0509,94760.51,30323363.68,-30.2176
1.225,330,150000,0.0478,100722.67,33238480.36,-44.2787
1.225,340,150000,0.0451,106871.29,36336239.7,-59.5573
1.225,350,150000,0.0425,113206.14,39622147.91,-76.0903
1.225,360,150000,0.0402,119726.98,43101713.5,-93.9144
1.225,370,150000,0.0381,126433.64,46780447.02,-113.0662
1.225,380,150000,0.0361,133325.95,50663860.79,-133.5825
1.225,390,150000,0.0343,140403.77,54757468.61,-155.5002
1.225,10,160000,55.5797,500649.11,5006491.12,-26.2533
1.225,20,160000,13.8949,125507.73,2510154.56,-5.614
1.225,30,160000,6.1755,56446.52,1693395.71,4.528
1.225,40,160000,3.4737,32758.73,1310349.28,11.9593
1.225,50,160000,2.2232,22325.28,1116263.98,18.2096
1.225,60,160000,1.5439,17220.68,1033240.85,23.7657
1.225,70,160000,1.1343,14729.33,1031053.02,28.8167
1.225,80,160000,0.8684,13716.88,1097350.64,33.4396
1.225,90,160000,0.6862,13641.44,1227729.24,37.6619
1.225,100,160000,0.5558,14217.57,1421756.99,41.4865
1.225,110,160000,0.4593,15283.35,1681169.01,44.9024
1.225,120,160000,0.386,16741.37,2008964.43,47.891
1.225,130,160000,0.3289,18530.16,2408920.24,50.4285
1.225,140,160000,0.2836,20609.38,2885313.51,52.4883
1.225,150,160000,0.247,22951.7,3442754.66,54.0415
1.225,160,160000,0.2171,25538.02,4086083.32,55.058
1.225,170,160000,0.1923,28354.71,4820300.89,55.5064
1.225,180,160000,0.1715,31391.81,5650525.62,55.3547
1.225,190,160000,0.154,34641.9,6581961.85,54.5705
1.225,200,160000,0.1389,38099.39,7619878.5,53.1208
1.225,210,160000,0.126,41759.97,8769593.67,50.9723
1.225,220,160000,0.1148,45620.29,10036463.51,48.0916
1.225,230,160000,0.1051,49677.71,11425873.87,44.445
1.225,240,160000,0.0965,53930.14,12943234.21,39.9988
1.225,250,160000,0.0889,58375.89,14593972.8,34.7189
1.225,260,160000,0.0822,63013.59,16383533.12,28.5714
1.225,270,160000,0.0762,67842.12,18317371.08,21.5222
1.225,280,160000,0.0709,72860.55,20400952.75,13.537
1.225,290,160000,0.0661,78068.11,22639752.66,4.5818
1.225,300,160000,0.0618,83464.17,25039252.33,-5.3778
1.225,310,160000,0.0578,89048.19,27604939.2,-16.3761
1.225,320,160000,0.0543,94819.71,30342305.66,-28.4474
1.225,330,160000,0.051,100778.33,33256848.34,-41.6261
1.225,340,160000,0.0481,106923.73,36354067.44,-55.9464
1.225,350,160000,0.0454,113255.62,39639466.28,-71.4429
1.225,360,160000,0.0429,119773.75,43118550.81,-88.1499
1.225,370,160000,0.0406,126477.92,46796829.27,-106.1019
1.225,380,160000,0.0385,133367.93,50679811.92,-125.3333
1.225,390,160000,0.0365,140443.62,54773010.75,-145.8786
1.225,10,170000,59.0534,565174.04,5651740.37,-28.5046
1.225,20,170000,14.7634,141638.96,2832779.19,-7.1815
1.225,30,170000,6.5615,63615.96,1908478.79,2.9965
1.225,40,170000,3.6908,36791.54,1471661.59,10.3069
1.225,50,170000,2.3621,24906.28,1245313.83,16.3793
1.225,60,170000,1.6404,19013.04,1140782.4,21.7352
1.225,70,170000,1.2052,16046.16,1123231.48,26.5793
1.225,80,170000,0.9227,14725.08,1178006.8,30.9981
1.225,90,170000,0.7291,14438.04,1299423.6,35.0248
1.225,100,170000,0.5905,14862.82,1486281.92,38.6666
1.225,110,170000,0.488,15816.62,1739828.03,41.9161
1.225,120,170000,0.4101,17189.46,2062735.2,44.7576
1.225,130,170000,0.3494,18911.96,2458554.8,47.1701
1.225,140,170000,0.3013,20938.59,2931402.74,49.1296
1.225,150,170000,0.2625,23238.48,3485771.28,50.6096
1.225,160,170000,0.2307,25790.07,4126411.4,51.5821
1.225,170,170000,0.2043,28577.98,4858256.73,52.018
1.225,180,170000,0.1823,31590.96,5686372.8,51.8877
1.225,190,170000,0.1636,34820.64,6615922.34,51.1607
1.225,200,170000,0.1476,38260.7,7652140.96,49.8062
1.225,210,170000,0.1339,41906.28,8800319.83,47.7932
1.225,220,170000,0.122,45753.6,10065793.02,45.0902
1.225,230,170000,0.1116,49799.69,11453928.19,41.6656
1.225,240,170000,0.1025,54042.16,12970119.6,37.4878
1.225,250,170000,0.0945,58479.13,14619782.77,32.5248
1.225,260,170000,0.0874,63109.04,16408350.4,26.7448
1.225,270,170000,0.081,67930.63,18341269.2,20.1156
1.225,280,170000,0.0753,72942.85,20423997.37,12.6052
1.225,290,170000,0.0702,78144.84,22662002.63,4.1814
1.225,300,170000,0.0656,83535.87,25060760.64,-5.188
1.225,310,170000,0.0614,89115.33,27625753.69,-15.5353
1.225,320,170000,0.0577,94882.72,30362469.7,-26.8926
1.225,330,170000,0.0542,100837.58,33276401.34,-39.2925
1.225,340,170000,0.0511,106979.55,36373045.36,-52.7671
1.225,350,170000,0.0482,113308.29,39657901.98,-67.3488
1.225,360,170000,0.0456,119823.54,43136474.4,-83.0701
1.225,370,170000,0.0431,126525.05,46814268.44,-99.9632
1.225,380,170000,0.0409,133412.61,50696792.17,-118.0607
1.225,390,170000,0.0388,140486.04,54789555.6,-137.3948
1.225,10,180000,62.5271,633609.56,6336095.63,-30.723
1.225,20,180000,15.6318,158747.84,3174956.82,-8.6835
1.225,30,180000,6.9475,71219.91,2136597.21,1.5627
1.225,40,180000,3.9079,41068.76,1642750.41,8.7838
1.225,50,180000,2.5011,27643.7,1382184.89,14.709
1.225,60,180000,1.7369,20914.03,1254841.61,19.894
1.225,70,180000,1.2761,17442.81,1220996.52,24.5596
1.225,80,180000,0.977,15794.39,1263551.2,28.8007
1.225,90,180000,0.7719,15282.92,1375463.07,32.6565
1.225,100,180000,0.6253,15547.17,1554717.44,36.1382
1.225,110,180000,0.5168,16382.2,1802042.15,39.2418
1.225,120,180000,0.4342,17664.71,2119764.8,41.9542
1.225,130,180000,0.37,19316.9,2511197.51,44.2571
1.225,140,180000,0.319,21287.75,2980285.26,46.1286
1.225,150,180000,0.2779,23542.63,3531394.96,47.5445
1.225,160,180000,0.2442,26057.4,4169183.6,48.4788
1.225,170,180000,0.2164,28814.78,4898512.92,48.9045
1.225,180,180000,0.193,31802.18,5724392.54,48.7938
1.225,190,180000,0.1732,35010.22,6651941.03,48.1183
1.225,200,180000,0.1563,38431.79,7686358.72,46.8491
1.225,210,180000,0.1418,42061.47,8832908.17,44.957
1.225,220,180000,0.1292,45895,10096900.07,42.4123
1.225,230,180000,0.1182,49929.06,11483682.77,39.1855
1.225,240,180000,0.1086,54160.98,12998634.4,35.2467
1.225,250,180000,0.1,58588.63,14647156.98,30.5658
1.225,260,180000,0.0925,63210.28,16434671.76,25.1127
1.225,270,180000,0.0858,68024.5,18366615.69,18.8572
1.225,280,180000,0.0798,73030.14,20448438.63,11.7691
1.225,290,180000,0.0743,78226.21,22685601.09,3.818
1.225,300,180000,0.0695,83611.91,25083572.48,-5.0265
1.225,310,180000,0.0651,89186.55,27647829.67,-14.7948
1.225,320,180000,0.0611,94949.55,30383855.8,-25.5174
1.225,330,180000,0.0574,100900.42,33297139.38,-37.2248
1.225,340,180000,0.0541,107038.75,36393173.46,-49.9474
1.225,350,180000,0.051,113364.16,39677454.98,-63.7159
1.225,360,180000,0.0482,119876.35,43155484.27,-78.5607
1.225,370,180000,0.0457,126575.04,46832764.53,-94.5125
1.225,380,180000,0.0433,133460,50714801.52,-111.6018
1.225,390,180000,0.0411,140531.03,54807103.17,-129.8592
1.225,10,190000,66.0009,705955.69,7059556.91,-32.9137
1.225,20,190000,16.5002,176834.37,3536687.46,-10.1304
1.225,30,190000,7.3334,79258.37,2377750.97,0.2112
1.225,40,190000,4.1251,45590.39,1823615.73,7.3696
1.225,50,190000,2.64,30537.54,1526877.14,13.1733
1.225,60,190000,1.8334,22923.64,1375418.49,18.2123
1.225,70,190000,1.347,18919.26,1324348.13,22.723
1.225,80,190000,1.0313,16924.8,1353983.86,26.8089
1.225,90,190000,0.8148,16176.09,1455847.66,30.5147
1.225,100,190000,0.66,16270.64,1627063.57,33.8555
1.225,110,190000,0.5455,16980.1,1867811.36,36.8303
1.225,120,190000,0.4583,18167.11,2180053.24,39.4288
1.225,130,190000,0.3905,19744.99,2566848.38,41.6349
1.225,140,190000,0.3367,21656.86,3031961.07,43.4288
1.225,150,190000,0.2933,23864.17,3579625.71,44.7883
1.225,160,190000,0.2578,26340,4214399.93,45.6893
1.225,170,190000,0.2284,29065.11,4941069.47,46.1066
1.225,180,190000,0.2037,32025.47,5764584.83,46.0142
1.225,190,190000,0.1828,35210.62,6690017.94,45.3854
1.225,200,190000,0.165,38612.66,7722531.79,44.193
1.225,210,190000,0.1497,42225.52,8867358.71,42.4095
1.225,220,190000,0.1364,46044.48,10129784.68,40.007
1.225,230,190000,0.1248,50065.82,11515137.6,36.9576
1.225,240,190000,0.1146,54286.58,13028778.62,33.233
1.225,250,190000,0.1056,58704.38,14676095.43,28.8048
1.225,260,190000,0.0976,63317.3,16462497.19,23.6445
1.225,270,190000,0.0905,68123.74,18393410.55,17.7237
1.225,280,190000,0.0842,73122.42,20474276.53,11.0137
1.225,290,190000,0.0785,78312.23,22710548.03,3.4857
1.225,300,190000,0.0733,83692.29,25107687.86,-4.8889
1.225,310,190000,0.0687,89261.83,27671167.13,-14.139
1.225,320,190000,0.0645,95020.2,30406463.97,-24.2934
1.225,330,190000,0.0606,100966.86,33319062.45,-35.381
1.225,340,190000,0.0571,107101.33,36414451.73,-47.4306
1.225,350,190000,0.0539,113423.22,39698125.31,-60.4712
1.225,360,190000,0.0509,119932.17,43175580.41,-74.5317
1.225,370,190000,0.0482,126627.89,46852317.54,-89.641
1.225,380,190000,0.0457,133510.11,50733839.97,-105.8282
1.225,390,190000,0.0434,140578.6,54825653.46,-123.1222
1.225,10,200000,69.4746,782212.42,7822124.2,-35.0808
1.225,20,200000,17.3686,195898.56,3917971.1,-11.5303
1.225,30,200000,7.7194,87731.34,2631940.07,-1.0703
1.225,40,200000,4.3422,50356.44,2014257.55,6.0479
1.225,50,200000,2.779,33587.81,1679390.6,11.752
1.225,60,200000,1.9298,25041.88,1502513.03,16.6662
1.225,70,200000,1.4178,20475.52,1433286.31,21.0422
1.225,80,200000,1.0855,18116.31,1449304.78,24.9919
1.225,90,200000,0.8577,17117.53,1540577.36,28.5653
1.225,100,200000,0.6947,17033.2,1703320.3,31.7814
1.225,110,200000,0.5742,17610.32,1937135.65,34.6421
1.225,120,200000,0.4825,18696.67,2243600.52,37.1396
1.225,130,200000,0.4111,20196.21,2625507.4,39.2599
1.225,140,200000,0.3545,22045.93,3086430.16,40.985
1.225,150,200000,0.3088,24203.09,3630463.53,42.2947
1.225,160,200000,0.2714,26637.88,4262060.39,43.1665
1.225,170,200000,0.2404,29328.98,4985926.36,43.577
1.225,180,200000,0.2144,32260.83,5806949.68,43.5017
1.225,190,200000,0.1925,35421.86,6730153.06,42.9154
1.225,200,200000,0.1737,38803.3,7760660.15,41.7927
1.225,210,200000,0.1575,42398.44,8903671.44,40.1074
1.225,220,200000,0.1435,46202.03,10164446.83,37.8334
1.225,230,200000,0.1313,50209.97,11548292.7,34.9439
1.225,240,200000,0.1206,54418.97,13060552.26,31.4124
1.225,250,200000,0.1112,58826.39,14706598.12,27.212
1.225,260,200000,0.1028,63430.1,16491826.7,22.3157
1.225,270,200000,0.0953,68228.35,18421653.79,16.6963
1.225,280,200000,0.0886,73219.68,20501511.08,10.3268
1.225,290,200000,0.0826,78402.91,22736843.46,3.18
1.225,300,200000,0.0772,83777.02,25133106.77,-4.7715
1.225,310,200000,0.0723,89341.18,27695766.07,-13.555
1.225,320,200000,0.0678,95094.67,30430294.19,-23.1979
1.225,330,200000,0.0638,101036.88,33342170.55,-33.7275
1.225,340,200000,0.0601,107167.29,36436880.18,-45.1712
1.225,350,200000,0.0567,113485.47,39719912.94,-57.5566
1.225,360,200000,0.0536,119991.01,43196762.84,-70.911
1.225,370,200000,0.0507,126683.59,46872927.46,-85.262
1.225,380,200000,0.0481,133562.91,50753907.53,-100.6371
1.225,390,200000,0.0457,140628.73,54845206.47,-117.0638
1.112,10,50000,19.1336,53933.52,539335.19,3.8456
1.112,20,50000,4.7834,13796.96,275939.28,23.7458
1.112,30,50000,2.126,6735.92,202077.7,39.8553
1.112,40,50000,1.1959,4703.58,188143.08,54.7663
1.112,50,50000,0.7653,4244.56,212227.79,68.9169
1.112,60,50000,0.5315,4506.24,270374.21,82.3862
1.112,70,50000,0.3905,5196.48,363753.26,95.1509
1.112,80,50000,0.299,6193.24,495459.06,107.1491
1.112,90,50000,0.2362,7438.23,669440.51,118.3018
1.112,100,50000,0.1913,8900.74,890073.9,128.5214
1.112,110,50000,0.1581,10563.35,1161968.6,137.7158
1.112,120,50000,0.1329,12415.58,1489869.99,145.79
1.112,130,50000,0.1132,14450.82,1878607.13,152.6476
1.112,140,50000,0.0976,16664.73,2333062.87,158.1907
1.112,150,50000,0.085,19054.37,2858155.93,162.3212
1.112,160,50000,0.0747,21617.69,3458829.69,164.94
1.112,170,50000,0.0662,24353.21,4140044.92,165.948
1.112,180,50000,0.0591,27259.86,4906774.98,165.2456
1.112,190,50000,0.053,30336.86,5764002.47,162.7334
1.112,200,50000,0.0478,33583.58,6716716.95,158.3114
1.112,210,50000,0.0434,36999.59,7769913.27,151.8797
1.112,220,50000,0.0395,40584.5,8928590.38,143.3385
1.112,230,50000,0.0362,44338.05,10197750.41,132.5876
1.112,240,50000,0.0332,48259.99,11582398.03,119.5269
1.112,250,50000,0.0306,52350.16,13087539.96,104.0564
1.112,260,50000,0.0283,56608.4,14718184.52,86.0757
1.112,270,50000,0.0262,61034.6,16479341.4,65.4849
1.112,280,50000,0.0244,65628.65,18376021.35,42.1836
1.112,290,50000,0.0228,70390.47,20413236.07,16.0716
1.112,300,50000,0.0213,75319.99,22595997.97,-12.9514
1.112,310,50000,0.0199,80417.16,24929320.12,-44.9855
1.112,320,50000,0.0187,85681.93,27418216.12,-80.1312
1.112,330,50000,0.0176,91114.24,30067700.04,-118.4886
1.112,340,50000,0.0166,96714.08,32882786.3,-160.158
1.112,350,50000,0.0156,102481.4,35868489.68,-205.2398
1.112,360,50000,0.0148,108416.18,39029825.25,-253.8342
1.112,370,50000,0.014,114518.4,42371808.3,-306.0416
1.112,380,50000,0.0133,120788.04,45899454.35,-361.9622
1.112,390,50000,0.0126,127225.07,49617779.12,-421.6964
1.112,10,60000,22.9604,77627.47,776274.74,-0.7443
1.112,20,60000,5.7401,19720.45,394409.05,17.8137
1.112,30,60000,2.5512,9368.59,281057.55,31.8964
1.112,40,60000,1.435,6184.45,247377.97,44.6513
1.112,50,60000,0.9184,5192.31,259615.7,56.6409
1.112,60,60000,0.6378,5164.4,309864.14,67.997
1.112,70,60000,0.4686,5680.03,397601.76,78.7283
1.112,80,60000,0.3588,6563.46,525076.5,88.7973
1.112,90,60000,0.2835,7730.75,695767.13,98.146
1.112,100,60000,0.2296,9137.68,913767.85,106.7063
1.112,110,60000,0.1898,10759.17,1183508.55,114.4041
1.112,120,60000,0.1594,12580.12,1509614.95,121.1626
1.112,130,60000,0.1359,14591.02,1896833.24,126.9025
1.112,140,60000,0.1171,16785.62,2349987.12,131.5436
1.112,150,60000,0.102,19159.68,2873951.9,135.0044
1.112,160,60000,0.0897,21710.24,3473638.41,137.2032
1.112,170,60000,0.0794,24435.19,4153982.54,138.0577
1.112,180,60000,0.0709,27332.99,4919938.29,137.4853
1.112,190,60000,0.0636,30402.49,5776472.97,135.4033
1.112,200,60000,0.0574,33642.82,6728563.93,131.7287
1.112,210,60000,0.0521,37053.31,7781196.11,126.3784
1.112,220,60000,0.0474,40633.46,8939360.36,119.2692
1.112,230,60000,0.0434,44382.84,10208052.13,110.3179
1.112,240,60000,0.0399,48301.13,11592270.51,99.4412
1.112,250,60000,0.0367,52388.07,13097017.54,86.5557
1.112,260,60000,0.034,56643.45,14727297.58,71.5779
1.112,270,60000,0.0315,61067.1,16488116.94,54.4245
1.112,280,60000,0.0293,65658.87,18384483.48,35.0119
1.112,290,60000,0.0273,70418.64,20421406.4,13.2568
1.112,300,60000,0.0255,75346.32,22603895.95,-10.9244
1.112,310,60000,0.0239,80441.82,24936963.33,-37.6153
1.112,320,60000,0.0224,85705.06,27425620.49,-66.8994
1.112,330,60000,0.0211,91136,30074880.02,-98.8601
1.112,340,60000,0.0199,96734.57,32889755.11,-133.5811
1.112,350,60000,0.0187,102500.74,35875259.39,-171.146
1.112,360,60000,0.0177,108434.46,39036406.9,-211.6382
1.112,370,60000,0.0168,114535.71,42378212.07,-255.1414
1.112,380,60000,0.0159,120804.45,45905689.6,-301.7391
1.112,390,60000,0.0151,127240.65,49623854.49,-351.5149
1.112,10,70000,26.7871,105629.42,1056294.21,-4.6383
1.112,20,70000,6.6968,26720.94,534418.78,13.2687
1.112,30,70000,2.9763,12479.91,374397.38,26.0064
1.112,40,70000,1.6742,7934.57,317382.83,37.2725
1.112,50,70000,1.0715,6312.39,315619.6,47.7493
1.112,60,70000,0.7441,5942.23,356534.05,57.6165
1.112,70,70000,0.5467,6251.49,437604.54,66.9099
1.112,80,70000,0.4185,7000.99,560078.94,75.6119
1.112,90,70000,0.3307,8076.45,726880.41,83.6807
1.112,100,70000,0.2679,9417.7,941769.8,91.0625
1.112,110,70000,0.2214,10990.59,1208964.87,97.697
1.112,120,70000,0.186,12774.58,1532949.9,103.5203
1.112,130,70000,0.1585,14756.72,1918373.2,108.4659
1.112,140,70000,0.1367,16928.49,2369988.51,112.4659
1.112,150,70000,0.1191,19284.13,2892619.87,115.4514
1.112,160,70000,0.1046,21819.62,3491139.63,117.3527
1.112,170,70000,0.0927,24532.08,4170454.28,118.0998
1.112,180,70000,0.0827,27419.42,4935494.92,117.6223
1.112,190,70000,0.0742,30480.06,5791210.84,115.8494
1.112,200,70000,0.067,33712.82,6742564.9,112.7103
1.112,210,70000,0.0607,37116.81,7794530.37,108.1339
1.112,220,70000,0.0553,40691.31,8952088.51,102.0489
1.112,230,70000,0.0506,44435.77,10220226.89,94.3843
1.112,240,70000,0.0465,48349.74,11603937.99,85.0686
1.112,250,70000,0.0429,52432.87,13108218.32,74.0306
1.112,260,70000,0.0396,56684.88,14738067.56,61.1986
1.112,270,70000,0.0367,61105.51,16498488.03,46.5014
1.112,280,70000,0.0342,65694.59,18394484.18,29.8674
1.112,290,70000,0.0319,70451.94,20431062.24,11.225
1.112,300,70000,0.0298,75377.43,22613229.93,-9.4972
1.112,310,70000,0.0279,80470.96,24945996.22,-32.3708
1.112,320,70000,0.0262,85732.41,27434371.09,-57.4673
1.112,330,70000,0.0246,91161.71,30083365.46,-84.8585
1.112,340,70000,0.0232,96758.8,32897990.98,-114.6158
1.112,350,70000,0.0219,102523.6,35883259.94,-146.8108
1.112,360,70000,0.0207,108456.07,39044185.22,-181.5153
1.112,370,70000,0.0196,114556.16,42385780.16,-218.8007
1.112,380,70000,0.0186,120823.84,45913058.54,-258.7388
1.112,390,70000,0.0176,127259.06,49631034.48,-301.4011
1.112,10,80000,30.6138,137939.36,1379393.59,-8.0972
1.112,20,80000,7.6535,34798.42,695968.47,9.5908
1.112,30,80000,3.4015,16069.91,482097.17,21.4093
1.112,40,80000,1.9134,9953.94,398157.68,31.6037
1.112,50,80000,1.2246,7604.79,380239.47,40.9729
1.112,60,80000,0.8504,6839.73,410383.94,49.7413
1.112,70,80000,0.6248,6910.88,483761.6,57.9692
1.112,80,80000,0.4783,7505.83,600466.36,65.6556
1.112,90,80000,0.3779,8475.34,762780.34,72.7719
1.112,100,80000,0.3061,9740.8,974079.74,79.2758
1.112,110,80000,0.253,11257.61,1238337.54,85.1177
1.112,120,80000,0.2126,12998.96,1559874.85,90.2437
1.112,130,80000,0.1811,14947.9,1943227,94.597
1.112,140,80000,0.1562,17093.34,2393067.04,98.1192
1.112,150,80000,0.1361,19427.73,2914159.82,100.7507
1.112,160,80000,0.1196,21945.83,3511333.34,102.4312
1.112,170,80000,0.1059,24643.88,4189460.12,103.0998
1.112,180,80000,0.0945,27519.14,4953444.89,102.6952
1.112,190,80000,0.0848,30569.56,5808216.07,101.1557
1.112,200,80000,0.0765,33793.6,6758719.87,98.4196
1.112,210,80000,0.0694,37190.08,7809916.05,94.4248
1.112,220,80000,0.0633,40758.07,8966774.85,89.1092
1.112,230,80000,0.0579,44496.85,10234274.68,82.4107
1.112,240,80000,0.0531,48405.84,11617400.47,74.2668
1.112,250,80000,0.049,52484.57,13121142.29,64.6152
1.112,260,80000,0.0453,56732.67,14750494.46,53.3935
1.112,270,80000,0.042,61149.83,16510454.67,40.5391
1.112,280,80000,0.039,65735.8,18406023.44,25.9897
1.112,290,80000,0.0364,70490.36,20442203.6,9.6826
1.112,300,80000,0.034,75413.33,22623999.91,-8.4446
1.112,310,80000,0.0319,80504.58,24956418.78,-28.4547
1.112,320,80000,0.0299,85763.96,27444467.95,-50.4101
1.112,330,80000,0.0281,91191.38,30093156.35,-74.3736
1.112,340,80000,0.0265,96786.75,32907493.9,-100.4076
1.112,350,80000,0.025,102549.98,35892491.35,-128.5749
1.112,360,80000,0.0236,108481,39053160.2,-158.9381
1.112,370,80000,0.0224,114579.76,42394512.58,-191.5598
1.112,380,80000,0.0212,120846.21,45921561.15,-226.5027
1.112,390,80000,0.0201,127280.31,49639319.08,-263.8295
1.112,10,90000,34.4405,174557.29,1745572.89,-11.2662
1.112,20,90000,8.6101,43952.91,879058.12,6.4908
1.112,30,90000,3.8267,20138.56,604156.94,17.6743
1.112,40,90000,2.1525,12242.56,489702.5,27.0751
1.112,50,90000,1.3776,9069.51,453475.33,35.6066
1.112,60,90000,0.9567,7856.9,471413.83,43.5364
1.112,70,90000,0.7029,7658.18,536072.93,50.947
1.112,80,90000,0.5381,8077.98,646238.77,57.852
1.112,90,90000,0.4252,8927.41,803466.93,64.234
1.112,100,90000,0.3444,10106.98,1010697.67,70.0605
1.112,110,90000,0.2846,11560.24,1271626.57,75.2903
1.112,120,90000,0.2392,13253.25,1590389.79,79.8776
1.112,130,90000,0.2038,15164.57,1971394.64,83.7732
1.112,140,90000,0.1757,17280.16,2419222.7,86.9264
1.112,150,90000,0.1531,19590.48,2938571.78,89.2849
1.112,160,90000,0.1345,22088.87,3534219.55,90.7957
1.112,170,90000,0.1192,24770.59,4211000.08,91.4049
1.112,180,90000,0.1063,27632.16,4973788.18,91.0585
1.112,190,90000,0.0954,30670.99,5827488.66,89.702
1.112,200,90000,0.0861,33885.14,6777028.83,87.2806
1.112,210,90000,0.0781,37273.11,7827353.16,83.7394
1.112,220,90000,0.0712,40833.72,8983419.36,79.0233
1.112,230,90000,0.0651,44566.07,10250195.52,73.077
1.112,240,90000,0.0598,48469.41,11632657.94,65.8454
1.112,250,90000,0.0551,52543.16,13135789.47,57.273
1.112,260,90000,0.0509,56786.84,14764578.28,47.3044
1.112,270,90000,0.0472,61200.06,16524016.87,35.8841
1.112,280,90000,0.0439,65782.5,18419101.27,22.9567
1.112,290,90000,0.041,70533.9,20454830.47,8.4665
1.112,300,90000,0.0383,75454.02,22636205.89,-7.642
1.112,310,90000,0.0358,80542.68,24968231.01,-25.4243
1.112,320,90000,0.0336,85799.72,27455911.05,-44.9361
1.112,330,90000,0.0316,91225.01,30104252.7,-66.2331
1.112,340,90000,0.0298,96818.42,32918263.88,-89.3709
1.112,350,90000,0.0281,102579.87,35902953.62,-114.405
1.112,360,90000,0.0266,108509.26,39063331.85,-141.3913
1.112,370,90000,0.0252,114606.51,42404409.32,-170.3853
1.112,380,90000,0.0239,120871.57,45931197.45,-201.4428
1.112,390,90000,0.0226,127304.38,49648708.29,-234.6195
1.112,10,100000,38.2673,215483.21,2154832.11,-14.2322
1.112,20,100000,9.5668,54184.39,1083687.73,3.7954
1.112,30,100000,4.2519,24685.89,740576.68,14.5427
1.112,40,100000,2.3917,14800.43,592017.31,23.3444
1.112,50,100000,1.5307,10706.54,535327.18,31.2274
1.112,60,100000,1.063,8993.73,539623.7,38.5006
1.112,70,100000,0.781,8493.41,594538.53,45.2676
1.112,80,100000,0.5979,8717.45,697396.17,51.5552
1.112,90,100000,0.4724,9432.67,848940.17,57.3559
1.112,100,100000,0.3827,10516.24,1051623.59,62.6452
1.112,110,100000,0.3163,11898.47,1308831.95,67.3893
1.112,120,100000,0.2657,13537.46,1624494.73,71.5488
1.112,130,100000,0.2264,15406.74,2002876.12,75.0811
1.112,140,100000,0.1952,17488.97,2448455.5,77.9414
1.112,150,100000,0.1701,19772.37,2965855.73,80.0836
1.112,160,100000,0.1495,22248.74,3559798.25,81.4603
1.112,170,100000,0.1324,24912.2,4235074.15,82.0237
1.112,180,100000,0.1181,27758.47,4996524.81,81.7253
1.112,190,100000,0.106,30784.36,5849028.62,80.5164
1.112,200,100000,0.0957,33987.46,6797491.79,78.3479
1.112,210,100000,0.0868,37365.91,7846841.7,75.1706
1.112,220,100000,0.0791,40918.28,9002022.06,70.9349
1.112,230,100000,0.0723,44643.43,10267989.4,65.5914
1.112,240,100000,0.0664,48540.46,11649710.4,59.0903
1.112,250,100000,0.0612,52608.64,13152159.84,51.382
1.112,260,100000,0.0566,56847.38,14780319.02,42.4165
1.112,270,100000,0.0525,61256.2,16539174.62,32.1441
1.112,280,100000,0.0488,65834.71,18433717.67,20.5148
1.112,290,100000,0.0455,70582.56,20468942.86,7.4787
1.112,300,100000,0.0425,75499.49,22649847.86,-7.0142
1.112,310,100000,0.0398,80585.27,24981432.92,-23.0139
1.112,320,100000,0.0374,85839.69,27468700.4,-40.5704
1.112,330,100000,0.0351,91262.59,30116654.49,-59.7338
1.112,340,100000,0.0331,96853.83,32930300.92,-80.5541
1.112,350,100000,0.0312,102613.28,35914646.74,-103.0815
1.112,360,100000,0.0295,108540.83,39074700.16,-127.3659
1.112,370,100000,0.028,114636.41,42415470.38,-153.4574
1.112,380,100000,0.0265,120899.91,45941967.43,-181.4062
1.112,390,100000,0.0252,127331.29,49659202.12,-211.2624
1.112,10,110000,42.094,260717.12,2607171.24,-17.0505
1.112,20,110000,10.5235,65492.87,1309857.3,1.3943
1.112,30,110000,4.6771,29711.88,891356.39,11.8499
1.112,40,110000,2.6309,17627.55,705102.09,20.1941
1.112,50,110000,1.6838,12515.9,625795,27.5662
1.112,60,110000,1.1693,10250.23,615013.55,34.3152
1.112,70,110000,0.8591,9416.55,659158.41,40.5649
1.112,80,110000,0.6577,9424.23,753938.57,46.3543
1.112,90,110000,0.5197,9991.11,899200.08,51.6848
1.112,100,110000,0.4209,10968.58,1096857.5,56.539
1.112,110,110000,0.3479,12272.31,1349953.69,60.8891
1.112,120,110000,0.2923,13851.58,1662189.66,64.7017
1.112,130,110000,0.2491,15674.4,2037671.44,67.9392
1.112,140,110000,0.2148,17719.75,2480765.44,70.5621
1.112,150,110000,0.1871,19973.41,2996011.67,72.5291
1.112,160,110000,0.1644,22425.43,3588069.44,73.7978
1.112,170,110000,0.1457,25068.72,4261682.34,74.3251
1.112,180,110000,0.1299,27898.08,5021654.76,74.0673
1.112,190,110000,0.1166,30909.66,5872835.94,72.9803
1.112,200,110000,0.1052,34100.54,6820108.75,71.0198
1.112,210,110000,0.0955,37468.48,7868381.66,68.1411
1.112,220,110000,0.087,41011.74,9022582.93,64.2994
1.112,230,110000,0.0796,44728.94,10287656.32,59.4498
1.112,240,110000,0.0731,48618.99,11668557.87,53.5471
1.112,250,110000,0.0674,52681.01,13170253.4,46.5464
1.112,260,110000,0.0623,56914.29,14797716.68,38.4023
1.112,270,110000,0.0577,61318.25,16555927.92,29.0696
1.112,280,110000,0.0537,65892.4,18449872.64,18.503
1.112,290,110000,0.0501,70636.35,20484540.76,6.657
1.112,300,110000,0.0468,75549.75,22664925.83,-6.5136
1.112,310,110000,0.0438,80632.34,24996024.51,-21.0544
1.112,320,110000,0.0411,85883.86,27482836,-37.0107
1.112,330,110000,0.0387,91304.13,30130361.74,-54.4281
1.112,340,110000,0.0364,96892.96,32943605.01,-73.352
1.112,350,110000,0.0344,102650.2,35927570.71,-93.8279
1.112,360,110000,0.0325,108575.74,39087265.14,-115.9014
1.112,370,110000,0.0307,114669.45,42427695.76,-139.6179
1.112,380,110000,0.0292,120931.24,45953871.09,-165.023
1.112,390,110000,0.0277,127361.03,49670800.56,-192.1622
1.112,10,120000,45.9207,310259.03,3102590.29,-19.7581
1.112,20,120000,11.4802,77878.34,1557566.83,-0.7862
1.112,30,120000,5.1023,35216.54,1056496.07,9.4862
1.112,40,120000,2.87,20723.92,828956.85,17.4792
1.112,50,120000,1.8368,14497.58,724878.81,24.4433
1.112,60,120000,1.2756,11626.39,697583.4,30.7675
1.112,70,120000,0.9372,10427.61,729932.56,36.5947
1.112,80,120000,0.7175,10198.32,815865.95,41.9754
1.112,90,120000,0.5669,10602.74,954246.64,46.919
1.112,100,120000,0.4592,11463.99,1146399.41,51.4145
1.112,110,120000,0.3795,12681.74,1394991.79,55.4397
1.112,120,120000,0.3189,14195.62,1703474.58,58.9658
1.112,130,120000,0.2717,15967.54,2075780.59,61.96
1.112,140,120000,0.2343,17972.52,2516152.52,64.3871
1.112,150,120000,0.2041,20193.6,3029039.6,66.2098
1.112,160,120000,0.1794,22618.96,3619033.13,67.39
1.112,170,120000,0.1589,25240.14,4290824.63,67.8885
1.112,180,120000,0.1417,28050.99,5049178.04,67.6657
1.112,190,120000,0.1272,31046.9,5898910.63,66.6813
1.112,200,120000,0.1148,34224.4,6844879.7,64.8951
1.112,210,120000,0.1041,37580.82,7891973.04,62.2661
1.112,220,120000,0.0949,41114.1,9045101.97,58.7534
1.112,230,120000,0.0868,44822.59,10309196.28,54.3161
1.112,240,120000,0.0797,48705,11689200.33,48.9129
1.112,250,120000,0.0735,52760.28,13190070.16,42.5024
1.112,260,120000,0.0679,56987.58,14816771.26,35.0433
1.112,270,120000,0.063,61386.21,16574276.77,26.4942
1.112,280,120000,0.0586,65955.59,18467566.18,16.8136
1.112,290,120000,0.0546,70695.26,20501624.17,5.9599
1.112,300,120000,0.051,75604.8,22681439.8,-6.1084
1.112,310,120000,0.0478,80683.89,25012005.77,-19.433
1.112,320,120000,0.0448,85932.24,27498317.85,-34.0555
1.112,330,120000,0.0422,91349.62,30145374.44,-50.0175
1.112,340,120000,0.0397,96935.81,32958176.16,-67.3607
1.112,350,120000,0.0375,102690.64,35941725.54,-86.1269
1.112,360,120000,0.0354,108613.96,39101026.78,-106.3576
1.112,370,120000,0.0335,114705.64,42441085.46,-128.0946
1.112,380,120000,0.0318,120965.55,45966908.44,-151.3797
1.112,390,120000,0.0302,127393.6,49683503.61,-176.2545
1.112,10,130000,49.7474,364108.93,3641089.26,-22.3806
1.112,20,130000,12.4369,91340.82,1826816.31,-2.7968
1.112,30,130000,5.5275,41199.86,1235995.73,7.3757
1.112,40,130000,3.1092,24089.54,963581.6,15.099
1.112,50,130000,1.9899,16651.57,832578.61,21.7346
1.112,60,130000,1.3819,13122.22,787333.22,27.7104
1.112,70,130000,1.0153,11526.59,806860.98,33.188
1.112,80,130000,0.7773,11039.73,883178.32,38.2287
1.112,90,130000,0.6142,11267.55,1014079.86,42.8496
1.112,100,130000,0.4975,12002.49,1200249.3,47.0453
1.112,110,130000,0.4111,13126.78,1443946.24,50.7985
1.112,120,130000,0.3455,14569.58,1748349.49,54.0848
1.112,130,130000,0.2944,16286.18,2117203.59,56.8752
1.112,140,130000,0.2538,18247.26,2554616.73,59.1383
1.112,150,130000,0.2211,20432.93,3064939.54,60.8406
1.112,160,130000,0.1943,22829.31,3652689.32,61.9472
1.112,170,130000,0.1721,25426.48,4322501.04,62.4226
1.112,180,130000,0.1535,28217.19,5079094.65,62.2305
1.112,190,130000,0.1378,31196.07,5927252.68,61.334
1.112,200,130000,0.1244,34359.02,6871804.65,59.696
1.112,210,130000,0.1128,37702.93,7917615.85,57.2791
1.112,220,130000,0.1028,41225.36,9069579.2,54.0457
1.112,230,130000,0.094,44924.39,10332609.28,49.9578
1.112,240,130000,0.0864,48798.49,11711637.79,44.9777
1.112,250,130000,0.0796,52846.44,13211610.12,39.0673
1.112,260,130000,0.0736,57067.24,14837482.76,32.1884
1.112,270,130000,0.0682,61460.08,16594221.18,24.3028
1.112,280,130000,0.0635,66024.28,18486798.29,15.3723
1.112,290,130000,0.0592,70759.29,20520193.1,5.3586
1.112,300,130000,0.0553,75664.63,22699389.77,-5.7766
1.112,310,130000,0.0518,80739.92,25029376.7,-18.0718
1.112,320,130000,0.0486,85984.83,27515145.94,-31.5653
1.112,330,130000,0.0457,91399.07,30161692.59,-46.2955
1.112,340,130000,0.043,96982.4,32974014.36,-62.301
1.112,350,130000,0.0406,102734.6,35957111.23,-79.6201
1.112,360,130000,0.0384,108655.51,39115985.08,-98.2913
1.112,370,130000,0.0363,114744.97,42455639.49,-118.3532
1.112,380,130000,0.0345,121002.84,45981079.46,-139.8441
1.112,390,130000,0.0327,127429,49697311.28,-162.8027
1.112,10,140000,53.5742,422266.82,4222668.15,-24.9361
1.112,20,140000,13.3935,105880.29,2117605.76,-4.6741
1.112,30,140000,5.9527,47661.85,1429855.36,5.4642
1.112,40,140000,3.3484,27724.41,1108976.32,12.982
1.112,50,140000,2.143,18977.89,948894.39,19.3513
1.112,60,140000,1.4882,14737.72,884263.04,25.0387
1.112,70,140000,1.0934,12713.48,889943.68,30.224
1.112,80,140000,0.8371,11948.45,955875.68,34.9788
1.112,90,140000,0.6614,11985.55,1078699.73,39.3273
1.112,100,140000,0.5357,12584.07,1258407.19,43.2695
1.112,110,140000,0.4428,13607.43,1496817.05,46.7924
1.112,120,140000,0.372,14973.45,1796814.4,49.8754
1.112,130,140000,0.317,16630.31,2161940.43,52.4932
1.112,140,140000,0.2733,18543.99,2596158.08,54.6174
1.112,150,140000,0.2381,20691.41,3103711.46,56.2179
1.112,160,140000,0.2093,23056.49,3689038,57.2628
1.112,170,140000,0.1854,25627.72,4356711.57,57.7195
1.112,180,140000,0.1654,28396.69,5111404.59,57.5547
1.112,190,140000,0.1484,31357.17,5957862.1,56.7344
1.112,200,140000,0.1339,34504.42,6900883.6,55.2243
1.112,210,140000,0.1215,37834.81,7945310.08,52.9899
1.112,220,140000,0.1107,41345.52,9096014.6,49.9964
1.112,230,140000,0.1013,45034.33,10357895.32,46.2088
1.112,240,140000,0.093,48899.46,11735870.24,41.592
1.112,250,140000,0.0857,52939.49,13234873.28,36.1106
1.112,260,140000,0.0793,57153.27,14859851.18,29.7294
1.112,270,140000,0.0735,61539.86,16615761.14,22.413
1.112,280,140000,0.0683,66098.46,18507568.96,14.1259
1.112,290,140000,0.0637,70828.44,20540247.55,4.8326
1.112,300,140000,0.0595,75729.25,22718775.73,-5.5025
1.112,310,140000,0.0557,80800.44,25048137.31,-16.915
1.112,320,140000,0.0523,86041.63,27533320.28,-29.4404
1.112,330,140000,0.0492,91452.47,30179316.19,-43.1146
1.112,340,140000,0.0463,97032.7,32991119.62,-57.9731
1.112,350,140000,0.0437,102782.08,35973727.77,-74.0516
1.112,360,140000,0.0413,108700.39,39132140.05,-91.3859
1.112,370,140000,0.0391,114787.45,42471357.84,-110.0116
1.112,380,140000,0.0371,121043.12,45996384.17,-129.9646
1.112,390,140000,0.0352,127467.24,49712223.56,-151.2805
1.112,10,150000,57.4009,484732.7,4847326.96,-27.4381
1.112,20,150000,14.3502,121496.76,2429935.16,-6.4447
1.112,30,150000,6.3779,54602.5,1638074.96,3.7118
1.112,40,150000,3.5876,31628.53,1265141.02,11.0754
1.112,50,150000,2.296,21476.52,1073826.15,17.2283
1.112,60,150000,1.5945,16472.88,988372.84,22.6754
1.112,70,150000,1.1714,13988.3,979180.65,27.6141
1.112,80,150000,0.8969,12924.48,1033958.03,32.1264
1.112,90,150000,0.7087,12756.74,1148106.27,36.2428
1.112,100,150000,0.574,13208.73,1320873.07,39.9685
1.112,110,150000,0.4744,14123.67,1553604.21,43.2944
1.112,120,150000,0.3986,15407.24,1848869.3,46.2033
1.112,130,150000,0.3397,16999.93,2209991.11,48.6733
1.112,140,150000,0.2929,18862.69,2640776.57,50.6788
1.112,150,150000,0.2551,20969.04,3145355.38,52.1924
1.112,160,150000,0.2242,23300.49,3728079.17,53.185
1.112,170,150000,0.1986,25843.86,4393456.2,53.6266
1.112,180,150000,0.1772,28589.49,5146107.85,53.4863
1.112,190,150000,0.159,31530.2,5990738.88,52.7329
1.112,200,150000,0.1435,34660.58,6932116.54,51.3345
1.112,210,150000,0.1302,37976.46,7975055.74,49.259
1.112,220,150000,0.1186,41474.58,9124408.19,46.474
1.112,230,150000,0.1085,45152.41,10385054.4,42.9472
1.112,240,150000,0.0997,49007.91,11761897.69,38.6456
1.112,250,150000,0.0918,53039.44,13259859.63,33.5367
1.112,260,150000,0.0849,57245.68,14883876.51,27.5873
1.112,270,150000,0.0787,61625.54,16638896.65,20.7646
1.112,280,150000,0.0732,66178.14,18529878.2,13.0355
1.112,290,150000,0.0683,70902.72,20561787.51,4.3668
1.112,300,150000,0.0638,75798.66,22739597.69,-5.2745
1.112,310,150000,0.0597,80865.44,25068287.59,-15.9216
1.112,320,150000,0.0561,86102.63,27552840.87,-27.6079
1.112,330,150000,0.0527,91509.83,30198245.24,-40.3665
1.112,340,150000,0.0497,97086.74,33009491.94,-54.2307
1.112,350,150000,0.0469,102833.07,35991575.16,-69.2338
1.112,360,150000,0.0443,108748.59,39149491.69,-85.4092
1.112,370,150000,0.0419,114833.08,42488240.51,-102.7901
1.112,380,150000,0.0398,121086.38,46012822.56,-121.4099
1.112,390,150000,0.0377,127508.31,49728240.45,-141.3019
1.112,10,160000,61.2276,551506.57,5515065.68,-29.8966
1.112,20,160000,15.3069,138190.23,2763804.52,-8.1286
1.112,30,160000,6.8031,62021.82,1860654.53,2.0887
1.112,40,160000,3.8267,35801.89,1432075.7,9.3399
1.112,50,160000,2.4491,24147.48,1207373.89,15.3169
1.112,60,160000,1.7008,18327.71,1099662.63,20.5626
1.112,70,160000,1.2495,15351.03,1074571.9,25.2921
1.112,80,160000,0.9567,13967.82,1117425.37,29.5968
1.112,90,160000,0.7559,13581.11,1222299.46,33.5139
1.112,100,160000,0.6123,13876.47,1387646.95,37.0531
1.112,110,160000,0.506,14675.52,1614307.73,40.2091
1.112,120,160000,0.4252,15870.95,1904514.19,42.9679
1.112,130,160000,0.3623,17395.04,2261355.62,45.3102
1.112,140,160000,0.3124,19203.37,2688472.19,47.2133
1.112,150,160000,0.2721,21265.81,3189871.3,48.6521
1.112,160,160000,0.2392,23561.33,3769812.84,49.6001
1.112,170,160000,0.2119,26074.91,4432734.95,50.0294
1.112,180,160000,0.189,28795.58,5183204.45,49.9116
1.112,190,160000,0.1696,31715.17,6025883.02,49.2174
1.112,200,160000,0.1531,34827.52,6965503.47,47.9174
1.112,210,160000,0.1388,38127.87,8006852.82,45.9815
1.112,220,160000,0.1265,41612.55,9154759.95,43.3797
1.112,230,160000,0.1157,45278.64,10414086.51,40.0815
1.112,240,160000,0.1063,49123.83,11789720.14,36.0564
1.112,250,160000,0.098,53146.28,13286569.18,31.2737
1.112,260,160000,0.0906,57344.46,14909558.77,25.7026
1.112,270,160000,0.084,61717.14,16663627.71,19.3122
1.112,280,160000,0.0781,66263.31,18553726.01,12.0717
1.112,290,160000,0.0728,70982.11,20584812.98,3.95
1.112,300,160000,0.068,75872.85,22761855.65,-5.0839
1.112,310,160000,0.0637,80934.93,25089827.55,-15.0612
1.112,320,160000,0.0598,86167.84,27573707.7,-26.0128
1.112,330,160000,0.0562,91571.15,30218479.75,-37.97
1.112,340,160000,0.053,97144.5,33029131.32,-50.964
1.112,350,160000,0.05,102887.58,36010653.41,-65.026
1.112,360,160000,0.0472,108800.11,39168039.98,-80.187
1.112,370,160000,0.0447,114881.86,42506287.5,-96.4785
1.112,380,160000,0.0424,121132.62,46030394.63,-113.9316
1.112,390,160000,0.0403,127552.21,49745361.95,-132.5775
1.112,10,170000,65.0543,622588.43,6225884.32,-32.3192
1.112,20,170000,16.2636,155960.69,3119213.84,-9.7411
1.112,30,170000,7.2283,69919.8,2097594.08,0.5721
1.112,40,170000,4.0659,40244.51,1609780.36,7.7452
1.112,50,170000,2.6022,26990.75,1349537.62,13.5796
1.112,60,170000,1.8071,20302.21,1218132.4,18.6562
1.112,70,170000,1.3276,16801.68,1176117.42,23.207
1.112,80,170000,1.0165,15078.47,1206277.7,27.3332
1.112,90,170000,0.8031,14458.66,1301279.31,31.0779
1.112,100,170000,0.6505,14587.29,1458728.81,34.4554
1.112,110,170000,0.5376,15262.98,1678927.61,37.4637
1.112,120,170000,0.4518,16364.58,1963749.08,40.0919
1.112,130,170000,0.3849,17815.65,2316033.98,42.3232
1.112,140,170000,0.3319,19566.04,2739244.95,44.1374
1.112,150,170000,0.2891,21581.73,3237259.21,45.5115
1.112,160,170000,0.2541,23838.99,3814239.01,46.4211
1.112,170,170000,0.2251,26320.87,4474547.81,46.8406
1.112,180,170000,0.2008,29014.97,5222694.37,46.7433
1.112,190,170000,0.1802,31912.08,6063294.53,46.1022
1.112,200,170000,0.1626,35005.22,7001044.4,44.8897
1.112,210,170000,0.1475,38289.05,8040701.33,43.0776
1.112,220,170000,0.1344,41759.41,9187069.88,40.6379
1.112,230,170000,0.123,45413.01,10444991.67,37.542
1.112,240,170000,0.1129,49247.24,11819337.58,33.7612
1.112,250,170000,0.1041,53260.01,13315001.92,29.2668
1.112,260,170000,0.0962,57449.61,14936897.95,24.0298
1.112,270,170000,0.0892,61814.65,16689954.33,18.0214
1.112,280,170000,0.083,66353.97,18579112.39,11.2123
1.112,290,170000,0.0774,71066.63,20609323.97,3.5735
1.112,300,170000,0.0723,75951.83,22785549.6,-4.9242
1.112,310,170000,0.0677,81008.89,25112757.19,-14.3101
1.112,320,170000,0.0635,86237.25,27595920.79,-24.6133
1.112,330,170000,0.0597,91636.42,30240019.71,-35.8632
1.112,340,170000,0.0563,97205.99,33050037.75,-48.0891
1.112,350,170000,0.0531,102945.61,36030962.52,-61.3204
1.112,360,170000,0.0502,108854.96,39187784.95,-75.5863
1.112,370,170000,0.0475,114933.78,42525498.82,-90.9163
1.112,380,170000,0.0451,121181.84,46049100.38,-107.3397
1.112,390,170000,0.0428,127598.94,49763588.07,-124.8861
1.112,10,180000,68.8811,697978.29,6979782.88,-34.712
1.112,20,180000,17.2203,174808.16,3496163.12,-11.2941
1.112,30,180000,7.6535,78296.45,2348893.6,-0.8558
1.112,40,180000,4.3051,44956.37,1798255,6.2678
1.112,50,180000,2.7552,30006.35,1500317.33,11.9875
1.112,60,180000,1.9134,22396.37,1343782.16,16.9217
1.112,70,180000,1.4057,18340.25,1283817.21,21.3193
1.112,80,180000,1.0763,16256.44,1300515.02,25.2911
1.112,90,180000,0.8504,15389.4,1385045.81,28.886
1.112,100,180000,0.6888,15341.19,1534118.67,32.1224
1.112,110,180000,0.5693,15886.03,1747463.84,35.0016
1.112,120,180000,0.4783,16888.12,2026573.96,37.5155
1.112,130,180000,0.4076,18261.74,2374026.18,39.6498
1.112,140,180000,0.3514,19950.68,2793094.85,41.3861
1.112,150,180000,0.3061,21916.79,3287519.11,42.7039
1.112,160,180000,0.2691,24133.49,3861357.67,43.5804
1.112,170,180000,0.2383,26581.73,4518894.79,43.9919
1.112,180,180000,0.2126,29247.65,5264577.63,43.9138
1.112,190,180000,0.1908,32120.91,6102973.4,43.3205
1.112,200,180000,0.1722,35193.7,7038739.33,42.1864
1.112,210,180000,0.1562,38460.01,8076601.26,40.485
1.112,220,180000,0.1423,41915.17,9221338,38.1899
1.112,230,180000,0.1302,45555.52,10477769.87,35.2742
1.112,240,180000,0.1196,49378.13,11850750.02,31.7111
1.112,250,180000,0.1102,53380.63,13345157.87,27.4733
1.112,260,180000,0.1019,57561.13,14965894.05,22.5338
1.112,270,180000,0.0945,61918.06,16717876.5,16.8651
1.112,280,180000,0.0879,66450.13,18606037.34,10.4398
1.112,290,180000,0.0819,71156.28,20635320.47,3.2305
1.112,300,180000,0.0765,76035.6,22810679.56,-4.7903
1.112,310,180000,0.0717,81087.34,25137076.5,-13.6502
1.112,320,180000,0.0673,86310.88,27619480.11,-23.3768
1.112,330,180000,0.0633,91705.65,30262865.12,-33.9977
1.112,340,180000,0.0596,97271.21,33072211.23,-45.5407
1.112,350,180000,0.0562,103007.15,36052502.48,-58.0333
1.112,360,180000,0.0531,108913.13,39208726.57,-71.5034
1.112,370,180000,0.0503,114988.85,42545874.45,-85.9786
1.112,380,180000,0.0477,121234.05,46068939.82,-101.4866
1.112,390,180000,0.0453,127648.51,49782918.81,-118.0553
1.112,10,190000,72.7078,777676.14,7776761.36,-37.0797
1.112,20,190000,18.1769,194732.62,3894652.36,-12.797
1.112,30,190000,8.0786,87151.77,2614553.09,-2.209
1.112,40,190000,4.5442,49937.49,1997499.62,4.8893
1.112,50,190000,2.9083,33194.26,1659713.03,10.5177
1.112,60,190000,2.0197,24610.2,1476611.91,15.332
1.112,70,190000,1.4838,19966.73,1397671.28,19.598
1.112,80,190000,1.1361,17501.72,1400137.33,23.4357
1.112,90,190000,0.8976,16373.32,1473598.98,26.8996
1.112,100,190000,0.7271,16138.17,1613816.51,30.0122
1.112,110,190000,0.6009,16544.69,1819916.43,32.7781
1.112,120,190000,0.5049,17441.57,2092988.83,35.1915
1.112,130,190000,0.4302,18733.32,2435332.22,37.2403
1.112,140,190000,0.371,20357.3,2850021.88,38.9083
1.112,150,190000,0.3231,22271.01,3340651.01,40.1767
1.112,160,190000,0.284,24444.81,3911168.82,41.0245
1.112,170,190000,0.2516,26857.51,4565775.87,41.4298
1.112,180,190000,0.2244,29493.63,5308854.21,41.3695
1.112,190,190000,0.2014,32341.68,6144919.63,40.8197
1.112,200,190000,0.1818,35392.94,7078588.26,39.7563
1.112,210,190000,0.1649,38640.73,8114552.61,38.1545
1.112,220,190000,0.1502,42079.84,9257564.29,35.9892
1.112,230,190000,0.1374,45706.18,10512421.11,33.2353
1.112,240,190000,0.1262,49516.49,11883957.46,29.8673
1.112,250,190000,0.1163,53508.15,13377037.01,25.8596
1.112,260,190000,0.1076,57679.03,14996547.07,21.1864
1.112,270,190000,0.0997,62027.39,16747394.22,15.8221
1.112,280,190000,0.0927,66551.79,18634500.86,9.7405
1.112,290,190000,0.0865,71251.04,20662802.49,2.9159
1.112,300,190000,0.0808,76124.15,22837245.5,-4.678
1.112,310,190000,0.0757,81170.28,25162785.48,-13.0671
1.112,320,190000,0.071,86388.71,27644385.69,-22.2775
1.112,330,190000,0.0668,91778.84,30287015.98,-32.3355
1.112,340,190000,0.0629,97340.15,33095651.78,-43.2672
1.112,350,190000,0.0594,103072.21,36075273.29,-55.0988
1.112,360,190000,0.0561,108974.62,39230864.86,-67.8566
1.112,370,190000,0.0531,115047.07,42567414.41,-81.5668
1.112,380,190000,0.0504,121289.24,46089912.94,-96.2556
1.112,390,190000,0.0478,127700.91,49803354.15,-111.9495
1.112,10,200000,76.5345,861681.97,8616819.75,-39.426
1.112,20,200000,19.1336,215734.08,4314681.55,-14.2573
1.112,30,200000,8.5038,96485.75,2894572.56,-3.4986
1.112,40,200000,4.7834,55187.86,2207514.22,3.5947
1.112,50,200000,3.0614,36554.49,1827724.7,9.1517
1.112,60,200000,2.126,26943.69,1616621.64,13.8653
1.112,70,200000,1.5619,21681.14,1517679.62,18.0181
1.112,80,200000,1.1959,18814.31,1505144.63,21.7388
1.112,90,200000,0.9449,17410.43,1566938.8,25.0879
1.112,100,200000,0.7653,16978.22,1697822.35,28.0916
1.112,110,200000,0.6325,17238.96,1896285.37,30.7574
1.112,120,200000,0.5315,18024.95,2162993.7,33.0819
1.112,130,200000,0.4529,19230.4,2499952.09,35.0552
1.112,140,200000,0.3905,20785.9,2910026.05,36.6629
1.112,150,200000,0.3402,22644.37,3396654.9,37.8878
1.112,160,200000,0.299,24772.95,3963672.47,38.7108
1.112,170,200000,0.2648,27148.18,4615191.07,39.1113
1.112,180,200000,0.2362,29752.91,5355524.12,39.0677
1.112,190,200000,0.212,32574.39,6189133.23,38.5577
1.112,200,200000,0.1913,35602.96,7120591.18,37.5585
1.112,210,200000,0.1735,38831.22,8154555.39,36.0467
1.112,220,200000,0.1581,42253.4,9295748.77,33.9988
1.112,230,200000,0.1447,45864.98,10548945.39,31.3909
1.112,240,200000,0.1329,49662.33,11918959.89,28.1989
1.112,250,200000,0.1225,53642.56,13410639.34,24.3986
1.112,260,200000,0.1132,57803.3,15028857.01,19.9656
1.112,270,200000,0.105,62142.62,16778507.49,14.8754
1.112,280,200000,0.0976,66658.94,18664502.95,9.1035
1.112,290,200000,0.091,71350.93,20691770.02,2.6252
1.112,300,200000,0.085,76217.49,22865247.45,-4.5841
1.112,310,200000,0.0796,81257.69,25189884.14,-12.5492
1.112,320,200000,0.0747,86470.74,27670637.52,-21.2949
1.112,330,200000,0.0703,91855.98,30312472.3,-30.846
1.112,340,200000,0.0662,97412.82,33120359.38,-41.2274
1.112,350,200000,0.0625,103140.79,36099274.96,-52.4639
1.112,360,200000,0.0591,109039.44,39254199.82,-64.5804
1.112,370,200000,0.0559,115108.43,42590118.69,-77.6019
1.112,380,200000,0.053,121347.42,46112019.74,-91.5534
1.112,390,200000,0.0503,127756.14,49824894.11,-106.4597
1.007,10,50000,21.1287,59540.56,595405.58,1.3425
1.007,20,50000,5.2822,15169.11,303382.27,20.4336
1.007,30,50000,2.3476,7288.74,218662.23,35.3787
1.007,40,50000,1.3205,4928.17,197126.98,49.06
1.007,50,50000,0.8451,4271.75,213587.66,61.9814
1.007,60,50000,0.5869,4377.95,262677.08,74.2503
1.007,70,50000,0.4312,4924.16,344691.31,85.8607
1.007,80,50000,0.3301,5775.63,462050.21,96.7641
1.007,90,50000,0.2608,6867.97,618117.49,106.8934
1.007,100,50000,0.2113,8167.29,816728.83,116.1718
1.007,110,50000,0.1746,9654.34,1061977.32,124.5175
1.007,120,50000,0.1467,11317.55,1358106.22,131.8456
1.007,130,50000,0.125,13149.62,1709451.19,138.0693
1.007,140,50000,0.1078,15145.77,2120407.3,143.1008
1.007,150,50000,0.0939,17302.73,2595409.22,146.8514
1.007,160,50000,0.0825,19618.24,3138918.86,149.2319
1.007,170,50000,0.0731,22090.69,3755417.34,150.1525
1.007,180,50000,0.0652,24718.89,4449399.67,149.5235
1.007,190,50000,0.0585,27501.95,5225371.06,147.2547
1.007,200,50000,0.0528,30439.22,6087844.42,143.2559
1.007,210,50000,0.0479,33530.18,7041338.49,137.4367
1.007,220,50000,0.0437,36774.44,8090376.54,129.7066
1.007,230,50000,0.0399,40171.68,9239485.36,119.975
1.007,240,50000,0.0367,43721.64,10493194.55,108.1515
1.007,250,50000,0.0338,47424.14,11856035.93,94.1453
1.007,260,50000,0.0313,51279.01,13332543.15,77.8658
1.007,270,50000,0.029,55286.12,14927251.32,59.2223
1.007,280,50000,0.0269,59445.35,16644696.77,38.124
1.007,290,50000,0.0251,63756.61,18489416.81,14.4802
1.007,300,50000,0.0235,68219.83,20465949.61,-11.7998
1.007,310,50000,0.022,72834.95,22578834.03,-40.8068
1.007,320,50000,0.0206,77601.9,24832609.51,-72.6317
1.007,330,50000,0.0194,82520.65,27231816.01,-107.3652
1.007,340,50000,0.0183,87591.16,29780993.91,-145.0981
1.007,350,50000,0.0172,92813.38,32484683.95,-185.9213
1.007,360,50000,0.0163,98187.3,35347427.19,-229.9255
1.007,370,50000,0.0154,103712.88,38373764.97,-277.2016
1.007,380,50000,0.0146,109390.1,41568238.85,-327.8404
1.007,390,50000,0.0139,115218.95,44935390.61,-381.9328
1.007,10,60000,25.3544,85705.08,857050.84,-3.242
1.007,20,60000,6.3386,21710.25,434204.9,14.8477
1.007,30,60000,2.8172,10195.91,305877.32,28.0286
1.007,40,60000,1.5847,6563.46,262538.29,39.7932
1.007,50,60000,1.0142,5318.33,265916.72,50.7791
1.007,60,60000,0.7043,5104.74,306284.62,61.1485
1.007,70,60000,0.5174,5458.13,382069.21,70.9276
1.007,80,60000,0.3962,6184.45,494755.87,80.0917
1.007,90,60000,0.313,7190.99,647189.19,88.5933
1.007,100,60000,0.2535,8428.93,842893.36,96.3738
1.007,110,60000,0.2095,9870.58,1085763.25,103.3681
1.007,120,60000,0.1761,11499.25,1379909.99,109.5079
1.007,130,60000,0.15,13304.44,1729577.74,114.7223
1.007,140,60000,0.1294,15279.26,2139096.24,118.9392
1.007,150,60000,0.1127,17419.01,2612852.24,122.0855
1.007,160,60000,0.099,19720.45,3155271.69,124.0873
1.007,170,60000,0.0877,22181.22,3770808.24,124.8706
1.007,180,60000,0.0783,24799.64,4463935.51,124.3607
1.007,190,60000,0.0702,27574.43,5239141.86,122.4828
1.007,200,60000,0.0634,30504.63,6100926.68,119.1619
1.007,210,60000,0.0575,33589.51,7053797.79,114.3229
1.007,220,60000,0.0524,36828.5,8102269.51,107.8906
1.007,230,60000,0.0479,40221.14,9250861.24,99.7896
1.007,240,60000,0.044,43767.07,10504096.44,89.9445
1.007,250,60000,0.0406,47466.01,11866501.74,78.28
1.007,260,60000,0.0375,51317.72,13342606.43,64.7204
1.007,270,60000,0.0348,55322.01,14936941.89,49.1904
1.007,280,60000,0.0323,59478.72,16654041.24,31.6143
1.007,290,60000,0.0301,63787.72,18498439.06,11.9165
1.007,300,60000,0.0282,68248.9,20474671.12,-9.9785
1.007,310,60000,0.0264,72862.17,22587274.2,-34.1464
1.007,320,60000,0.0248,77627.46,24840785.93,-60.6627
1.007,330,60000,0.0233,82544.68,27239744.66,-89.6031
1.007,340,60000,0.0219,87613.79,29788689.36,-121.0433
1.007,350,60000,0.0207,92834.74,32492159.53,-155.059
1.007,360,60000,0.0196,98207.49,35354695.12,-191.7257
1.007,370,60000,0.0185,103731.99,38380836.46,-231.1192
1.007,380,60000,0.0176,109408.22,41575124.25,-273.3151
1.007,390,60000,0.0167,115236.15,44942099.46,-318.3892
1.007,10,70000,29.5802,116626.8,1166267.96,-7.1962
1.007,20,70000,7.395,29440.67,588813.46,10.5179
1.007,30,70000,3.2867,13631.66,408949.69,22.5521
1.007,40,70000,1.8488,8496.06,339842.57,33.0041
1.007,50,70000,1.1832,6555.2,327760.14,42.6414
1.007,60,70000,0.8217,5963.68,357820.81,51.6767
1.007,70,70000,0.6037,6089.19,426243.08,60.164
1.007,80,70000,0.4622,6667.6,533408.01,68.0978
1.007,90,70000,0.3652,7572.74,681546.64,75.4463
1.007,100,70000,0.2958,8738.15,873815.07,82.1644
1.007,110,70000,0.2445,10126.13,1113873.9,88.1997
1.007,120,70000,0.2054,11713.98,1405678.08,93.4958
1.007,130,70000,0.175,13487.41,1753363.68,97.9936
1.007,140,70000,0.1509,15437.02,2161183.18,101.6324
1.007,150,70000,0.1315,17556.44,2633466.71,104.3502
1.007,160,70000,0.1155,19841.24,3174597.76,106.0845
1.007,170,70000,0.1024,22288.22,3788997.48,106.7721
1.007,180,70000,0.0913,24895.08,4481114.24,106.3495
1.007,190,70000,0.0819,27660.09,5255416.44,104.7527
1.007,200,70000,0.074,30581.94,6116387.54,101.9179
1.007,210,70000,0.0671,33659.63,7068522.41,97.7807
1.007,220,70000,0.0611,36892.39,8116324.83,92.2769
1.007,230,70000,0.0559,40279.59,9264305.47,85.3419
1.007,240,70000,0.0514,43820.75,10516980.48,76.9113
1.007,250,70000,0.0473,47515.48,11878870.43,66.9204
1.007,260,70000,0.0438,51363.46,13354499.4,55.3048
1.007,270,70000,0.0406,55364.42,14948394.37,41.9996
1.007,280,70000,0.0377,59518.16,16665084.71,26.9402
1.007,290,70000,0.0352,63824.49,18509101.72,10.0618
1.007,300,70000,0.0329,68283.26,20484978.36,-8.7003
1.007,310,70000,0.0308,72894.35,22597248.94,-29.4108
1.007,320,70000,0.0289,77657.65,24850448.96,-52.1346
1.007,330,70000,0.0272,82573.08,27249114.87,-76.9365
1.007,340,70000,0.0256,87640.54,29797783.98,-103.8814
1.007,350,70000,0.0241,92859.98,32500994.31,-133.0339
1.007,360,70000,0.0228,98231.35,35363284.48,-164.459
1.007,370,70000,0.0216,103754.58,38389193.68,-198.2216
1.007,380,70000,0.0205,109429.64,41583261.54,-234.3864
1.007,390,70000,0.0194,115256.48,44950028.11,-273.0183
1.007,10,80000,33.8059,152305.7,1523056.95,-10.7566
1.007,20,80000,8.4515,38360.4,767207.96,6.9732
1.007,30,80000,3.7562,17595.98,527879.36,18.2465
1.007,40,80000,2.1129,10726,429039.82,27.7636
1.007,50,80000,1.3522,7982.36,399117.94,36.4193
1.007,60,80000,0.9391,6954.76,417285.64,44.4738
1.007,70,80000,0.6899,6817.33,477212.94,52.0064
1.007,80,80000,0.5282,7225.08,578006.63,59.0281
1.007,90,80000,0.4174,8013.22,721189.87,65.52
1.007,100,80000,0.3381,9094.94,909493.97,71.4478
1.007,110,80000,0.2794,10420.99,1146309.26,76.7693
1.007,120,80000,0.2348,11961.75,1435410.5,81.4372
1.007,130,80000,0.2,13698.53,1780808.98,85.4013
1.007,140,80000,0.1725,15619.06,2186668.11,88.6098
1.007,150,80000,0.1502,17715.02,2657252.65,91.0091
1.007,160,80000,0.1321,19980.61,3196897.07,92.5452
1.007,170,80000,0.117,22411.68,3809985.07,93.1632
1.007,180,80000,0.1043,25005.2,4500935.85,92.808
1.007,190,80000,0.0936,27758.92,5274194.81,91.4239
1.007,200,80000,0.0845,30671.13,6134226.98,88.9552
1.007,210,80000,0.0767,33740.54,7085512.37,85.3457
1.007,220,80000,0.0698,36966.1,8132542.51,80.5395
1.007,230,80000,0.0639,40347.03,9279818.03,74.4802
1.007,240,80000,0.0587,43882.69,10531846.69,67.1115
1.007,250,80000,0.0541,47572.57,11893141.99,58.377
1.007,260,80000,0.05,51416.24,13368222.05,48.2201
1.007,270,80000,0.0464,55413.37,14961608.78,36.5844
1.007,280,80000,0.0431,59563.67,16677827.17,23.4134
1.007,290,80000,0.0402,63866.91,18521404.79,8.6503
1.007,300,80000,0.0376,68322.9,20496871.32,-7.7614
1.007,310,80000,0.0352,72931.48,22608758.27,-25.8783
1.007,320,80000,0.033,77692.5,24861598.62,-45.7572
1.007,330,80000,0.031,82605.84,27259926.66,-67.4546
1.007,340,80000,0.0292,87671.41,29808277.78,-91.0274
1.007,350,80000,0.0276,92889.11,32511188.28,-116.5321
1.007,360,80000,0.0261,98258.88,35373195.29,-144.0255
1.007,370,80000,0.0247,103780.64,38398836.63,-173.5644
1.007,380,80000,0.0234,109454.34,41592650.73,-205.2054
1.007,390,80000,0.0222,115279.94,44959176.54,-239.0053
1.007,10,90000,38.0317,192741.78,1927417.81,-14.0543
1.007,20,90000,9.5079,48469.42,969388.39,3.952
1.007,30,90000,4.2257,22088.88,662666.31,14.7214
1.007,40,90000,2.377,13253.25,530130.03,23.5555
1.007,50,90000,1.5213,9599.8,479990.11,31.4741
1.007,60,90000,1.0564,8077.99,484679.12,38.7835
1.007,70,90000,0.7762,7642.55,534978.77,45.5861
1.007,80,90000,0.5942,7856.9,628551.74,51.9078
1.007,90,90000,0.4695,8512.43,766118.85,57.7408
1.007,100,90000,0.3803,9499.3,949930.05,63.0599
1.007,110,90000,0.3143,10755.18,1183069.34,67.8309
1.007,120,90000,0.2641,12242.56,1469107.24,72.0142
1.007,130,90000,0.225,13937.8,1811913.67,75.5667
1.007,140,90000,0.194,15825.36,2215551.03,78.4433
1.007,150,90000,0.169,17894.73,2684210.04,80.5974
1.007,160,90000,0.1486,20138.56,3222169.63,81.9816
1.007,170,90000,0.1316,22551.59,3833771.01,82.5475
1.007,180,90000,0.1174,25130,4523400.35,82.2464
1.007,190,90000,0.1054,27870.93,5295476.96,81.0292
1.007,200,90000,0.0951,30772.23,6154445.03,78.8466
1.007,210,90000,0.0862,33832.23,7104767.64,75.6489
1.007,220,90000,0.0786,37049.65,8150922.55,71.3865
1.007,230,90000,0.0719,40423.47,9297398.94,66.0093
1.007,240,90000,0.066,43952.9,10548695.06,59.4675
1.007,250,90000,0.0609,47637.27,11909316.42,51.7109
1.007,260,90000,0.0563,51476.06,13383774.39,42.6895
1.007,270,90000,0.0522,55468.83,14976585.11,32.3531
1.007,280,90000,0.0485,59615.25,16692268.63,20.6514
1.007,290,90000,0.0452,63914.99,18535348.27,7.5342
1.007,300,90000,0.0423,68367.83,20510350.02,-7.0488
1.007,310,90000,0.0396,72973.56,22621802.16,-23.1479
1.007,320,90000,0.0371,77731.98,24874234.89,-40.8134
1.007,330,90000,0.0349,82642.97,27272180.02,-60.0958
1.007,340,90000,0.0329,87706.38,29820170.74,-81.0454
1.007,350,90000,0.031,92922.12,32522741.44,-103.7125
1.007,360,90000,0.0293,98290.08,35384427.53,-128.1475
1.007,370,90000,0.0278,103810.18,38409765.3,-154.4009
1.007,380,90000,0.0263,109482.35,41603291.8,-182.5231
1.007,390,90000,0.025,115306.53,44969544.77,-212.5644
1.007,10,100000,42.2574,237935.05,2379350.53,-17.1682
1.007,20,100000,10.5643,59767.74,1195354.75,1.2971
1.007,30,100000,4.6953,27110.35,813310.55,11.7429
1.007,40,100000,2.6411,16077.83,643113.21,20.0701
1.007,50,100000,1.6903,11407.53,570376.65,27.4228
1.007,60,100000,1.1738,9333.35,560001.24,34.1519
1.007,70,100000,0.8624,8564.87,599540.59,40.3818
1.007,80,100000,0.6603,8563.04,685043.33,46.1521
1.007,90,100000,0.5217,9070.37,816333.6,51.4645
1.007,100,100000,0.4226,9951.23,995123.33,56.302
1.007,110,100000,0.3492,11128.67,1224154.14,60.637
1.007,120,100000,0.2935,12556.4,1506768.3,64.4362
1.007,130,100000,0.25,14205.21,1846677.72,67.6624
1.007,140,100000,0.2156,16055.94,2247831.94,70.2762
1.007,150,100000,0.1878,18095.59,2714338.88,72.2364
1.007,160,100000,0.1651,20315.1,3250415.42,73.501
1.007,170,100000,0.1462,22707.97,3860355.28,74.0269
1.007,180,100000,0.1304,25269.49,4548507.72,73.7707
1.007,190,100000,0.1171,27996.12,5319262.9,72.6885
1.007,200,100000,0.1056,30885.21,6177041.66,70.736
1.007,210,100000,0.0958,33934.71,7126288.25,67.8688
1.007,220,100000,0.0873,37143.02,8171464.95,64.0424
1.007,230,100000,0.0799,40508.91,9317048.19,59.2119
1.007,240,100000,0.0734,44031.36,10567525.59,53.3324
1.007,250,100000,0.0676,47709.57,11927393.73,46.3591
1.007,260,100000,0.0625,51542.91,13401156.42,38.2468
1.007,270,100000,0.058,55530.83,14993323.36,28.9504
1.007,280,100000,0.0539,59672.89,16708409.09,18.4249
1.007,290,100000,0.0502,63968.73,18550932.15,6.625
1.007,300,100000,0.047,68418.05,20525414.44,-6.4945
1.007,310,100000,0.044,73020.58,22636380.64,-20.9789
1.007,320,100000,0.0413,77776.12,24888357.79,-36.8733
1.007,330,100000,0.0388,82684.47,27285874.95,-54.2232
1.007,340,100000,0.0366,87745.48,29833462.88,-73.0737
1.007,350,100000,0.0345,92959.01,32535653.81,-93.4703
1.007,360,100000,0.0326,98324.95,35396981.22,-115.4583
1.007,370,100000,0.0309,103843.19,38421979.7,-139.083
1.007,380,100000,0.0293,109513.64,41615184.77,-164.3897
1.007,390,100000,0.0278,115336.24,44981132.79,-191.4238
1.007,10,110000,46.4831,287885.51,2878855.12,-20.1484
1.007,20,110000,11.6208,72255.35,1445107.04,-1.0913
1.007,30,110000,5.1648,32660.4,979812.08,9.1617
1.007,40,110000,2.9052,19199.73,767989.36,17.1104
1.007,50,110000,1.8593,13405.55,670277.57,24.0217
1.007,60,110000,1.2912,10720.87,643252,30.2904
1.007,70,110000,0.9486,9584.26,670898.39,36.0621
1.007,80,110000,0.7263,9343.52,747481.4,41.3889
1.007,90,110000,0.5739,9687.05,871834.11,46.2814
1.007,100,110000,0.4648,10450.74,1045073.79,50.7295
1.007,110,110000,0.3842,11541.49,1269563.64,54.7117
1.007,120,110000,0.3228,12903.28,1548393.68,58.1999
1.007,130,110000,0.275,14500.78,1885101.15,61.162
1.007,140,110000,0.2372,16310.79,2283510.83,63.5631
1.007,150,110000,0.2066,18317.59,2747639.19,65.3667
1.007,160,110000,0.1816,20510.22,3281634.46,66.5353
1.007,170,110000,0.1608,22880.81,3889737.91,67.0301
1.007,180,110000,0.1435,25423.66,4576257.97,66.812
1.007,190,110000,0.1288,28134.49,5345552.61,65.8414
1.007,200,110000,0.1162,31010.08,6202016.89,64.0784
1.007,210,110000,0.1054,34047.97,7150074.18,61.4827
1.007,220,110000,0.096,37246.23,8194169.7,58.014
1.007,230,110000,0.0879,40603.33,9338765.78,53.6316
1.007,240,110000,0.0807,44118.08,10588338.28,48.2948
1.007,250,110000,0.0744,47789.5,11947373.91,41.963
1.007,260,110000,0.0688,51616.8,13420368.14,34.5951
1.007,270,110000,0.0638,55599.35,15011823.53,26.1504
1.007,280,110000,0.0593,59736.6,16726248.54,16.5877
1.007,290,110000,0.0553,64028.13,18568156.45,5.8661
1.007,300,110000,0.0516,68473.55,20542064.6,-6.0555
1.007,310,110000,0.0484,73072.56,22652493.69,-19.2182
1.007,320,110000,0.0454,77824.9,24903967.31,-33.6631
1.007,330,110000,0.0427,82730.34,27301011.45,-49.4314
1.007,340,110000,0.0402,87788.69,29848154.19,-66.5642
1.007,350,110000,0.0379,92999.79,32549925.37,-85.1028
1.007,360,110000,0.0359,98363.49,35410856.35,-105.0882
1.007,370,110000,0.034,103879.68,38435479.82,-126.5618
1.007,380,110000,0.0322,109548.24,41628329.63,-149.5647
1.007,390,110000,0.0306,115369.08,44993940.6,-174.1381
1.007,10,120000,50.7089,342593.16,3425931.57,-23.0283
1.007,20,120000,12.6772,85932.26,1718645.26,-3.2798
1.007,30,120000,5.6343,38739.03,1162170.9,6.8785
1.007,40,120000,3.1693,22618.96,904758.47,14.5447
1.007,50,120000,2.0284,15593.86,779692.86,21.1081
1.007,60,120000,1.4086,12240.52,734431.41,27.0063
1.007,70,120000,1.0349,10700.75,749052.17,32.4056
1.007,80,120000,0.7923,10198.32,815865.96,37.3699
1.007,90,120000,0.626,10362.45,932620.38,41.9181
1.007,100,120000,0.5071,10997.81,1099781.43,46.0462
1.007,110,120000,0.4191,11993.62,1319297.87,49.738
1.007,120,120000,0.3521,13283.19,1593983.38,52.97
1.007,130,120000,0.3001,14824.49,1927183.95,55.7144
1.007,140,120000,0.2587,16589.91,2322587.72,57.9405
1.007,150,120000,0.2254,18560.74,2784110.95,59.6156
1.007,160,120000,0.1981,20723.92,3315826.74,60.7057
1.007,170,120000,0.1755,23070.11,3921918.87,61.176
1.007,180,120000,0.1565,25592.51,4606651.11,60.991
1.007,190,120000,0.1405,28286.03,5374346.11,60.1147
1.007,200,120000,0.1268,31146.85,6229370.72,58.5106
1.007,210,120000,0.115,34172.03,7176125.44,56.1421
1.007,220,120000,0.1048,37359.26,8219036.81,52.9722
1.007,230,120000,0.0959,40706.75,9362551.71,48.964
1.007,240,120000,0.088,44213.05,10611133.13,44.0803
1.007,250,120000,0.0811,47877.03,11969256.97,38.2837
1.007,260,120000,0.075,51697.73,13441409.54,31.5369
1.007,270,120000,0.0696,55674.39,15032085.62,23.8023
1.007,280,120000,0.0647,59806.38,16745786.98,15.0426
1.007,290,120000,0.0603,64093.18,18587021.15,5.2201
1.007,300,120000,0.0563,68534.33,20560300.48,-5.7028
1.007,310,120000,0.0528,73129.49,22670141.32,-17.7637
1.007,320,120000,0.0495,77878.32,24921063.45,-31.0003
1.007,330,120000,0.0466,82780.57,27317589.53,-45.4503
1.007,340,120000,0.0439,87836.01,29864244.68,-61.1513
1.007,350,120000,0.0414,93044.45,32565556.12,-78.1411
1.007,360,120000,0.0391,98405.7,35426052.91,-96.4575
1.007,370,120000,0.037,103919.64,38450265.67,-116.1382
1.007,380,120000,0.0351,109586.12,41642726.37,-137.2209
1.007,390,120000,0.0333,115405.05,45007968.2,-159.7435
1.007,10,130000,54.9346,402057.99,4020579.89,-25.8311
1.007,20,130000,13.7337,100798.47,2015969.42,-5.3147
1.007,30,130000,6.1038,45346.23,1360387,4.8247
1.007,40,130000,3.4334,26335.51,1053420.55,12.2824
1.007,50,130000,2.1974,17972.45,898622.52,18.5695
1.007,60,130000,1.526,13892.32,833539.46,24.1666
1.007,70,130000,1.1211,11914.31,834001.93,29.2594
1.007,80,130000,0.8584,11127.46,890197,33.9235
1.007,90,130000,0.6782,11096.58,998692.41,38.1854
1.007,100,130000,0.5493,11592.46,1159246.26,42.0467
1.007,110,130000,0.454,12485.06,1373356.8,45.4961
1.007,120,130000,0.3815,13696.15,1643537.41,48.5142
1.007,130,130000,0.3251,15176.35,1972926.13,51.0768
1.007,140,130000,0.2803,16893.3,2365062.6,53.1568
1.007,150,130000,0.2442,18825.03,2823754.17,54.7248
1.007,160,130000,0.2146,20956.2,3352992.26,55.7502
1.007,170,130000,0.1901,23275.87,3956898.19,56.2011
1.007,180,130000,0.1696,25776.04,4639687.13,56.0453
1.007,190,130000,0.1522,28450.75,5405643.39,55.2497
1.007,200,130000,0.1373,31295.52,6259103.13,53.7811
1.007,210,130000,0.1246,34306.87,7204442.03,51.6056
1.007,220,130000,0.1135,37482.12,8246066.28,48.6895
1.007,230,130000,0.1038,40819.16,9388405.98,44.9987
1.007,240,130000,0.0954,44316.29,10635910.15,40.4989
1.007,250,130000,0.0879,47972.17,11993042.9,35.1558
1.007,260,130000,0.0813,51785.69,13464280.63,28.935
1.007,270,130000,0.0754,55755.96,15054109.63,21.802
1.007,280,130000,0.0701,59882.23,16767024.42,13.7221
1.007,290,130000,0.0653,64163.88,18607526.27,4.6608
1.007,300,130000,0.061,68600.41,20580122.09,-5.4166
1.007,310,130000,0.0572,73191.37,22689323.52,-16.5449
1.007,320,130000,0.0536,77936.39,24939646.21,-28.7586
1.007,330,130000,0.0504,82835.18,27335609.17,-42.0927
1.007,340,130000,0.0475,87887.45,29881734.33,-56.5819
1.007,350,130000,0.0448,93092.99,32582546.07,-72.261
1.007,360,130000,0.0424,98451.59,35442570.92,-89.1648
1.007,370,130000,0.0401,103963.07,38466337.25,-107.3281
1.007,380,130000,0.038,109627.3,41658375.01,-126.7858
1.007,390,130000,0.0361,115444.14,45023215.59,-147.5728
1.007,10,140000,59.1603,466280.01,4662800.07,-28.5733
1.007,20,140000,14.7901,116853.98,2337079.51,-7.2287
1.007,30,140000,6.5734,52482.01,1574460.4,2.951
1.007,40,140000,3.6975,30349.39,1213975.6,10.2582
1.007,50,140000,2.3664,20541.33,1027066.56,16.3257
1.007,60,140000,1.6433,15676.27,940576.16,21.6758
1.007,70,140000,1.2074,13224.97,925747.67,26.5141
1.007,80,140000,0.9244,12130.93,970474.52,30.927
1.007,90,140000,0.7304,11889.45,1070050.21,34.9481
1.007,100,140000,0.5916,12234.68,1223468.28,38.5847
1.007,110,140000,0.4889,13015.82,1431740.46,41.8294
1.007,120,140000,0.4108,14142.13,1697055.76,44.6666
1.007,130,140000,0.3501,15556.37,2022327.69,47.0756
1.007,140,140000,0.3018,17220.97,2410935.47,49.0322
1.007,150,140000,0.2629,19110.46,2866568.85,50.5101
1.007,160,140000,0.2311,21207.07,3393131.02,51.4813
1.007,170,140000,0.2047,23498.09,3994675.84,51.9169
1.007,180,140000,0.1826,25974.26,4675366.03,51.7872
1.007,190,140000,0.1639,28628.65,5439444.45,51.0619
1.007,200,140000,0.1479,31456.07,6291214.14,49.7102
1.007,210,140000,0.1342,34452.49,7235023.94,47.7011
1.007,220,140000,0.1222,37614.81,8275258.11,45.0032
1.007,230,140000,0.1118,40940.56,9416328.6,41.5851
1.007,240,140000,0.1027,44427.79,10662669.32,37.415
1.007,250,140000,0.0947,48074.93,12018731.71,32.4612
1.007,260,140000,0.0875,51880.7,13488981.4,26.6918
1.007,270,140000,0.0812,55844.06,15077895.56,20.0748
1.007,280,140000,0.0755,59964.15,16789960.86,12.5781
1.007,290,140000,0.0703,64240.25,18629671.79,4.1697
1.007,300,140000,0.0657,68671.76,20601529.43,-5.1826
1.007,310,140000,0.0616,73258.19,22710040.3,-15.5111
1.007,320,140000,0.0578,77999.11,24959715.59,-26.8478
1.007,330,140000,0.0543,82894.15,27355070.39,-39.2251
1.007,340,140000,0.0512,87943.01,29900623.16,-52.6752
1.007,350,140000,0.0483,93145.41,32600895.22,-67.2305
1.007,360,140000,0.0456,98501.14,35460410.37,-82.9233
1.007,370,140000,0.0432,104009.99,38483694.55,-99.7858
1.007,380,140000,0.041,109671.78,41675275.54,-117.8504
1.007,390,140000,0.0389,115486.37,45039682.78,-137.1495
1.007,10,150000,63.3861,535259.21,5352592.11,-31.2671
1.007,20,150000,15.8465,134098.78,2681975.54,-9.0461
1.007,30,150000,7.0429,60146.37,1804391.08,1.2214
1.007,40,150000,3.9616,34660.59,1386423.61,8.4247
1.007,50,150000,2.5354,23300.5,1165024.97,14.3176
1.007,60,150000,1.7607,17592.36,1055541.5,19.4643
1.007,70,150000,1.2936,14632.71,1024289.39,24.0896
1.007,80,150000,0.9904,13208.73,1056698.52,28.2904
1.007,90,150000,0.7825,12741.04,1146693.77,32.1073
1.007,100,150000,0.6339,12924.47,1292447.49,35.5525
1.007,110,150000,0.5239,13585.9,1494448.82,38.6227
1.007,120,150000,0.4402,14621.15,1754538.43,41.3056
1.007,130,150000,0.3751,15964.53,2075388.61,43.5835
1.007,140,150000,0.3234,17572.9,2460206.33,45.4349
1.007,150,150000,0.2817,19417.03,2912554.99,46.8362
1.007,160,150000,0.2476,21476.52,3436243.02,47.7618
1.007,170,150000,0.2193,23736.78,4035251.85,48.1853
1.007,180,150000,0.1956,26187.15,4713687.81,48.0793
1.007,190,150000,0.1756,28819.73,5475749.29,47.4157
1.007,200,150000,0.1585,31628.52,6325703.74,46.1662
1.007,210,150000,0.1437,34608.91,7267871.18,44.302
1.007,220,150000,0.131,37757.33,8306612.29,41.7939
1.007,230,150000,0.1198,41070.95,9446319.56,38.6128
1.007,240,150000,0.11,44547.54,10691410.65,34.7291
1.007,250,150000,0.1014,48185.29,12046323.39,30.1132
1.007,260,150000,0.0938,51982.74,13515511.87,24.7355
1.007,270,150000,0.0869,55938.68,15103443.42,18.5661
1.007,280,150000,0.0808,60052.13,16814596.29,11.5753
1.007,290,150000,0.0754,64322.27,18653457.73,3.7331
1.007,300,150000,0.0704,68748.41,20624522.5,-4.9904
1.007,310,150000,0.066,73329.97,22732291.66,-14.6253
1.007,320,150000,0.0619,78066.47,24981271.59,-25.2016
1.007,330,150000,0.0582,82957.49,27375973.18,-36.7494
1.007,340,150000,0.0548,88002.68,29920911.16,-49.2988
1.007,350,150000,0.0517,93201.72,32620603.57,-62.8799
1.007,360,150000,0.0489,98554.36,35479571.26,-77.5228
1.007,370,150000,0.0463,104060.37,38502337.58,-93.2577
1.007,380,150000,0.0439,109719.55,41693427.97,-110.1147
1.007,390,150000,0.0417,115531.72,45057369.75,-128.1241
1.007,10,160000,67.6118,608995.6,6089956.03,-33.9214
1.007,20,160000,16.903,152532.87,3050657.49,-10.785
1.007,30,160000,7.5124,68339.3,2050179.05,-0.3911
1.007,40,160000,4.2257,39269.11,1570764.59,6.746
1.007,50,160000,2.7045,26249.96,1312497.75,12.501
1.007,60,160000,1.8781,19640.59,1178435.48,17.4797
1.007,70,160000,1.3798,16137.53,1129627.09,21.9256
1.007,80,160000,1.0564,14360.86,1148869.01,25.9462
1.007,90,160000,0.8347,13651.37,1228623.1,29.5885
1.007,100,160000,0.6761,13661.84,1366183.88,32.8696
1.007,110,160000,0.5588,14195.29,1561481.91,35.7898
1.007,120,160000,0.4695,15133.21,1815985.42,38.34
1.007,130,160000,0.4001,16400.84,2132108.91,40.505
1.007,140,160000,0.345,17949.11,2512875.18,42.2661
1.007,150,160000,0.3005,19744.75,2961712.58,43.6017
1.007,160,160000,0.2641,21764.55,3482328.27,44.4886
1.007,170,160000,0.234,23991.92,4078626.19,44.9026
1.007,180,160000,0.2087,26414.74,4754652.47,44.8183
1.007,190,160000,0.1873,29023.99,5514557.92,44.2097
1.007,200,160000,0.169,31812.86,6362571.94,43.0504
1.007,210,160000,0.1533,34776.11,7302983.75,41.3137
1.007,220,160000,0.1397,37909.68,8340128.83,38.9723
1.007,230,160000,0.1278,41210.34,9478378.86,35.9991
1.007,240,160000,0.1174,44675.56,10722134.15,32.3665
1.007,250,160000,0.1082,48303.27,12075817.95,28.0468
1.007,260,160000,0.1,52091.82,13543872.02,23.0123
1.007,270,160000,0.0927,56039.83,15130753.19,17.2351
1.007,280,160000,0.0862,60146.18,16840930.71,10.6873
1.007,290,160000,0.0804,64409.95,18678884.07,3.3409
1.007,300,160000,0.0751,68830.34,20649101.29,-4.8321
1.007,310,160000,0.0704,73406.7,22756077.59,-13.8599
1.007,320,160000,0.066,78138.48,25004314.21,-23.7706
1.007,330,160000,0.0621,83025.2,27398317.54,-34.5923
1.007,340,160000,0.0585,88066.47,29942598.34,-46.3532
1.007,350,160000,0.0552,93261.92,32641671.11,-59.0816
1.007,360,160000,0.0522,98611.26,35500053.59,-72.8056
1.007,370,160000,0.0494,104114.23,38522266.33,-87.5536
1.007,380,160000,0.0468,109770.61,41712832.28,-103.3538
1.007,390,160000,0.0445,115580.2,45076276.52,-120.2345
1.007,10,170000,71.8376,687489.18,6874891.81,-36.5433
1.007,20,170000,17.9594,172156.27,3443125.38,-12.4592
1.007,30,170000,7.982,77060.81,2311824.31,-1.9072
1.007,40,170000,4.4898,44174.96,1766998.53,5.1949
1.007,50,170000,2.8735,29389.7,1469484.91,10.8422
1.007,60,170000,1.9955,21820.97,1309258.11,15.682
1.007,70,170000,1.4661,17739.44,1241760.77,19.9763
1.007,80,170000,1.1225,15587.32,1246985.99,23.8428
1.007,90,170000,0.8869,14620.42,1315838.18,27.335
1.007,100,170000,0.7184,14446.77,1444677.45,30.4744
1.007,110,170000,0.5937,14844,1632839.71,33.2648
1.007,120,170000,0.4989,15678.31,1881396.74,35.6999
1.007,130,170000,0.4251,16865.3,2192488.59,37.7672
1.007,140,170000,0.3665,18349.59,2568942.03,39.45
1.007,150,170000,0.3193,20093.61,3014041.64,40.7291
1.007,160,170000,0.2806,22071.17,3531386.75,41.5831
1.007,170,170000,0.2486,24263.52,4124798.89,41.9897
1.007,180,170000,0.2217,26657,4798260.01,41.9254
1.007,190,170000,0.199,29241.42,5555870.33,41.3661
1.007,200,170000,0.1796,32009.09,6401818.73,40.2872
1.007,210,170000,0.1629,34954.1,7340361.64,38.6636
1.007,220,170000,0.1484,38071.85,8375807.73,36.47
1.007,230,170000,0.1358,41358.72,9512506.5,33.6808
1.007,240,170000,0.1247,44811.83,10754839.81,30.2702
1.007,250,170000,0.1149,48428.86,12107215.38,26.2123
1.007,260,170000,0.1063,52207.93,13574061.85,21.481
1.007,270,170000,0.0985,56147.5,15159824.89,16.0502
1.007,280,170000,0.0916,60246.3,16868964.13,9.8937
1.007,290,170000,0.0854,64503.28,18705950.82,2.9852
1.007,300,170000,0.0798,68917.55,20675265.82,-4.7018
1.007,310,170000,0.0748,73488.38,22781398.1,-13.1936
1.007,320,170000,0.0702,78215.14,25028843.46,-22.5166
1.007,330,170000,0.066,83097.28,27422103.48,-32.6973
1.007,340,170000,0.0621,88134.37,29965684.68,-43.7623
1.007,350,170000,0.0586,93325.99,32664097.84,-55.7381
1.007,360,170000,0.0554,98671.83,35521857.37,-68.6512
1.007,370,170000,0.0525,104171.57,38543480.81,-82.5282
1.007,380,170000,0.0497,109824.97,41733488.49,-97.3957
1.007,390,170000,0.0472,115631.8,45096403.08,-113.2803
1.007,10,180000,76.0633,770739.94,7707399.45,-39.1382
1.007,20,180000,19.0158,192968.96,3859379.2,-14.0795
1.007,30,180000,8.4515,86310.9,2589326.86,-3.3429
1.007,40,180000,4.754,49378.14,1975125.44,3.75
1.007,50,180000,3.0425,32719.73,1635986.44,9.3149
1.007,60,180000,2.1129,24133.49,1448009.39,14.0399
1.007,70,180000,1.5523,19438.43,1360690.44,18.2057
1.007,80,180000,1.1885,16888.12,1351049.44,21.94
1.007,90,180000,0.9391,15648.21,1408339.03,25.3025
1.007,100,180000,0.7606,15279.28,1527928.22,28.3188
1.007,110,180000,0.6286,15532.02,1708522.22,30.9963
1.007,120,180000,0.5282,16256.44,1950772.37,33.3312
1.007,130,180000,0.4501,17357.9,2256527.64,35.3133
1.007,140,180000,0.3881,18774.33,2628406.86,36.928
1.007,150,180000,0.3381,20463.61,3069542.15,38.158
1.007,160,180000,0.2971,22396.37,3583418.48,38.9839
1.007,170,180000,0.2632,24551.59,4173769.93,39.3849
1.007,180,180000,0.2348,26913.95,4844510.44,39.3393
1.007,190,180000,0.2107,29472.03,5599686.52,38.8246
1.007,200,180000,0.1902,32217.22,6443444.11,37.8178
1.007,210,180000,0.1725,35142.88,7380004.87,36.2954
1.007,220,180000,0.1572,38243.86,8413648.99,34.2336
1.007,230,180000,0.1438,41516.1,9548702.49,31.6085
1.007,240,180000,0.1321,44956.37,10789527.63,28.3958
1.007,250,180000,0.1217,48562.06,12140515.69,24.571
1.007,260,180000,0.1125,52331.08,13606081.38,20.1097
1.007,270,180000,0.1043,56261.7,15190658.5,14.9873
1.007,280,180000,0.097,60352.49,16898696.55,9.1789
1.007,290,180000,0.0904,64602.27,18734657.98,2.6598
1.007,300,180000,0.0845,69010.05,20703016.07,-4.5948
1.007,310,180000,0.0792,73575.01,22808253.18,-12.6098
1.007,320,180000,0.0743,78296.44,25054859.32,-21.4102
1.007,330,180000,0.0698,83173.73,27447330.98,-31.021
1.007,340,180000,0.0658,88206.38,29990170.2,-41.4671
1.007,350,180000,0.0621,93393.95,32687883.78,-52.7737
1.007,360,180000,0.0587,98736.06,35544982.58,-64.9657
1.007,370,180000,0.0556,104232.38,38565981.02,-78.0683
1.007,380,180000,0.0527,109882.62,41755396.58,-92.1066
1.007,390,180000,0.05,115686.54,45117749.43,-107.1056
1.007,10,190000,80.289,858747.9,8587478.96,-41.7102
1.007,20,190000,20.0723,214970.95,4299418.96,-15.6545
1.007,30,190000,8.921,96089.56,2882686.69,-4.711
1.007,40,190000,5.0181,54878.63,2195145.32,2.3946
1.007,50,190000,3.2116,36240.05,1812002.34,7.8982
1.007,60,190000,2.2303,26578.16,1594689.31,12.529
1.007,70,190000,1.6386,21234.52,1486416.08,16.5858
1.007,80,190000,1.2545,18263.24,1461059.38,20.2063
1.007,90,190000,0.9912,16734.73,1506125.64,23.4561
1.007,100,190000,0.8029,16159.36,1615936.17,26.3652
1.007,110,190000,0.6635,16259.36,1788529.45,28.9438
1.007,120,190000,0.5576,16867.6,2024112.33,31.1909
1.007,130,190000,0.4751,17878.66,2324226.06,33.0984
1.007,140,190000,0.4096,19223.35,2691269.68,34.6536
1.007,150,190000,0.3568,20854.76,3128214.11,35.8409
1.007,160,190000,0.3136,22740.15,3638423.45,36.6426
1.007,170,190000,0.2778,24856.11,4225539.31,37.0395
1.007,180,190000,0.2478,27185.58,4893403.74,37.0114
1.007,190,190000,0.2224,29715.82,5646006.5,36.5374
1.007,200,190000,0.2007,32437.24,6487448.08,35.5957
1.007,210,190000,0.1821,35342.44,7421913.41,34.1645
1.007,220,190000,0.1659,38425.69,8453652.6,32.2213
1.007,230,190000,0.1518,41682.46,9586966.81,29.7435
1.007,240,190000,0.1394,45109.16,10826197.61,26.7083
1.007,250,190000,0.1285,48702.88,12175718.87,23.0925
1.007,260,190000,0.1188,52461.27,13639930.59,18.8732
1.007,270,190000,0.1101,56382.42,15223254.04,14.0269
1.007,280,190000,0.1024,60464.74,16930127.96,8.5304
1.007,290,190000,0.0955,64706.92,18765005.55,2.3601
1.007,300,190000,0.0892,69107.84,20732352.06,-4.5073
1.007,310,190000,0.0835,73666.59,22836642.85,-12.0955
1.007,320,190000,0.0784,78382.38,25082361.8,-20.4281
1.007,330,190000,0.0737,83254.55,27474000.06,-29.5287
1.007,340,190000,0.0695,88282.51,30016054.89,-39.4209
1.007,350,190000,0.0655,93465.8,32713028.91,-50.1285
1.007,360,190000,0.062,98803.97,35569429.23,-61.6751
1.007,370,190000,0.0586,104296.67,38589766.95,-74.0846
1.007,380,190000,0.0556,109943.57,41778556.57,-87.3807
1.007,390,190000,0.0528,115744.4,45140315.57,-101.5872
1.007,10,200000,84.5148,951513.03,9515130.33,-44.263
1.007,20,200000,21.1287,238162.23,4763244.65,-17.1909
1.007,30,200000,9.3905,106396.79,3191903.82,-6.0215
1.007,40,200000,5.2822,60676.45,2427058.16,1.1153
1.007,50,200000,3.3806,39950.65,1997532.61,6.5756
1.007,60,200000,2.3476,29154.96,1749297.87,11.1295
1.007,70,200000,1.7248,23127.68,1618937.7,15.0939
1.007,80,200000,1.3205,19712.7,1577015.8,18.6162
1.007,90,200000,1.0434,17879.98,1609198.02,21.768
1.007,100,200000,0.8451,17087.01,1708701.31,24.5831
1.007,110,200000,0.6985,17026.01,1872861.39,27.075
1.007,120,200000,0.5869,17511.81,2101416.61,29.2448
1.007,130,200000,0.5001,18427.57,2395583.86,31.0867
1.007,140,200000,0.4312,19696.65,2757530.49,32.5896
1.007,150,200000,0.3756,21267.05,3190057.54,33.7396
1.007,160,200000,0.3301,23102.51,3696401.66,34.5206
1.007,170,200000,0.2924,25177.1,4280107.04,34.9147
1.007,180,200000,0.2608,27471.89,4944939.93,34.9032
1.007,190,200000,0.2341,29972.79,5694830.25,34.4664
1.007,200,200000,0.2113,32669.15,6533830.65,33.584
1.007,210,200000,0.1916,35552.8,7466087.29,32.2354
1.007,220,200000,0.1746,38617.36,8495818.58,30.3994
1.007,230,200000,0.1598,41857.82,9627299.48,28.0547
1.007,240,200000,0.1467,45270.21,10864849.75,25.1796
1.007,250,200000,0.1352,48851.3,12212824.92,21.7524
1.007,260,200000,0.125,52598.5,13675609.49,17.7511
1.007,270,200000,0.1159,56509.67,15257611.5,13.1538
1.007,280,200000,0.1078,60583.07,16963258.37,7.9382
1.007,290,200000,0.1005,64817.22,18796993.53,2.0822
1.007,300,200000,0.0939,69210.91,20763273.77,-4.4366
1.007,310,200000,0.0879,73763.12,22866567.08,-11.6404
1.007,320,200000,0.0825,78472.97,25111350.91,-19.5516
1.007,330,200000,0.0776,83339.73,27502110.7,-28.1928
1.007,340,200000,0.0731,88362.76,30043338.76,-37.5863
1.007,350,200000,0.069,93541.52,32739533.23,-47.7546
1.007,360,200000,0.0652,98875.55,35595197.32,-58.7202
1.007,370,200000,0.0617,104364.43,38614838.61,-70.5058
1.007,380,200000,0.0585,110007.81,41802968.45,-83.1338
1.007,390,200000,0.0556,115805.39,45164101.5,-96.6268
0.819,10,50000,25.9787,73176.47,731764.67,-3.8585
0.819,20,50000,6.4947,18525.07,370501.5,14.1436
0.819,30,50000,2.8865,8678.17,260345.24,27.1236
0.819,40,50000,1.6237,5555.1,222204.03,38.6633
0.819,50,50000,1.0391,4464.32,223215.76,49.4199
0.819,60,50000,0.7216,4248.17,254889.94,59.5632
0.819,70,50000,0.5302,4509.99,315699.41,69.1239
0.819,80,50000,0.4059,5084.1,406728.25,78.0801
0.819,90,50000,0.3207,5891.35,530221.11,86.3871
0.819,100,50000,0.2598,6890.03,689002.88,93.9883
0.819,110,50000,0.2147,8056.5,886215,100.8209
0.819,120,50000,0.1804,9376.53,1125183.53,106.8184
0.819,130,50000,0.1537,10841.14,1409348.15,111.9119
0.819,140,50000,0.1325,12444.44,1742221.59,116.0313
0.819,150,50000,0.1155,14182.44,2127365.25,119.1052
0.819,160,50000,0.1015,16052.34,2568374.05,121.0619
0.819,170,50000,0.0899,18052.16,3068866.5,121.8289
0.819,180,50000,0.0802,20180.43,3632478.19,121.3335
0.819,190,50000,0.072,22436.09,4262857.31,119.5027
0.819,200,50000,0.0649,24818.31,4963661.44,116.2635
0.819,210,50000,0.0589,27326.45,5738555.38,111.5425
0.819,220,50000,0.0537,29960.04,6591209.46,105.2662
0.819,230,50000,0.0491,32718.69,7525298.37,97.3613
0.819,240,50000,0.0451,35602.08,8544500.24,87.7541
0.819,250,50000,0.0416,38609.98,9652495.95,76.371
0.819,260,50000,0.0384,41742.19,10852968.6,63.1384
0.819,270,50000,0.0356,44998.53,12149603.09,47.9825
0.819,280,50000,0.0331,48378.88,13546085.83,30.8297
0.819,290,50000,0.0309,51883.12,15046104.46,11.6062
0.819,300,50000,0.0289,55511.16,16653347.63,-9.7619
0.819,310,50000,0.027,59262.92,18371504.85,-33.3482
0.819,320,50000,0.0254,63138.33,20204266.38,-59.2266
0.819,330,50000,0.0239,67137.34,22155323.08,-87.4709
0.819,340,50000,0.0225,71259.9,24228366.33,-118.1549
0.819,350,50000,0.0212,75505.97,26427087.97,-151.3525
0.819,360,50000,0.02,79875.5,28755180.22,-187.1375
0.819,370,50000,0.019,84368.47,31216335.64,-225.5838
0.819,380,50000,0.018,88984.86,33814247.09,-266.7652
0.819,390,50000,0.0171,93724.64,36552607.68,-310.7555
0.819,10,60000,31.1745,105347.01,1053470.14,-8.5771
0.819,20,60000,7.7936,26567.71,531354.23,9.1055
0.819,30,60000,3.4638,12252.68,367580.39,20.8158
0.819,40,60000,1.9484,7565.76,302630.39,30.8789
0.819,50,60000,1.247,5751.14,287556.85,40.1109
0.819,60,60000,0.866,5141.79,308507.52,48.7424
0.819,70,60000,0.6362,5166.53,361657.33,56.8373
0.819,80,60000,0.4871,5586.77,446941.44,64.3966
0.819,90,60000,0.3849,6288.51,565966.16,71.3935
0.819,100,60000,0.3117,7211.73,721173.43,77.7874
0.819,110,60000,0.2576,8322.37,915460.95,83.53
0.819,120,60000,0.2165,9599.94,1151992.32,88.5685
0.819,130,60000,0.1845,11031.5,1434094.72,92.8475
0.819,140,60000,0.1591,12608.58,1765200.55,96.3098
0.819,150,60000,0.1386,14325.42,2148812.28,98.8969
0.819,160,60000,0.1218,16178,2588480.64,100.5498
0.819,170,60000,0.1079,18163.47,3087790.35,101.2087
0.819,180,60000,0.0962,20279.73,3650350.72,100.8134
0.819,190,60000,0.0864,22525.21,4279789.17,99.3034
0.819,200,60000,0.0779,24898.73,4979746.71,96.6182
0.819,210,60000,0.0707,27399.4,5753874.68,92.6967
0.819,220,60000,0.0644,30026.51,6605832.44,87.4781
0.819,230,60000,0.0589,32779.5,7539285.57,80.9013
0.819,240,60000,0.0541,35657.94,8557904.64,72.905
0.819,250,60000,0.0499,38661.46,9665364.17,63.428
0.819,260,60000,0.0461,41789.78,10865341.88,52.4091
0.819,270,60000,0.0428,45042.66,12161518.11,39.7869
0.819,280,60000,0.0398,48419.91,13557575.31,25.4999
0.819,290,60000,0.0371,51921.37,15057197.75,9.4869
0.819,300,60000,0.0346,55546.9,16664071.14,-8.3136
0.819,310,60000,0.0324,59296.39,18381882.45,-27.9631
0.819,320,60000,0.0304,63169.75,20214319.68,-49.523
0.819,330,60000,0.0286,67166.88,22165071.73,-73.0549
0.819,340,60000,0.027,71287.73,24237828.25,-98.6201
0.819,350,60000,0.0254,75532.23,26436279.55,-126.2803
0.819,360,60000,0.0241,79900.32,28764116.48,-156.0968
0.819,370,60000,0.0228,84391.97,31225030.38,-188.1314
0.819,380,60000,0.0216,89007.14,33822713.03,-222.4454
0.819,390,60000,0.0205,93745.79,36560856.53,-259.1004
0.819,10,70000,36.3702,143366.75,1433667.51,-12.7832
0.819,20,70000,9.0926,36072.65,721452.91,5.089
0.819,30,70000,4.0411,16477.09,494312.85,16.0316
0.819,40,70000,2.2731,9941.99,397679.74,25.1098
0.819,50,70000,1.4548,7271.93,363596.32,33.2945
0.819,60,70000,1.0103,6197.9,371873.74,40.874
0.819,70,70000,0.7422,5942.45,415971.24,47.9417
0.819,80,70000,0.5683,6180.83,494466.11,54.5181
0.819,90,70000,0.449,6757.89,608210.31,60.5909
0.819,100,70000,0.3637,7591.93,759193.16,66.1318
0.819,110,70000,0.3006,8636.58,950024.35,71.1034
0.819,120,70000,0.2526,9863.96,1183675.43,75.4632
0.819,130,70000,0.2152,11256.47,1463340.68,79.1658
0.819,140,70000,0.1856,12802.55,1792357.5,82.1633
0.819,150,70000,0.1616,14494.39,2174158.77,84.4067
0.819,160,70000,0.1421,16326.52,2612242.97,85.8461
0.819,170,70000,0.1258,18295.03,3110154.9,86.4308
0.819,180,70000,0.1123,20397.07,3671472.79,86.1097
0.819,190,70000,0.1007,22630.52,4299799.56,84.8314
0.819,200,70000,0.0909,24993.78,4998756.58,82.544
0.819,210,70000,0.0825,27485.62,5771979.32,79.1957
0.819,220,70000,0.0751,30105.06,6623114.13,74.7344
0.819,230,70000,0.0688,32851.37,7555815.89,69.1078
0.819,240,70000,0.0631,35723.94,8573746.2,62.2637
0.819,250,70000,0.0582,38722.29,9680572.06,54.1496
0.819,260,70000,0.0538,41846.02,10879964.86,44.7132
0.819,270,70000,0.0499,45094.81,12175599.49,33.9019
0.819,280,70000,0.0464,48468.41,13571153.79,21.6631
0.819,290,70000,0.0432,51966.58,15070308.01,7.9444
0.819,300,70000,0.0404,55589.15,16676744.39,-7.307
0.819,310,70000,0.0378,59335.96,18394146.88,-24.1436
0.819,320,70000,0.0355,63206.88,20226200.85,-42.618
0.819,330,70000,0.0334,67201.8,22176592.86,-62.783
0.819,340,70000,0.0315,71320.62,24249010.53,-84.6913
0.819,350,70000,0.0297,75563.26,26447142.33,-108.3954
0.819,360,70000,0.0281,79929.66,28774677.52,-133.9482
0.819,370,70000,0.0266,84419.75,31235305.99,-161.4023
0.819,380,70000,0.0252,89033.47,33832718.22,-190.8104
0.819,390,70000,0.0239,93770.78,36570605.19,-222.2253
0.819,10,80000,41.566,187235.68,1872356.78,-16.6689
0.819,20,80000,10.3915,47039.88,940797.55,1.7111
0.819,30,80000,4.6184,21351.42,640542.61,12.1998
0.819,40,80000,2.5979,12683.8,507352.05,20.6002
0.819,50,80000,1.6626,9026.68,451334.18,28.0359
0.819,60,80000,1.1546,7416.48,444988.62,34.8508
0.819,70,80000,0.8483,6837.73,478641.14,41.1656
0.819,80,80000,0.6495,6866.28,549302.27,47.0179
0.819,90,80000,0.5132,7299.48,656953.56,52.4078
0.819,100,80000,0.4157,8030.62,803062.09,57.317
0.819,110,80000,0.3435,8999.14,989905.19,61.7169
0.819,120,80000,0.2887,10168.61,1220232.87,65.5734
0.819,130,80000,0.246,11516.05,1497086,68.8482
0.819,140,80000,0.2121,13026.37,1823692.45,71.5012
0.819,150,80000,0.1847,14689.36,2203404.73,73.4903
0.819,160,80000,0.1624,16497.88,2639661.05,74.7726
0.819,170,80000,0.1438,18446.82,3135960.15,75.3044
0.819,180,80000,0.1283,20532.47,3695844.42,75.0414
0.819,190,80000,0.1151,22752.04,4322888.47,73.9388
0.819,200,80000,0.1039,25103.46,5020691.04,71.9518
0.819,210,80000,0.0943,27585.09,5792869.29,69.0351
0.819,220,80000,0.0859,30195.7,6643054.56,65.1433
0.819,230,80000,0.0786,32934.3,7574889.33,60.2309
0.819,240,80000,0.0722,35800.1,8592024.92,54.2522
0.819,250,80000,0.0665,38792.48,9698119.64,47.1616
0.819,260,80000,0.0615,41910.91,10896837.52,38.9131
0.819,270,80000,0.057,45154.99,12191847.24,29.461
0.819,280,80000,0.053,48524.36,13586821.26,18.7594
0.819,290,80000,0.0494,52018.74,15085435.22,6.7622
0.819,300,80000,0.0462,55637.89,16691367.36,-6.5764
0.819,310,80000,0.0433,59381.61,18408298.15,-21.3025
0.819,320,80000,0.0406,63249.72,20239909.89,-37.4621
0.819,330,80000,0.0382,67242.08,22189886.48,-55.1013
0.819,340,80000,0.036,71358.57,24261913.15,-74.2661
0.819,350,80000,0.0339,75599.08,26459676.31,-95.0027
0.819,360,80000,0.0321,79963.51,28786863.33,-117.357
0.819,370,80000,0.0304,84451.79,31247162.46,-141.3752
0.819,380,80000,0.0288,89063.85,33844262.68,-167.1034
0.819,390,80000,0.0273,93799.62,36581853.63,-194.5878
0.819,10,90000,46.7617,236953.8,2369537.95,-20.3411
0.819,20,90000,11.6904,59469.41,1189388.14,-1.2412
0.819,30,90000,5.1957,26875.66,806269.66,9.0028
0.819,40,90000,2.9226,15791.18,631647.35,16.9302
0.819,50,90000,1.8705,11015.41,550770.41,23.816
0.819,60,90000,1.2989,8797.54,527852.15,30.0578
0.819,70,90000,0.9543,7852.39,549667.02,35.8025
0.819,80,90000,0.7307,7643.12,611449.91,41.1032
0.819,90,90000,0.5773,7913.29,712195.91,45.9709
0.819,100,90000,0.4676,8527.8,852780.21,50.396
0.819,110,90000,0.3865,9410.03,1035103.48,54.3573
0.819,120,90000,0.3247,10513.87,1261664.64,57.8271
0.819,130,90000,0.2767,11810.24,1535330.71,60.7735
0.819,140,90000,0.2386,13280.04,1859205.39,63.162
0.819,150,90000,0.2078,14910.33,2236550.14,64.9564
0.819,160,90000,0.1827,16692.09,2670734.88,66.1193
0.819,170,90000,0.1618,18618.86,3165206.1,66.6123
0.819,180,90000,0.1443,20685.92,3723465.6,66.3965
0.819,190,90000,0.1295,22889.77,4349055.9,65.4327
0.819,200,90000,0.1169,25227.75,5045550.1,63.681
0.819,210,90000,0.106,27697.83,5816544.58,61.1015
0.819,220,90000,0.0966,30298.43,6665653.7,57.6541
0.819,230,90000,0.0884,33028.29,7596505.91,53.2984
0.819,240,90000,0.0812,35886.42,8612740.8,47.994
0.819,250,90000,0.0748,38872.03,9718006.88,41.7004
0.819,260,90000,0.0692,41984.46,10915959.88,34.377
0.819,270,90000,0.0641,45223.19,12210261.36,25.983
0.819,280,90000,0.0596,48587.78,13604577.74,16.4777
0.819,290,90000,0.0556,52077.86,15102579.4,5.8204
0.819,300,90000,0.052,55693.13,16707940.07,-6.0298
0.819,310,90000,0.0487,59433.34,18424336.25,-19.1138
0.819,320,90000,0.0457,63298.27,20255446.8,-33.4723
0.819,330,90000,0.0429,67287.74,22204952.57,-49.1464
0.819,340,90000,0.0405,71401.58,24276536.13,-66.1768
0.819,350,90000,0.0382,75639.66,26473881.49,-84.6046
0.819,360,90000,0.0361,80001.87,28800673.92,-104.4708
0.819,370,90000,0.0342,84488.11,31260599.78,-125.8161
0.819,380,90000,0.0324,89098.28,33857346.39,-148.6817
0.819,390,90000,0.0307,93832.31,36594601.86,-173.1086
0.819,10,100000,51.9575,292521.1,2925211.03,-23.8637
0.819,20,100000,12.9894,73361.23,1467224.67,-3.8954
0.819,30,100000,5.7731,33049.8,991494.02,6.2503
0.819,40,100000,3.2473,19264.14,770565.62,13.848
0.819,50,100000,2.0783,13238.1,661905.03,20.323
0.819,60,100000,1.4433,10341.07,620464.33,26.1259
0.819,70,100000,1.0604,8986.41,629048.89,31.4284
0.819,80,100000,0.8118,8511.36,680909.05,36.2983
0.819,90,100000,0.6415,8599.3,773937.37,40.7564
0.819,100,100000,0.5196,9083.48,908347.51,44.8007
0.819,110,100000,0.4294,9869.27,1085619.21,48.4164
0.819,120,100000,0.3608,10899.76,1307970.73,51.5813
0.819,130,100000,0.3074,12139.04,1578074.79,54.2687
0.819,140,100000,0.2651,13563.55,1898896.32,56.4489
0.819,150,100000,0.2309,15157.3,2273595.01,58.0903
0.819,160,100000,0.203,16909.15,2705464.44,59.16
0.819,170,100000,0.1798,18811.13,3197892.75,59.6242
0.819,180,100000,0.1604,20857.42,3754336.32,59.4482
0.819,190,100000,0.1439,23043.69,4378301.85,58.5969
0.819,200,100000,0.1299,25366.67,5073333.76,57.035
0.819,210,100000,0.1178,27823.83,5843005.2,54.7267
0.819,220,100000,0.1074,30413.23,6690911.57,51.6361
0.819,230,100000,0.0982,33133.33,7620665.61,47.727
0.819,240,100000,0.0902,35982.89,8635893.84,42.9631
0.819,250,100000,0.0831,38960.94,9740233.81,37.3081
0.819,260,100000,0.0769,42066.66,10937331.92,30.7256
0.819,270,100000,0.0713,45299.41,12230841.84,23.1789
0.819,280,100000,0.0663,48658.65,13624423.2,14.6315
0.819,290,100000,0.0618,52143.93,15121740.54,5.0467
0.819,300,100000,0.0577,55754.88,16726462.5,-5.6121
0.819,310,100000,0.0541,59491.17,18442261.19,-17.3816
0.819,320,100000,0.0507,63352.54,20272811.58,-30.2987
0.819,330,100000,0.0477,67338.76,22221791.15,-44.4001
0.819,340,100000,0.0449,71449.65,24292879.46,-59.7226
0.819,350,100000,0.0424,75685.02,26489757.86,-76.3029
0.819,360,100000,0.0401,80044.75,28816109.28,-94.178
0.819,370,100000,0.038,84528.7,31275617.98,-113.3847
0.819,380,100000,0.036,89136.76,33871969.37,-133.9598
0.819,390,100000,0.0342,93868.85,36608849.89,-155.9402
0.819,10,110000,57.1532,353937.6,3539376.01,-27.2776
0.819,20,110000,14.2883,88715.36,1774307.16,-6.3329
0.819,30,110000,6.3504,39873.86,1196215.68,3.821
0.819,40,110000,3.5721,23102.67,924106.86,11.1933
0.819,50,110000,2.2861,15694.76,784738.02,17.3588
0.819,60,110000,1.5876,12047.09,722825.16,22.8202
0.819,70,110000,1.1664,10239.81,716786.74,27.7737
0.819,80,110000,0.893,9471,757679.67,32.3005
0.819,90,110000,0.7056,9357.53,842177.92,36.4309
0.819,100,110000,0.5715,9697.64,969764.01,40.1696
0.819,110,110000,0.4723,10376.84,1141452.39,43.5073
0.819,120,110000,0.3969,11326.26,1359151.14,46.4268
0.819,130,110000,0.3382,12502.45,1625318.25,48.9057
0.819,140,110000,0.2916,13876.89,1942765.25,50.9184
0.819,150,110000,0.254,15430.26,2314539.34,52.4372
0.819,160,110000,0.2233,17149.06,2743849.76,53.4329
0.819,170,110000,0.1978,19023.65,3234020.1,53.8754
0.819,180,110000,0.1764,21046.98,3788456.6,53.7336
0.819,190,110000,0.1583,23213.82,4410626.32,52.9761
0.819,200,110000,0.1429,25520.21,5104042.01,51.5709
0.819,210,110000,0.1296,27963.1,5872251.15,49.4857
0.819,220,110000,0.1181,30540.13,6718828.16,46.6881
0.819,230,110000,0.108,33249.43,7647368.43,43.1454
0.819,240,110000,0.0992,36089.52,8661484.05,38.8247
0.819,250,110000,0.0914,39059.2,9764800.4,33.6931
0.819,260,110000,0.0845,42157.51,10960953.65,27.7176
0.819,270,110000,0.0784,45383.66,12253588.69,20.8649
0.819,280,110000,0.0729,48736.99,13646357.67,13.1019
0.819,290,110000,0.068,52216.96,15142918.64,4.3954
0.819,300,110000,0.0635,55823.12,16746934.67,-5.288
0.819,310,110000,0.0595,59555.07,18462072.96,-15.9816
0.819,320,110000,0.0558,63412.51,20292004.24,-27.7188
0.819,330,110000,0.0525,67395.16,22240402.21,-40.5329
0.819,340,110000,0.0494,71502.77,24310943.13,-54.4575
0.819,350,110000,0.0467,75735.16,26507305.43,-69.5258
0.819,360,110000,0.0441,80092.14,28833169.42,-85.7715
0.819,370,110000,0.0417,84573.56,31292217.03,-103.2279
0.819,380,110000,0.0396,89179.29,33888131.6,-121.9286
0.819,390,110000,0.0376,93909.22,36624597.71,-141.907
0.819,10,120000,62.349,421203.29,4212032.89,-30.6099
0.819,20,120000,15.5872,105531.78,2110635.61,-8.6079
0.819,30,120000,6.9277,47347.82,1420434.64,1.6341
0.819,40,120000,3.8968,27306.78,1092271.08,8.8591
0.819,50,120000,2.494,18385.39,919269.4,14.7912
0.819,60,120000,1.7319,13915.58,834934.64,19.9843
0.819,70,120000,1.2724,11612.58,812880.58,24.6584
0.819,80,120000,0.9742,10522.02,841761.78,28.9081
0.819,90,120000,0.7697,10187.97,916917.57,32.7722
0.819,100,120000,0.6235,10370.3,1037029.7,36.2616
0.819,110,120000,0.5153,10932.75,1202603.02,39.3721
0.819,120,120000,0.433,11793.38,1415205.88,42.0908
0.819,130,120000,0.3689,12900.47,1677061.09,44.399
0.819,140,120000,0.3181,14220.09,1990812.17,46.2748
0.819,150,120000,0.2771,15729.22,2359383.13,47.6937
0.819,160,120000,0.2436,17411.82,2785890.81,48.6298
0.819,170,120000,0.2157,19256.4,3273588.16,49.056
0.819,180,120000,0.1924,21254.59,3825826.43,48.9444
0.819,190,120000,0.1727,23400.15,4446029.32,48.2664
0.819,200,120000,0.1559,25688.37,5137674.85,46.993
0.819,210,120000,0.1414,28115.63,5904282.43,45.095
0.819,220,120000,0.1288,30679.11,6749403.47,42.5426
0.819,230,120000,0.1179,33376.58,7676614.38,39.3062
0.819,240,120000,0.1082,36206.3,8689511.42,35.3558
0.819,250,120000,0.0998,39166.83,9791706.68,30.6612
0.819,260,120000,0.0922,42257.02,10986825.07,25.1922
0.819,270,120000,0.0855,45475.93,12278501.91,18.9186
0.819,280,120000,0.0795,48822.79,13670381.13,11.8099
0.819,290,120000,0.0741,52296.94,15166113.71,3.8358
0.819,300,120000,0.0693,55897.86,16769356.57,-5.0342
0.819,310,120000,0.0649,59625.07,18483771.57,-14.8306
0.819,320,120000,0.0609,63478.2,20313024.77,-25.5841
0.819,330,120000,0.0573,67456.93,22260785.75,-37.325
0.819,340,120000,0.0539,71560.96,24330727.16,-50.0842
0.819,350,120000,0.0509,75790.07,26526524.2,-63.8922
0.819,360,120000,0.0481,80144.04,28851854.33,-78.7796
0.819,370,120000,0.0455,84622.69,31310396.95,-94.7771
0.819,380,120000,0.0432,89225.88,33905833.1,-111.9154
0.819,390,120000,0.041,93953.45,36641845.32,-130.2251
0.819,10,130000,67.5447,494318.17,4943181.68,-33.8795
0.819,20,130000,16.8862,123810.5,2476210,-10.7579
0.819,30,130000,7.505,55471.7,1664150.91,-0.3663
0.819,40,130000,4.2215,31876.46,1275058.28,6.7716
0.819,50,130000,2.7018,21309.98,1065499.16,12.5285
0.819,60,130000,1.8762,15946.55,956792.77,17.5097
0.819,70,130000,1.3785,13104.72,917330.41,21.9582
0.819,80,130000,1.0554,11664.44,933155.38,25.9814
0.819,90,130000,0.8339,11090.63,998156.33,29.6263
0.819,100,130000,0.6754,11101.45,1110144.58,32.9098
0.819,110,130000,0.5582,11537.01,1269071.09,35.8322
0.819,120,130000,0.4691,12301.12,1476134.95,38.3844
0.819,130,130000,0.3997,13333.1,1733303.3,40.5511
0.819,140,130000,0.3446,14593.12,2043037.09,42.3135
0.819,150,130000,0.3002,16054.18,2408126.39,43.65
0.819,160,130000,0.2638,17697.42,2831587.61,44.5376
0.819,170,130000,0.2337,19509.39,3316596.91,44.9516
0.819,180,130000,0.2085,21480.25,3866445.8,44.867
0.819,190,130000,0.1871,23602.69,4484510.83,44.2576
0.819,200,130000,0.1689,25871.16,5174232.29,43.097
0.819,210,130000,0.1532,28281.42,5939099.04,41.3583
0.819,220,130000,0.1396,30830.17,6782637.51,39.0145
0.819,230,130000,0.1277,33514.8,7708403.46,36.0381
0.819,240,130000,0.1173,36333.23,8719975.95,32.4018
0.819,250,130000,0.1081,39283.81,9820952.63,28.0776
0.819,260,130000,0.0999,42365.18,11014946.17,23.038
0.819,270,130000,0.0927,45576.23,12305581.5,17.255
0.819,280,130000,0.0862,48916.05,13696493.58,10.7006
0.819,290,130000,0.0803,52383.88,15191325.74,3.3468
0.819,300,130000,0.075,55979.09,16793728.19,-4.8344
0.819,310,130000,0.0703,59701.15,18507357.01,-13.8712
0.819,320,130000,0.066,63549.6,20335873.16,-23.7918
0.819,330,130000,0.062,67524.07,22282941.78,-34.6243
0.819,340,130000,0.0584,71624.21,24352231.53,-46.397
0.819,350,130000,0.0551,75849.75,26547414.17,-59.1381
0.819,360,130000,0.0521,80200.46,28872164.02,-72.8758
0.819,370,130000,0.0493,84676.1,31330157.72,-87.6385
0.819,380,130000,0.0468,89276.51,33925073.86,-103.4545
0.819,390,130000,0.0444,94001.52,36660592.73,-120.352
0.819,10,140000,72.7405,573282.24,5732822.36,-37.0999
0.819,20,140000,18.1851,143551.52,2871030.34,-12.8096
0.819,30,140000,8.0823,64245.48,1927364.47,-2.2203
0.819,40,140000,4.5463,36811.71,1472468.45,4.8778
0.819,50,140000,2.9096,24468.55,1223427.3,10.5056
0.819,60,140000,2.0206,18139.99,1088399.55,15.3189
0.819,70,140000,1.4845,14716.23,1030136.22,19.584
0.819,80,140000,1.1366,12898.26,1031860.47,23.4205
0.819,90,140000,0.898,12065.49,1085894.18,26.8834
0.819,100,140000,0.7274,11891.09,1189108.65,29.9951
0.819,110,140000,0.6012,12189.61,1340856.61,32.76
0.819,120,140000,0.5051,12849.49,1541938.34,35.1726
0.819,130,140000,0.4304,13800.35,1794044.9,37.2207
0.819,140,140000,0.3711,14996,2099439.99,38.8882
0.819,150,140000,0.3233,16405.13,2460769.1,40.1561
0.819,160,140000,0.2841,18005.88,2880940.15,41.0038
0.819,170,140000,0.2517,19782.63,3363046.36,41.409
0.819,180,140000,0.2245,21723.97,3910314.73,41.3488
0.819,190,140000,0.2015,23821.43,4526070.87,40.7995
0.819,200,140000,0.1819,26068.57,5213714.32,39.7366
0.819,210,140000,0.1649,28460.48,5976700.98,38.1356
0.819,220,140000,0.1503,30993.32,6818530.26,35.9714
0.819,230,140000,0.1375,33664.07,7742735.66,33.2188
0.819,240,140000,0.1263,36470.32,8752877.65,29.8523
0.819,250,140000,0.1164,39410.15,9852538.26,25.8465
0.819,260,140000,0.1076,42481.99,11045316.97,21.1755
0.819,270,140000,0.0998,45684.55,12334827.45,15.8136
0.819,280,140000,0.0928,49016.77,13724695.04,9.7348
0.819,290,140000,0.0865,52477.77,15218554.72,2.9133
0.819,300,140000,0.0808,56066.83,16820049.55,-4.6771
0.819,310,140000,0.0757,59783.32,18532829.29,-13.0624
0.819,320,140000,0.071,63626.72,20360549.44,-22.2686
0.819,330,140000,0.0668,67596.58,22306870.28,-32.3221
0.819,340,140000,0.0629,71692.52,24375456.26,-43.2488
0.819,350,140000,0.0594,75914.22,26569975.33,-55.0751
0.819,360,140000,0.0561,80261.38,28894098.49,-67.8271
0.819,370,140000,0.0531,84733.78,31351499.36,-81.5311
0.819,380,140000,0.0504,89331.19,33945853.87,-96.2133
0.819,390,140000,0.0478,94053.44,36680839.93,-111.9001
0.819,10,150000,77.9362,658095.5,6580954.95,-40.2808
0.819,20,150000,19.4841,164754.83,3295096.64,-14.7828
0.819,30,150000,8.6596,73669.18,2210075.33,-3.957
0.819,40,150000,4.871,42112.54,1684501.6,3.1391
0.819,50,150000,3.1174,27861.08,1393053.81,8.6744
0.819,60,150000,2.1649,20495.92,1229754.99,13.3553
0.819,70,150000,1.5905,16447.11,1151298.02,17.4706
0.819,80,150000,1.2178,14223.46,1137877.04,21.1524
0.819,90,150000,0.9622,13112.57,1180131.14,24.463
0.819,100,150000,0.7794,12739.22,1273921.91,27.43
0.819,110,150000,0.6441,12890.54,1417959.57,30.062
0.819,120,150000,0.5412,13438.47,1612616.05,32.3566
0.819,130,150000,0.4612,14302.2,1859285.86,34.3044
0.819,140,150000,0.3976,15428.72,2160020.89,35.8918
0.819,150,150000,0.3464,16782.08,2517311.27,37.1021
0.819,160,150000,0.3044,18337.18,2933948.44,37.9168
0.819,170,150000,0.2697,20076.1,3412936.51,38.3158
0.819,180,150000,0.2405,21985.74,3957433.21,38.2781
0.819,190,150000,0.2159,24056.37,4570709.43,37.7819
0.819,200,150000,0.1948,26280.6,5256120.95,36.8048
0.819,210,150000,0.1767,28652.8,6017088.25,35.3239
0.819,220,150000,0.161,31168.55,6857081.75,33.3163
0.819,230,150000,0.1473,33824.4,7779610.99,30.7583
0.819,240,150000,0.1353,36617.57,8788216.51,27.6266
0.819,250,150000,0.1247,39545.85,9886463.56,23.8972
0.819,260,150000,0.1153,42607.45,11077937.45,19.5463
0.819,270,150000,0.1069,45800.89,12366239.77,14.5499
0.819,280,150000,0.0994,49124.95,13754985.49,8.8839
0.819,290,150000,0.0927,52578.62,15247800.68,2.5241
0.819,300,150000,0.0866,56161.07,16848320.64,-4.5538
0.819,310,150000,0.0811,59871.58,18560188.41,-12.3739
0.819,320,150000,0.0761,63709.54,20387053.58,-20.9608
0.819,330,150000,0.0716,67674.46,22332571.27,-30.3386
0.819,340,150000,0.0674,71765.89,24400401.34,-40.5319
0.819,350,150000,0.0636,75983.45,26594207.69,-51.565
0.819,360,150000,0.0601,80326.83,28917657.72,-63.4623
0.819,370,150000,0.0569,84795.73,31374421.87,-76.2485
0.819,380,150000,0.054,89389.93,33968173.15,-89.9479
0.819,390,150000,0.0512,94109.2,36702586.91,-104.585
0.819,10,160000,83.132,748757.94,7487579.45,-43.4296
0.819,20,160000,20.783,187420.44,3748408.88,-16.692
0.819,30,160000,9.2369,83742.78,2512283.5,-5.5985
0.819,40,160000,5.1957,47778.94,1911157.72,1.5263
0.819,50,160000,3.3253,31487.57,1574378.71,6.9989
0.819,60,160000,2.3092,23014.32,1380859.07,11.5762
0.819,70,160000,1.6966,18297.37,1280815.81,15.5692
0.819,80,160000,1.2989,15640.06,1251205.1,19.1221
0.819,90,160000,1.0263,14231.86,1280867.19,22.3044
0.819,100,160000,0.8313,13645.84,1364584.36,25.149
0.819,110,160000,0.687,13639.82,1500379.98,27.668
0.819,120,160000,0.5773,14068.07,1688168.09,29.8621
0.819,130,160000,0.4919,14838.66,1929026.21,31.7245
0.819,140,160000,0.4241,15891.28,2224779.78,33.2438
0.819,150,160000,0.3695,17185.02,2577752.9,34.4055
0.819,160,160000,0.3247,18691.33,2990612.47,35.1929
0.819,170,160000,0.2877,20389.81,3466267.37,35.5878
0.819,180,160000,0.2566,22265.56,4007801.24,35.5709
0.819,190,160000,0.2303,24307.51,4618426.51,35.1223
0.819,200,160000,0.2078,26507.26,5301452.18,34.2212
0.819,210,160000,0.1885,28858.38,6060260.84,32.8464
0.819,220,160000,0.1718,31355.87,6898291.95,30.9764
0.819,230,160000,0.1571,33995.78,7819029.45,28.5896
0.819,240,160000,0.1443,36774.97,8825992.53,25.6638
0.819,250,160000,0.133,39690.91,9922728.54,22.177
0.819,260,160000,0.123,42741.57,11112807.62,18.1067
0.819,270,160000,0.114,45925.25,12399818.45,13.4307
0.819,280,160000,0.106,49240.59,13787364.93,8.1263
0.819,290,160000,0.0988,52686.43,15279063.59,2.1709
0.819,300,160000,0.0924,56261.8,16878541.45,-4.458
0.819,310,160000,0.0865,59965.92,18589434.36,-11.7834
0.819,320,160000,0.0812,63798.08,20415385.6,-19.8278
0.819,330,160000,0.0763,67757.71,22360044.74,-28.6142
0.819,340,160000,0.0719,71844.31,24427066.76,-38.1653
0.819,350,160000,0.0679,76057.46,26620111.24,-48.504
0.819,360,160000,0.0641,80396.78,28942841.74,-59.6533
0.819,370,160000,0.0607,84861.96,31398925.23,-71.6361
0.819,380,160000,0.0576,89452.71,33992031.69,-84.4753
0.819,390,160000,0.0547,94168.8,36725833.7,-98.1938
0.819,10,170000,88.3277,845269.58,8452695.84,-46.5521
0.819,20,170000,22.0819,211548.35,4230967.08,-18.5487
0.819,30,170000,9.8142,94466.3,2833988.96,-7.1615
0.819,40,170000,5.5205,53810.92,2152436.82,0.0172
0.819,50,170000,3.5331,35348.04,1767401.99,5.4518
0.819,60,170000,2.4535,25695.2,1541711.8,9.9491
0.819,70,170000,1.8026,20266.99,1418689.58,13.8424
0.819,80,170000,1.3801,17148.06,1371844.65,17.2876
0.819,90,170000,1.0905,15423.36,1388102.35,20.3616
0.819,100,170000,0.8833,14610.96,1461096,23.1019
0.819,110,170000,0.73,14437.43,1588117.83,25.5244
0.819,120,170000,0.6134,14738.29,1768594.46,27.6324
0.819,130,170000,0.5226,15409.74,2003265.93,29.4216
0.819,140,170000,0.4507,16383.69,2293716.67,30.8828
0.819,150,170000,0.3926,17613.96,2642094,32.0031
0.819,160,170000,0.345,19068.33,3050932.25,32.7679
0.819,170,170000,0.3056,20723.76,3523038.92,33.1604
0.819,180,170000,0.2726,22563.44,4061418.81,33.1631
0.819,190,170000,0.2447,24574.85,4669222.11,32.7575
0.819,200,170000,0.2208,26748.54,5349708,31.9243
0.819,210,170000,0.2003,29077.23,6106218.77,30.6439
0.819,220,170000,0.1825,31555.28,6942160.88,28.8962
0.819,230,170000,0.167,34178.22,7860991.03,26.661
0.819,240,170000,0.1533,36942.52,8866205.71,23.9176
0.819,250,170000,0.1413,39845.33,9961333.2,20.6454
0.819,260,170000,0.1307,42884.34,11149927.49,16.8233
0.819,270,170000,0.1212,46057.64,12435563.5,12.4304
0.819,280,170000,0.1127,49363.69,13821833.37,7.4455
0.819,290,170000,0.105,52801.18,15312343.46,1.8475
0.819,300,170000,0.0981,56369.04,16910712,-4.385
0.819,310,170000,0.0919,60066.35,18620567.15,-11.2734
0.819,320,170000,0.0863,63892.33,20445545.48,-18.8389
0.819,330,170000,0.0811,67846.34,22389290.69,-27.103
0.819,340,170000,0.0764,71927.8,24455452.54,-36.0872
0.819,350,170000,0.0721,76136.25,26647686,-45.8131
0.819,360,170000,0.0682,80471.25,28969650.53,-56.302
0.819,370,170000,0.0645,84932.46,31425009.46,-67.5757
0.819,380,170000,0.0612,89519.55,34017429.49,-79.6555
0.819,390,170000,0.0581,94232.26,36750580.27,-92.5632
0.819,10,180000,93.5235,947630.41,9476304.14,-49.6526
0.819,20,180000,23.3809,237138.56,4742771.23,-20.3616
0.819,30,180000,10.3915,105839.72,3175191.73,-8.6593
0.819,40,180000,5.8452,60208.47,2408338.9,-1.4054
0.819,50,180000,3.7409,39442.47,1972123.65,4.0116
0.819,60,180000,2.5979,28538.55,1712313.18,8.4485
0.819,70,180000,1.9086,22355.99,1564919.33,12.261
0.819,80,180000,1.4613,18747.45,1499795.69,15.6163
0.819,90,180000,1.1546,16687.07,1501836.6,18.5986
0.819,100,180000,0.9352,15634.57,1563456.83,21.2498
0.819,110,180000,0.7729,15283.39,1681173.13,23.5894
0.819,120,180000,0.6495,15449.13,1853895.15,25.6234
0.819,130,180000,0.5534,16015.42,2082005.03,27.3497
0.819,140,180000,0.4772,16905.94,2366831.55,28.7609
0.819,150,180000,0.4157,18068.9,2710334.55,29.8461
0.819,160,180000,0.3653,19468.17,3114907.76,30.592
0.819,170,180000,0.3236,21077.95,3583251.17,30.9837
0.819,180,180000,0.2887,22879.37,4118285.94,31.0048
0.819,190,180000,0.2591,24858.4,4723096.23,30.6383
0.819,200,180000,0.2338,27004.44,5400888.41,29.8664
0.819,210,180000,0.2121,29309.34,6154962.02,28.6706
0.819,220,180000,0.1932,31766.77,6988688.53,27.0324
0.819,230,180000,0.1768,34371.72,7905495.74,24.9326
0.819,240,180000,0.1624,37120.23,8908856.06,22.3519
0.819,250,180000,0.1496,40009.11,10002277.53,19.2709
0.819,260,180000,0.1383,43035.76,11189297.04,15.6699
0.819,270,180000,0.1283,46198.06,12473474.92,11.5292
0.819,280,180000,0.1193,49494.25,13858390.81,6.8288
0.819,290,180000,0.1112,52922.9,15347640.3,1.5487
0.819,300,180000,0.1039,56482.77,16944832.28,-4.331
0.819,310,180000,0.0973,60172.86,18653586.77,-10.8305
0.819,320,180000,0.0913,63992.29,20477533.24,-17.97
0.819,330,180000,0.0859,67940.33,22420309.12,-25.7696
0.819,340,180000,0.0809,72016.35,24485558.67,-34.2496
0.819,350,180000,0.0763,76219.81,26676931.95,-43.4304
0.819,360,180000,0.0722,80550.23,28998084.09,-53.3321
0.819,370,180000,0.0683,85007.23,31452674.55,-63.9751
0.819,380,180000,0.0648,89590.44,34044366.55,-75.3799
0.819,390,180000,0.0615,94299.56,36776826.64,-87.5666
0.819,10,190000,98.7192,1055840.43,10558404.34,-52.7345
0.819,20,190000,24.6798,264191.07,5283821.33,-22.1376
0.819,30,190000,10.9688,117863.06,3535891.79,-10.1019
0.819,40,190000,6.17,66971.6,2678863.95,-2.7552
0.819,50,190000,3.9488,43770.87,2188543.69,2.6614
0.819,60,190000,2.7422,31544.39,1892663.22,7.0547
0.819,70,190000,2.0147,24564.36,1719505.08,10.802
0.819,80,190000,1.5425,20438.23,1635058.21,14.0825
0.819,90,190000,1.2188,18023,1622069.96,16.9869
0.819,100,190000,0.9872,16716.67,1671666.85,19.5618
0.819,110,190000,0.8159,16177.69,1779545.88,21.8301
0.819,120,190000,0.6856,16200.58,1944070.17,23.8002
0.819,130,190000,0.5841,16655.72,2165243.51,25.4721
0.819,140,190000,0.5037,17458.03,2444124.42,26.8403
0.819,150,190000,0.4388,18549.83,2782474.56,27.8955
0.819,160,190000,0.3856,19890.87,3182539.03,28.6259
0.819,170,190000,0.3416,21452.38,3646904.12,29.0179
0.819,180,190000,0.3047,23213.35,4178402.62,29.0566
0.819,190,190000,0.2735,25158.15,4780048.87,28.726
0.819,200,190000,0.2468,27274.97,5454993.42,28.0097
0.819,210,190000,0.2239,29554.72,6206490.6,26.8905
0.819,220,190000,0.204,31990.34,7037874.9,25.3508
0.819,230,190000,0.1866,34576.28,7952543.58,23.3727
0.819,240,190000,0.1714,37308.1,8953943.56,20.9382
0.819,250,190000,0.158,40182.25,10045561.54,18.0289
0.819,260,190000,0.146,43195.83,11230916.27,14.6262
0.819,270,190000,0.1354,46346.49,12513552.71,10.7115
0.819,280,190000,0.1259,49632.28,13897037.25,6.266
0.819,290,190000,0.1174,53051.57,15384954.1,1.2708
0.819,300,190000,0.1097,56603.01,16980902.28,-4.2929
0.819,310,190000,0.1027,60285.46,18688493.23,-10.4442
0.819,320,190000,0.0964,64097.97,20511348.87,-17.2022
0.819,330,190000,0.0907,68039.7,22453100.04,-24.5859
0.819,340,190000,0.0854,72109.96,24517385.14,-32.6145
0.819,350,190000,0.0806,76308.14,26707849.1,-41.3073
0.819,360,190000,0.0762,80633.73,29028142.43,-50.6834
0.819,370,190000,0.0721,85086.27,31481920.5,-60.762
0.819,380,190000,0.0684,89665.38,34072842.87,-71.5624
0.819,390,190000,0.0649,94370.7,36804572.8,-83.1039
0.819,10,200000,103.915,1169899.64,11698996.45,-55.8008
0.819,20,200000,25.9787,292705.87,5854117.38,-23.8822
0.819,30,200000,11.5461,130536.31,3916089.16,-11.4978
0.819,40,200000,6.4947,74100.3,2964011.97,-4.0432
0.819,50,200000,4.1566,48333.24,2416662.11,1.3877
0.819,60,200000,2.8865,34712.7,2082761.9,5.7514
0.819,70,200000,2.1207,26892.1,1882446.81,9.4472
0.819,80,200000,1.6237,22220.4,1777632.23,12.6655
0.819,90,200000,1.2829,19431.14,1748802.41,15.5039
0.819,100,200000,1.0391,17857.26,1785726.06,18.0135
0.819,110,200000,0.8588,17120.33,1883236.07,20.2201
0.819,120,200000,0.7216,16992.66,2039119.51,22.1349
0.819,130,200000,0.6149,17330.63,2252981.36,23.7598
0.819,140,200000,0.5302,18039.97,2525595.28,25.091
0.819,150,200000,0.4618,19056.76,2858514.04,26.1206
0.819,160,200000,0.4059,20336.41,3253826.03,26.8382
0.819,170,200000,0.3596,21847.05,3713997.78,27.2316
0.819,180,200000,0.3207,23565.38,4241768.85,27.2869
0.819,190,200000,0.2879,25474.11,4840080.03,26.9896
0.819,200,200000,0.2598,27560.12,5512023.03,26.3241
0.819,210,200000,0.2356,29813.35,6260804.51,25.2744
0.819,220,200000,0.2147,32226,7089719.99,23.824
0.819,230,200000,0.1964,34791.89,8002134.54,21.9561
0.819,240,200000,0.1804,37506.12,9001468.24,19.6537
0.819,250,200000,0.1663,40364.74,10091185.22,16.8993
0.819,260,200000,0.1537,43364.56,11274785.2,13.6755
0.819,270,200000,0.1425,46502.95,12555796.86,9.9647
0.819,280,200000,0.1325,49777.76,13937772.68,5.749
0.819,290,200000,0.1236,53187.19,15424284.87,1.0106
0.819,300,200000,0.1155,56729.74,17018922.02,-4.2683
0.819,310,200000,0.1081,60404.15,18725286.52,-10.1059
0.819,320,200000,0.1015,64209.35,20546992.38,-16.5203
0.819,330,200000,0.0954,68144.43,22487663.44,-23.5294
0.819,340,200000,0.0899,72208.62,24550931.97,-31.1515
0.819,350,200000,0.0848,76401.25,26740437.44,-39.4049
0.819,360,200000,0.0802,80721.74,29059825.54,-48.3076
0.819,370,200000,0.0759,85169.59,31512747.31,-57.878
0.819,380,200000,0.072,89744.36,34102858.46,-68.1343
0.819,390,200000,0.0683,94445.69,36833818.75,-79.0949
0.525,10,50000,40.5268,114098.69,1140986.9,-15.9115
0.525,20,50000,10.1317,28672.72,573454.45,2.3474
0.525,30,50000,4.503,13028.57,390856.97,12.9075
0.525,40,50000,2.5329,7760.38,310415.23,21.4246
0.525,50,50000,1.6211,5549.37,277468.42,28.9918
0.525,60,50000,1.1257,4589.59,275375.48,35.9419
0.525,70,50000,0.8271,4262.26,298358.13,42.3904
0.525,80,50000,0.6332,4308.9,344711.61,48.3716
0.525,90,50000,0.5003,4606.02,414541.66,53.8832
0.525,100,50000,0.4053,5088.59,508859.21,58.9051
0.525,110,50000,0.3349,5719.72,629168.99,63.4071
0.525,120,50000,0.2814,6477.2,777263.74,67.3535
0.525,130,50000,0.2398,7347.03,955113.45,70.7047
0.525,140,50000,0.2068,8320.01,1164802.06,73.4192
0.525,150,50000,0.1801,9389.93,1408489.47,75.4536
0.525,160,50000,0.1583,10552.42,1688387.81,76.7639
0.525,170,50000,0.1402,11804.39,2006746.05,77.305
0.525,180,50000,0.1251,13143.55,2365839.83,77.0313
0.525,190,50000,0.1123,14568.23,2767964.36,75.8971
0.525,200,50000,0.1013,16077.15,3215429.61,73.856
0.525,210,50000,0.0919,17669.32,3710556.71,70.8617
0.525,220,50000,0.0837,19343.98,4255675.5,66.8675
0.525,230,50000,0.0766,21100.53,4853122.56,61.8268
0.525,240,50000,0.0704,22938.5,5505239.87,55.6927
0.525,250,50000,0.0648,24857.49,6214373.68,48.4182
0.525,260,50000,0.06,26857.21,6982873.73,39.9565
0.525,270,50000,0.0556,28937.38,7813092.55,30.2603
0.525,280,50000,0.0517,31097.8,8707385.03,19.2827
0.525,290,50000,0.0482,33338.3,9668107.96,6.9765
0.525,300,50000,0.045,35658.73,10697619.74,-6.7055
0.525,310,50000,0.0422,38058.97,11798280.09,-21.8105
0.525,320,50000,0.0396,40538.91,12972449.9,-38.3857
0.525,330,50000,0.0372,43098.46,14222491,-56.4783
0.525,340,50000,0.0351,45737.55,15550766.03,-76.1355
0.525,350,50000,0.0331,48456.11,16959638.35,-97.4048
0.525,360,50000,0.0313,51254.09,18451471.91,-120.3332
0.525,370,50000,0.0296,54131.44,20028631.21,-144.9682
0.525,380,50000,0.0281,57088.11,21693481.18,-171.3569
0.525,390,50000,0.0266,60124.07,23448387.15,-199.5468
0.525,10,60000,48.6322,164284.74,1642847.43,-21.6239
0.525,20,60000,12.1581,41219.24,824384.72,-2.226
0.525,30,60000,5.4036,18604.79,558143.81,7.9682
0.525,40,60000,3.0395,10897.01,435880.36,15.7628
0.525,50,60000,1.9453,7556.81,377840.53,22.4869
0.525,60,60000,1.3509,5983.65,359018.91,28.5575
0.525,70,60000,0.9925,5286.46,370052.49,34.1305
0.525,80,60000,0.7599,5093.05,407444.18,39.2641
0.525,90,60000,0.6004,5225.6,470303.94,43.9733
0.525,100,60000,0.4863,5590.45,559045.26,48.2512
0.525,110,60000,0.4019,6134.48,674792.68,52.0789
0.525,120,60000,0.3377,6825.71,819085.45,55.4309
0.525,130,60000,0.2878,7643.99,993718.11,58.2772
0.525,140,60000,0.2481,8576.07,1200649.25,60.5852
0.525,150,60000,0.2161,9612.98,1441946.84,62.3204
0.525,160,60000,0.19,10748.46,1719754.09,63.4471
0.525,170,60000,0.1683,11978.04,2036267.26,63.9288
0.525,180,60000,0.1501,13298.45,2393720.97,63.7281
0.525,190,60000,0.1347,14707.25,2794378.08,62.8073
0.525,200,60000,0.1216,16202.61,3240522.63,61.1284
0.525,210,60000,0.1103,17783.12,3734454.83,58.6531
0.525,220,60000,0.1005,19447.67,4278487.34,55.3427
0.525,230,60000,0.0919,21195.4,4874942.58,51.1587
0.525,240,60000,0.0844,23025.63,5526150.73,46.0621
0.525,250,60000,0.0778,24937.79,6234448.11,40.014
0.525,260,60000,0.0719,26931.45,7002176.06,32.9754
0.525,270,60000,0.0667,29006.22,7831679.98,24.9071
0.525,280,60000,0.062,31161.82,8725308.62,15.7702
0.525,290,60000,0.0578,33397.98,9685413.5,5.5253
0.525,300,60000,0.054,35714.49,10714348.42,-5.8668
0.525,310,60000,0.0506,38111.19,11814469.14,-18.4452
0.525,320,60000,0.0475,40587.92,12988133.04,-32.2495
0.525,330,60000,0.0447,43144.54,14237698.89,-47.3187
0.525,340,60000,0.0421,45780.96,15565526.63,-63.6923
0.525,350,60000,0.0397,48497.08,16973977.22,-81.4096
0.525,360,60000,0.0375,51292.81,18465412.48,-100.51
0.525,370,60000,0.0355,54168.09,20042195.01,-121.0329
0.525,380,60000,0.0337,57122.86,21706688.04,-143.0176
0.525,390,60000,0.032,60157.07,23461255.37,-166.5035
0.525,10,70000,56.7376,223595.53,2235955.33,-27.0078
0.525,20,70000,14.1844,56046.93,1120938.66,-6.1445
0.525,30,70000,6.3042,25194.88,755846.44,4.0055
0.525,40,70000,3.5461,14603.93,584157.33,11.3927
0.525,50,70000,2.2695,9929.24,496462.11,17.5799
0.525,60,70000,1.576,7631.17,457870.22,23.0657
0.525,70,70000,1.1579,6496.89,454782.19,28.0443
0.525,80,70000,0.8865,6019.78,481582.67,32.5958
0.525,90,70000,0.7005,5957.83,536204.81,36.75
0.525,100,70000,0.5674,6183.56,618356.05,40.5108
0.525,110,70000,0.4689,6624.65,728711.58,43.8688
0.525,120,70000,0.394,7237.59,868511.11,46.8061
0.525,130,70000,0.3357,7994.94,1039341.79,49.3001
0.525,140,70000,0.2895,8878.67,1243014.09,51.3249
0.525,150,70000,0.2522,9876.58,1481487.37,52.8526
0.525,160,70000,0.2216,10980.15,1756823.33,53.8537
0.525,170,70000,0.1963,12183.27,2071155.96,54.2977
0.525,180,70000,0.1751,13481.51,2426671.41,54.1533
0.525,190,70000,0.1572,14871.55,2825594.28,53.3889
0.525,200,70000,0.1418,16350.89,3270178.03,51.9722
0.525,210,70000,0.1287,17917.61,3762698.06,49.8706
0.525,220,70000,0.1172,19570.21,4305446.79,47.0515
0.525,230,70000,0.1073,21307.52,4900729.88,43.4819
0.525,240,70000,0.0985,23128.6,5550863.56,39.1287
0.525,250,70000,0.0908,25032.69,6258172.42,33.9588
0.525,260,70000,0.0839,27019.18,7024987.9,27.9387
0.525,270,70000,0.0778,29087.58,7853646.94,21.0352
0.525,280,70000,0.0724,31237.47,8746491.05,13.2147
0.525,290,70000,0.0675,33468.5,9705865.49,4.4438
0.525,300,70000,0.063,35780.4,10734118.68,-5.3111
0.525,310,70000,0.059,38172.91,11833601.66,-16.0835
0.525,320,70000,0.0554,40645.84,13006667.67,-27.9072
0.525,330,70000,0.0521,43199.01,14255671.86,-40.8156
0.525,340,70000,0.0491,45832.27,15582970.98,-54.8426
0.525,350,70000,0.0463,48545.49,16990923.16,-70.0218
0.525,360,70000,0.0438,51338.58,18481887.7,-86.3868
0.525,370,70000,0.0414,54211.42,20058224.95,-103.9715
0.525,380,70000,0.0393,57163.94,21722296.14,-122.8095
0.525,390,70000,0.0373,60196.06,23476463.26,-142.9345
0.525,10,80000,64.843,292031.06,2920310.59,-32.1862
0.525,20,80000,16.2107,73155.81,1463116.29,-9.6537
0.525,30,80000,7.2048,32798.83,983964.86,0.6534
0.525,40,80000,4.0527,18881.15,755246.15,7.83
0.525,50,80000,2.5937,12666.66,633333.16,13.6715
0.525,60,80000,1.8012,9532.16,571929.43,18.7567
0.525,70,80000,1.3233,7893.53,552547.23,23.3167
0.525,80,80000,1.0132,7089.09,567127.07,27.4521
0.525,90,80000,0.8005,6802.71,612244.29,31.2057
0.525,100,80000,0.6484,6867.92,686791.58,34.5915
0.525,110,80000,0.5359,7190.23,790925.69,37.6075
0.525,120,80000,0.4503,7712.84,925540.72,40.2425
0.525,130,80000,0.3837,8399.88,1091984.51,42.4796
0.525,140,80000,0.3308,9227.83,1291896.61,44.2983
0.525,150,80000,0.2882,10180.74,1527111.05,45.6758
0.525,160,80000,0.2533,11247.47,1799595.54,46.5873
0.525,170,80000,0.2244,12420.07,2111412.15,47.0073
0.525,180,80000,0.2001,13692.73,2464691.14,46.9089
0.525,190,80000,0.1796,15061.12,2861612.98,46.2651
0.525,200,80000,0.1621,16521.98,3304395.79,45.0479
0.525,210,80000,0.147,18072.79,3795286.41,43.2294
0.525,220,80000,0.134,19711.61,4336553.84,40.7812
0.525,230,80000,0.1226,21436.89,4930484.46,37.6747
0.525,240,80000,0.1126,23247.41,5579378.36,33.8812
0.525,250,80000,0.1037,25142.19,6285546.63,29.3717
0.525,260,80000,0.0959,27120.42,7051309.25,24.1173
0.525,270,80000,0.0889,29181.46,7878993.43,18.0889
0.525,280,80000,0.0827,31324.76,8770932.31,11.2573
0.525,290,80000,0.0771,33549.88,9729463.95,3.5933
0.525,300,80000,0.072,35856.44,10756930.53,-4.9323
0.525,310,80000,0.0675,38244.12,11855677.63,-14.349
0.525,320,80000,0.0633,40712.67,13028053.77,-24.6861
0.525,330,80000,0.0595,43261.85,14276409.9,-35.9729
0.525,340,80000,0.0561,45891.47,15603099.08,-48.2389
0.525,350,80000,0.0529,48601.36,17010476.17,-61.5135
0.525,360,80000,0.05,51391.38,18500897.57,-75.8261
0.525,370,80000,0.0474,54261.41,20076721.04,-91.2062
0.525,380,80000,0.0449,57211.33,21740305.49,-107.6834
0.525,390,80000,0.0426,60241.05,23494010.84,-125.2871
0.525,10,90000,72.9483,369591.32,3695913.22,-37.2278
0.525,20,90000,18.2371,92545.88,1850917.61,-12.8899
0.525,30,90000,8.1054,41416.64,1242499.07,-2.2918
0.525,40,90000,4.5593,23728.67,949146.8,4.8055
0.525,50,90000,2.9179,15769.07,788453.68,10.4289
0.525,60,90000,2.0263,11686.61,701196.54,15.2364
0.525,70,90000,1.4887,9476.39,663347.6,19.4948
0.525,80,90000,1.1398,8300.97,664077.4,23.3246
0.525,90,90000,0.9006,7760.25,698422.36,26.7809
0.525,100,90000,0.7295,7643.52,764351.84,29.8862
0.525,110,90000,0.6029,7831.23,861435.02,32.6455
0.525,120,90000,0.5066,8251.45,990174.27,35.0529
0.525,130,90000,0.4316,8858.82,1151646.25,37.0967
0.525,140,90000,0.3722,9623.55,1347296.8,38.7607
0.525,150,90000,0.3242,10525.45,1578817.89,40.0262
0.525,160,90000,0.285,11550.44,1848070.7,40.8724
0.525,170,90000,0.2524,12688.45,2157035.84,41.2773
0.525,180,90000,0.2251,13932.11,2507780.18,41.2181
0.525,190,90000,0.2021,15275.97,2902434.17,40.6709
0.525,200,90000,0.1824,16715.88,3343175.92,39.6117
0.525,210,90000,0.1654,18248.67,3832219.87,38.0158
0.525,220,90000,0.1507,19871.86,4371808.51,35.8583
0.525,230,90000,0.1379,21583.51,4964206.31,33.114
0.525,240,90000,0.1266,23382.06,5611695.13,29.7575
0.525,250,90000,0.1167,25266.28,6316570.74,25.7635
0.525,260,90000,0.1079,27235.15,7081140.12,21.1062
0.525,270,90000,0.1001,29287.85,7907719.45,15.7599
0.525,280,90000,0.093,31423.69,8798632.4,9.6988
0.525,290,90000,0.0867,33642.1,9756208.87,2.8969
0.525,300,90000,0.0811,35942.61,10782783.95,-4.6716
0.525,310,90000,0.0759,38324.83,11880697.07,-13.0327
0.525,320,90000,0.0712,40788.41,13052291.35,-22.2125
0.525,330,90000,0.067,43333.07,14299913.01,-32.2371
0.525,340,90000,0.0631,45958.56,15625910.92,-43.1325
0.525,350,90000,0.0595,48664.67,17032636.24,-54.9248
0.525,360,90000,0.0563,51451.23,18522442.09,-67.6403
0.525,370,90000,0.0533,54318.06,20097683.28,-81.3051
0.525,380,90000,0.0505,57265.04,21760716.08,-95.9454
0.525,390,90000,0.048,60292.05,23513898.08,-111.5872
0.525,10,100000,81.0537,456276.32,4562763.22,-42.1735
0.525,20,100000,20.2634,114217.13,2284342.61,-15.9352
0.525,30,100000,9.006,51048.3,1531449.07,-4.9521
0.525,40,100000,5.0659,29146.48,1165859.3,2.1579
0.525,50,100000,3.2421,19236.47,961823.68,7.6523
0.525,60,100000,2.2515,14094.53,845671.54,12.268
0.525,70,100000,1.6542,11245.48,787183.32,16.307
0.525,80,100000,1.2665,9655.42,772433.65,19.9086
0.525,90,100000,1.0007,8830.43,794739.02,23.1396
0.525,100,100000,0.8105,8510.37,851036.84,26.0308
0.525,110,100000,0.6699,8547.63,940239.57,28.5929
0.525,120,100000,0.5629,8853.43,1062411.77,30.8253
0.525,130,100000,0.4796,9371.75,1218327.02,32.7202
0.525,140,100000,0.4135,10065.82,1409214.66,34.2655
0.525,150,100000,0.3602,10910.72,1636607.89,35.4456
0.525,160,100000,0.3166,11889.06,1902248.83,36.2433
0.525,170,100000,0.2805,12988.39,2208027.01,36.6397
0.525,180,100000,0.2502,14199.66,2555938.51,36.6147
0.525,190,100000,0.2245,15516.09,2948057.85,36.1476
0.525,200,100000,0.2026,16932.59,3386518.42,35.2171
0.525,210,100000,0.1838,18445.23,3873498.44,33.8014
0.525,220,100000,0.1675,20050.96,4411210.78,31.8784
0.525,230,100000,0.1532,21747.37,5001895.44,29.4257
0.525,240,100000,0.1407,23532.56,5647813.88,26.4206
0.525,250,100000,0.1297,25404.98,6351244.74,22.8404
0.525,260,100000,0.1199,27363.39,7114480.51,18.6622
0.525,270,100000,0.1112,29406.76,7939825.01,13.8628
0.525,280,100000,0.1034,31534.25,8829591.33,8.4193
0.525,290,100000,0.0964,33745.17,9786100.25,2.3083
0.525,300,100000,0.0901,36038.93,10811678.95,-4.4934
0.525,310,100000,0.0843,38415.03,11908659.97,-12.0091
0.525,320,100000,0.0792,40873.06,13079380.41,-20.2621
0.525,330,100000,0.0744,43412.67,14326181.19,-29.276
0.525,340,100000,0.0701,46033.55,15651406.51,-39.0742
0.525,350,100000,0.0662,48735.44,17057403.38,-49.68
0.525,360,100000,0.0625,51518.11,18546521.26,-61.1171
0.525,370,100000,0.0592,54381.38,20121111.65,-73.4089
0.525,380,100000,0.0561,57325.07,21783527.93,-86.5789
0.525,390,100000,0.0533,60349.04,23536125.01,-100.6508
0.525,10,110000,89.1591,552086.06,5520860.59,-47.0495
0.525,20,110000,22.2898,138169.56,2763391.29,-18.8415
0.525,30,110000,9.9066,61693.83,1850814.86,-7.4053
0.525,40,110000,5.5724,35134.59,1405383.65,-0.2158
0.525,50,110000,3.5664,23068.86,1153443.16,5.2147
0.525,60,110000,2.4766,16755.91,1005354.43,9.701
0.525,70,110000,1.8196,13200.78,924054.37,13.5802
0.525,80,110000,1.3931,11152.45,892195.82,17.01
0.525,90,110000,1.1007,10013.27,901194.29,20.0683
0.525,100,110000,0.8916,9468.47,946846.58,22.7933
0.525,110,110000,0.7369,9339.45,1027339.33,25.2017
0.525,120,110000,0.6192,9518.78,1142253.22,27.2971
0.525,130,110000,0.5276,9938.67,1292026.81,29.0757
0.525,140,110000,0.4549,10554.64,1477650.18,30.5283
0.525,150,110000,0.3963,11336.54,1700481.05,31.6426
0.525,160,110000,0.3483,12263.31,1962129.91,32.4041
0.525,170,110000,0.3085,13319.92,2264385.68,32.7964
0.525,180,110000,0.2752,14495.37,2609166.14,32.8022
0.525,190,110000,0.247,15781.49,2998484.03,32.403
0.525,200,110000,0.2229,17172.12,3434423.29,31.58
0.525,210,110000,0.2022,18662.49,3919122.12,30.3138
0.525,220,110000,0.1842,20248.91,4454760.66,28.5845
0.525,230,110000,0.1685,21928.49,5043551.85,26.3719
0.525,240,110000,0.1548,23698.89,5687734.61,23.6558
0.525,250,110000,0.1427,25558.27,6389568.63,20.4156
0.525,260,110000,0.1319,27505.12,7151330.41,16.6306
0.525,270,110000,0.1223,29538.19,7975310.1,12.28
0.525,280,110000,0.1137,31656.46,8863809.09,7.3428
0.525,290,110000,0.106,33859.1,9819138.09,1.7981
0.525,300,110000,0.0991,36145.39,10843615.53,-4.3752
0.525,310,110000,0.0928,38514.73,11939566.34,-11.1983
0.525,320,110000,0.0871,40966.63,13109320.96,-18.6923
0.525,330,110000,0.0819,43500.65,14355214.44,-26.8785
0.525,340,110000,0.0771,46116.43,15679585.84,-35.7782
0.525,350,110000,0.0728,48813.65,17084777.59,-45.4125
0.525,360,110000,0.0688,51592.04,18573135.07,-55.8029
0.525,370,110000,0.0651,54451.37,20147006.18,-66.9708
0.525,380,110000,0.0617,57391.42,21808741.02,-78.9373
0.525,390,110000,0.0586,60412.03,23560691.6,-91.7241
0.525,10,120000,97.2644,657020.53,6570205.32,-51.8733
0.525,20,120000,24.3161,164403.18,3288063.66,-21.6437
0.525,30,120000,10.8072,73353.21,2200596.44,-9.703
0.525,40,120000,6.079,41693,1667719.83,-2.384
0.525,50,120000,3.8906,27266.24,1363312.1,3.0312
0.525,60,120000,2.7018,19670.75,1180245.22,7.4352
0.525,70,120000,1.985,15342.3,1073960.76,11.1993
0.525,80,120000,1.5198,12792.05,1023363.92,14.4994
0.525,90,120000,1.2008,11308.76,1017788.15,17.4243
0.525,100,120000,0.9726,10517.81,1051781.05,20.0194
0.525,110,120000,0.8038,10206.68,1122734.3,22.3066
0.525,120,120000,0.6754,10247.49,1229698.61,24.2937
0.525,130,120000,0.5755,10559.58,1372745.64,25.98
0.525,140,120000,0.4962,11090.02,1552603.38,27.3596
0.525,150,120000,0.4323,11802.92,1770437.37,28.4228
0.525,160,120000,0.3799,12673.21,2027713.96,29.1572
0.525,170,120000,0.3366,13683.01,2326111.84,29.549
0.525,180,120000,0.3002,14819.24,2667463.07,29.5829
0.525,190,120000,0.2694,16072.17,3053712.7,29.2425
0.525,200,120000,0.2432,17434.45,3486890.53,28.5112
0.525,210,120000,0.2206,18900.43,3969090.92,27.3712
0.525,220,120000,0.201,20465.72,4502458.15,25.8049
0.525,230,120000,0.1839,22126.85,5089175.54,23.7941
0.525,240,120000,0.1689,23881.07,5731457.31,21.3201
0.525,250,120000,0.1556,25726.17,6431542.42,18.3645
0.525,260,120000,0.1439,27660.35,7191689.82,14.9084
0.525,270,120000,0.1334,29682.13,8014174.72,10.9328
0.525,280,120000,0.1241,31790.31,8901285.69,6.4186
0.525,290,120000,0.1157,33983.87,9855322.39,1.3467
0.525,300,120000,0.1081,36261.98,10878593.68,-4.3021
0.525,310,120000,0.1012,38623.92,11973416.17,-10.5472
0.525,320,120000,0.095,41069.1,13142112.98,-17.4079
0.525,330,120000,0.0893,43597.01,14387012.77,-24.9036
0.525,340,120000,0.0841,46207.2,15710448.92,-33.0538
0.525,350,120000,0.0794,48899.31,17114758.87,-41.878
0.525,360,120000,0.075,51673.01,18602283.54,-51.3956
0.525,370,120000,0.071,54528.02,20175366.85,-61.6262
0.525,380,120000,0.0674,57464.09,21836355.35,-72.5893
0.525,390,120000,0.0639,60481.02,23587597.88,-84.3046
0.525,10,130000,105.3698,771079.74,7710797.43,-56.6568
0.525,20,130000,26.3425,192917.99,3858359.71,-24.3657
0.525,30,130000,11.7078,86026.46,2580793.81,-11.8812
0.525,40,130000,6.5856,48821.7,1952867.86,-4.394
0.525,50,130000,4.2148,31828.61,1591430.53,1.0433
0.525,60,130000,2.9269,22839.07,1370343.9,5.401
0.525,70,130000,2.1504,17670.04,1236902.49,9.0844
0.525,80,130000,1.6464,14574.22,1165937.93,12.2873
0.525,90,130000,1.3009,12716.9,1144520.6,15.1091
0.525,100,130000,1.0537,11658.4,1165840.26,17.6021
0.525,110,130000,0.8708,11149.31,1226424.49,19.7931
0.525,120,130000,0.7317,11039.57,1324747.95,21.6938
0.525,130,130000,0.6235,11234.49,1460483.49,23.3067
0.525,140,130000,0.5376,11671.96,1634074.24,24.6284
0.525,150,130000,0.4683,12309.85,1846476.84,25.6515
0.525,160,130000,0.4116,13118.76,2099000.96,26.366
0.525,170,130000,0.3646,14077.68,2393205.5,26.7599
0.525,180,130000,0.3252,15171.27,2730829.3,26.8198
0.525,190,130000,0.2919,16388.13,3113743.86,26.5313
0.525,200,130000,0.2634,17719.6,3543920.13,25.8793
0.525,210,130000,0.2389,19159.07,4023404.83,24.848
0.525,220,130000,0.2177,20701.38,4554303.25,23.4211
0.525,230,130000,0.1992,22342.46,5138766.5,21.5823
0.525,240,130000,0.1829,24079.09,5778981.98,19.3146
0.525,250,130000,0.1686,25908.66,6477166.11,16.6009
0.525,260,130000,0.1559,27829.07,7235558.75,13.4241
0.525,270,130000,0.1445,29838.59,8056418.87,9.7668
0.525,280,130000,0.1344,31935.79,8942021.12,5.6115
0.525,290,130000,0.1253,34119.49,9894653.15,0.9406
0.525,300,130000,0.1171,36388.71,10916613.42,-4.2636
0.525,310,130000,0.1096,38742.61,12010209.47,-10.0189
0.525,320,130000,0.1029,41180.49,13177756.48,-16.343
0.525,330,130000,0.0968,43701.75,14421576.16,-23.2538
0.525,340,130000,0.0912,46305.87,15743995.75,-30.7693
0.525,350,130000,0.086,48992.42,17147347.22,-38.9073
0.525,360,130000,0.0813,51761.02,18633966.65,-47.6858
0.525,370,130000,0.077,54611.33,20206193.66,-57.1229
0.525,380,130000,0.073,57543.08,21866370.93,-67.2364
0.525,390,130000,0.0693,60556.01,23616843.83,-78.0446
0.525,10,140000,113.4752,894263.69,8942636.9,-61.4088
0.525,20,140000,28.3688,223713.97,4474279.45,-27.0247
0.525,30,140000,12.6084,99713.57,2991406.97,-13.9655
0.525,40,140000,7.0922,56520.69,2260827.73,-6.2799
0.525,50,140000,4.539,36755.97,1837798.42,-0.791
0.525,60,140000,3.1521,26260.84,1575650.48,3.5487
0.525,70,140000,2.3158,20183.99,1412879.56,7.1786
0.525,80,140000,1.773,16498.97,1319917.86,10.3098
0.525,90,140000,1.4009,14237.69,1281391.66,13.0522
0.525,100,140000,1.1348,12890.24,1289024.21,15.4649
0.525,110,140000,0.9378,12167.36,1338409.9,17.5794
0.525,120,140000,0.788,11895.01,1427401.24,19.411
0.525,130,140000,0.6715,11963.39,1555240.38,20.9651
0.525,140,140000,0.579,12300.45,1722062.78,22.2407
0.525,150,140000,0.5043,12857.33,1928599.47,23.2327
0.525,160,140000,0.4433,13599.94,2175990.93,23.9328
0.525,170,140000,0.3926,14503.92,2465666.64,24.3309
0.525,180,140000,0.3502,15551.47,2799264.83,24.4153
0.525,190,140000,0.3143,16729.36,3178577.52,24.1731
0.525,200,140000,0.2837,18027.56,3605512.11,23.5908
0.525,210,140000,0.2573,19438.4,4082063.85,22.6541
0.525,220,140000,0.2345,20955.89,4610295.95,21.3483
0.525,230,140000,0.2145,22575.32,5192324.73,19.6581
0.525,240,140000,0.197,24292.95,5830308.62,17.5683
0.525,250,140000,0.1816,26105.76,6526439.68,15.0632
0.525,260,140000,0.1679,28011.3,7282937.19,12.1269
0.525,270,140000,0.1557,30007.57,8102042.55,8.7433
0.525,280,140000,0.1447,32092.91,8986015.39,4.8965
0.525,290,140000,0.1349,34265.97,9937130.38,0.57
0.525,300,140000,0.1261,36525.58,10957674.74,-4.2524
0.525,310,140000,0.1181,38870.79,12049946.22,-9.5871
0.525,320,140000,0.1108,41300.79,13216251.47,-15.4506
0.525,330,140000,0.1042,43814.86,14458904.63,-21.8595
0.525,340,140000,0.0982,46412.43,15780226.32,-28.8303
0.525,350,140000,0.0926,49092.98,17182542.63,-36.3796
0.525,360,140000,0.0876,51856.07,18668184.41,-44.5241
0.525,370,140000,0.0829,54701.32,20239486.62,-53.2805
0.525,380,140000,0.0786,57628.39,21898787.76,-62.6654
0.525,390,140000,0.0746,60637,23648429.46,-72.6956
0.525,10,150000,121.5805,1026572.37,10265723.74,-66.1354
0.525,20,150000,30.3951,256791.14,5135822.87,-29.6333
0.525,30,150000,13.5089,114414.53,3432435.91,-15.9747
0.525,40,150000,7.5988,64789.99,2591599.44,-8.0664
0.525,50,150000,4.8632,42048.32,2102415.79,-2.5024
0.525,60,150000,3.3772,29936.08,1796164.96,1.842
0.525,70,150000,2.4812,22884.17,1601891.96,5.4399
0.525,80,150000,1.8997,18566.3,1485303.72,8.5199
0.525,90,150000,1.501,15871.13,1428401.3,11.202
0.525,100,150000,1.2158,14213.33,1421332.89,13.5519
0.525,110,150000,1.0048,13260.82,1458690.52,15.6056
0.525,120,150000,0.8443,12813.82,1537658.48,17.3819
0.525,130,150000,0.7194,12746.28,1657016.29,18.8889
0.525,140,150000,0.6203,12975.49,1816568.98,20.1279
0.525,150,150000,0.5404,13445.37,2016805.26,21.0958
0.525,160,150000,0.4749,14116.77,2258683.86,21.786
0.525,170,150000,0.4207,14961.74,2543495.28,22.19
0.525,180,150000,0.3752,15959.83,2872769.65,22.2976
0.525,190,150000,0.3368,17095.86,3248213.67,22.0974
0.525,200,150000,0.304,18358.33,3671666.45,21.5771
0.525,210,150000,0.2757,19738.42,4145067.99,20.7238
0.525,220,150000,0.2512,21229.26,4670436.26,19.5241
0.525,230,150000,0.2298,22825.44,5249850.25,17.9641
0.525,240,150000,0.2111,24522.66,5885437.24,16.0296
0.525,250,150000,0.1945,26317.45,6579363.16,13.7062
0.525,260,150000,0.1799,28207.02,7333825.14,10.9791
0.525,270,150000,0.1668,30189.06,8151045.77,7.8338
0.525,280,150000,0.1551,32261.67,9033268.49,4.255
0.525,290,150000,0.1446,34423.29,9982754.06,0.2278
0.525,300,150000,0.1351,36672.59,11001777.63,-4.2629
0.525,310,150000,0.1265,39008.47,12092626.44,-9.2325
0.525,320,150000,0.1187,41429.99,13257597.93,-14.6962
0.525,330,150000,0.1116,43936.36,14498998.17,-20.6695
0.525,340,150000,0.1052,46526.88,15819140.64,-27.1677
0.525,350,150000,0.0992,49200.99,17220345.11,-34.2063
0.525,360,150000,0.0938,51958.16,18704936.83,-41.8008
0.525,370,150000,0.0888,54797.96,20275245.72,-49.9668
0.525,380,150000,0.0842,57720.02,21933605.84,-58.7198
0.525,390,150000,0.0799,60723.99,23682354.76,-68.0754
0.525,10,160000,129.6859,1168005.8,11680057.95,-70.8415
0.525,20,160000,32.4215,292149.5,5842989.98,-32.201
0.525,30,160000,14.4095,130129.36,3903880.65,-17.9228
0.525,40,160000,8.1054,73629.57,2945182.99,-9.7721
0.525,50,160000,5.1874,47705.65,2385282.63,-4.1139
0.525,60,160000,3.6024,33864.79,2031887.33,0.2536
0.525,70,160000,2.6467,25770.57,1803939.71,3.8371
0.525,80,160000,2.0263,20776.19,1662095.49,6.8825
0.525,90,160000,1.6011,17617.22,1585549.55,9.5197
0.525,100,160000,1.2969,15627.66,1562766.32,11.8209
0.525,110,160000,1.0718,14429.69,1587266.36,13.8266
0.525,120,160000,0.9006,13796,1655519.66,15.5589
0.525,130,160000,0.7674,13583.16,1765811.23,17.0284
0.525,140,160000,0.6617,13697.09,1917592.85,18.2385
0.525,150,160000,0.5764,14073.96,2111094.21,19.188
0.525,160,160000,0.5066,14669.25,2347079.75,19.8719
0.525,170,160000,0.4487,15451.13,2626691.41,20.2831
0.525,180,160000,0.4003,16396.35,2951343.78,20.4129
0.525,190,160000,0.3592,17487.64,3322652.31,20.251
0.525,200,160000,0.3242,18711.92,3742383.16,19.7865
0.525,210,160000,0.2941,20059.13,4212417.24,19.0076
0.525,220,160000,0.2679,21521.47,4734724.18,17.902
0.525,230,160000,0.2452,23092.8,5311343.04,16.457
0.525,240,160000,0.2251,24768.2,5944367.83,14.6594
0.525,250,160000,0.2075,26543.75,6635936.53,12.4959
0.525,260,160000,0.1918,28416.24,7388222.61,9.953
0.525,270,160000,0.1779,30383.07,8203428.52,7.0168
0.525,280,160000,0.1654,32442.07,9083780.43,3.6734
0.525,290,160000,0.1542,34591.46,10031524.21,-0.0912
0.525,300,160000,0.1441,36829.74,11048922.11,-4.2911
0.525,310,160000,0.1349,39155.65,12138250.13,-8.9406
0.525,320,160000,0.1266,41568.11,13301795.87,-14.0539
0.525,330,160000,0.1191,44066.23,14541856.79,-19.6455
0.525,340,160000,0.1122,46649.23,15860738.7,-25.7297
0.525,350,160000,0.1059,49316.44,17260754.66,-32.321
0.525,360,160000,0.1001,52067.29,18744223.89,-39.4338
0.525,370,160000,0.0947,54901.27,20313470.97,-47.0828
0.525,380,160000,0.0898,57817.96,21970825.16,-55.2824
0.525,390,160000,0.0853,60816.97,23718619.74,-64.0473
0.525,10,170000,137.7913,1318563.95,13185639.53,-75.5308
0.525,20,170000,34.4478,329789.04,6595780.77,-34.735
0.525,30,170000,15.3101,146858.04,4405741.18,-19.8206
0.525,40,170000,8.612,83039.46,3321578.38,-11.4114
0.525,50,170000,5.5117,53727.98,2686398.95,-5.6432
0.525,60,170000,3.8275,38046.96,2282817.59,-1.2373
0.525,70,170000,2.8121,28843.18,2019022.79,2.3462
0.525,80,170000,2.153,23128.66,1850293.19,5.3706
0.525,90,170000,1.7011,19475.96,1752836.39,7.9757
0.525,100,170000,1.3779,17133.24,1713324.47,10.2399
0.525,110,170000,1.1388,15673.98,1724137.41,12.2082
0.525,120,170000,0.9569,14841.54,1780984.79,13.9056
0.525,130,170000,0.8153,14474.04,1881625.19,15.3454
0.525,140,170000,0.703,14465.25,2025134.4,16.5331
0.525,150,170000,0.6124,14743.11,2211466.32,17.4689
0.525,160,170000,0.5382,15257.37,2441178.6,18.1494
0.525,170,170000,0.4768,15972.09,2715255.03,18.5691
0.525,180,170000,0.4253,16861.04,3034987.2,18.7201
0.525,190,170000,0.3817,17904.7,3401893.45,18.5937
0.525,200,170000,0.3445,19088.31,3817662.24,18.1798
0.525,210,170000,0.3125,20400.53,4284111.6,17.4678
0.525,220,170000,0.2847,21832.54,4803159.71,16.4464
0.525,230,170000,0.2605,23377.4,5376803.11,15.1039
0.525,240,170000,0.2392,25029.58,6007100.4,13.4281
0.525,250,170000,0.2205,26784.64,6696159.79,11.4066
0.525,260,170000,0.2038,28638.96,7446129.6,9.0269
0.525,270,170000,0.189,30589.6,8259190.8,6.276
0.525,280,170000,0.1758,32634.11,9137551.2,3.141
0.525,290,170000,0.1638,34770.49,10083440.81,-0.3912
0.525,300,170000,0.1531,36997.03,11099108.16,-4.3339
0.525,310,170000,0.1434,39312.31,12186817.28,-8.7004
0.525,320,170000,0.1346,41715.14,13348845.3,-13.504
0.525,330,170000,0.1265,44204.49,14587480.47,-18.7583
0.525,340,170000,0.1192,46779.47,15905020.52,-24.4767
0.525,350,170000,0.1125,49439.35,17303771.28,-30.6728
0.525,360,170000,0.1063,52183.46,18786045.6,-37.3602
0.525,370,170000,0.1007,55011.25,20354162.37,-44.5526
0.525,380,170000,0.0954,57922.23,22010445.72,-52.2636
0.525,390,170000,0.0906,60915.96,23757224.4,-60.5069
0.525,10,180000,145.8967,1478246.85,14782468.48,-80.2059
0.525,20,180000,36.4742,369709.76,7394195.24,-37.241
0.525,30,180000,16.2107,164600.58,4938017.49,-21.6766
0.525,40,180000,9.1185,93019.64,3720785.62,-12.9952
0.525,50,180000,5.8359,60115.29,3005764.74,-7.1039
0.525,60,180000,4.0527,42482.6,2548955.75,-2.6472
0.525,70,180000,2.9775,32102.02,2247141.21,0.9485
0.525,80,180000,2.2796,25623.71,2049896.81,3.9633
0.525,90,180000,1.8012,21447.35,1930261.83,6.5469
0.525,100,180000,1.459,18730.07,1873007.37,8.7839
0.525,110,180000,1.2058,16993.67,1869303.68,10.7235
0.525,120,180000,1.0132,15950.45,1914053.87,12.3938
0.525,130,180000,0.8633,15418.91,2004458.19,13.8105
0.525,140,180000,0.7444,15279.95,2139193.61,14.9809
0.525,150,180000,0.6484,15452.81,2317921.58,15.9069
0.525,160,180000,0.5699,15881.13,2540980.4,16.5867
0.525,170,180000,0.5048,16524.62,2809186.15,17.0156
0.525,180,180000,0.4503,17353.89,3123699.92,17.1873
0.525,190,180000,0.4041,18347.04,3485937.08,17.0938
0.525,200,180000,0.3647,19487.52,3897503.68,16.7262
0.525,210,180000,0.3308,20762.62,4360151.07,16.0749
0.525,220,180000,0.3014,22162.47,4875742.84,15.1295
0.525,230,180000,0.2758,23679.26,5446230.46,13.8791
0.525,240,180000,0.2533,25306.81,6073634.94,12.3124
0.525,250,180000,0.2334,27040.13,6760032.95,10.4181
0.525,260,180000,0.2158,28875.18,7507546.1,8.1842
0.525,270,180000,0.2001,30808.64,8318332.61,5.5988
0.525,280,180000,0.1861,32837.79,9194580.8,2.6497
0.525,290,180000,0.1735,34960.36,10138503.88,-0.6754
0.525,300,180000,0.1621,37174.45,11152335.79,-4.3888
0.525,310,180000,0.1518,39478.48,12238327.89,-8.5032
0.525,320,180000,0.1425,41871.08,13398746.2,-13.031
0.525,330,180000,0.134,44351.12,14635869.23,-17.985
0.525,340,180000,0.1262,46917.61,15951986.07,-23.3778
0.525,350,180000,0.1191,49569.7,17349394.96,-29.2222
0.525,360,180000,0.1126,52306.67,18830401.96,-35.5311
0.525,370,180000,0.1066,55127.89,20397319.9,-42.3172
0.525,380,180000,0.101,58032.81,22052467.54,-49.5935
0.525,390,180000,0.0959,61020.95,23798168.73,-57.3729
0.525,10,190000,154.002,1647054.48,16470544.79,-84.8691
0.525,20,190000,38.5005,411911.67,8238233.4,-39.7232
0.525,30,190000,17.1113,183356.99,5500709.6,-23.4972
0.525,40,190000,9.6251,103570.12,4142804.7,-14.5324
0.525,50,190000,6.1601,66867.6,3343380,-8.507
0.525,60,190000,4.2778,47171.7,2830301.8,-3.9886
0.525,70,190000,3.1429,35547.07,2488294.97,-0.3706
0.525,80,190000,2.4063,28261.33,2260906.35,2.6441
0.525,90,190000,1.9013,23531.4,2117825.87,5.2151
0.525,100,190000,1.54,20418.15,2041815,7.4332
0.525,110,190000,1.2727,18388.77,2022765.16,9.3514
0.525,120,190000,1.0695,17122.72,2054726.9,11.0011
0.525,130,190000,0.9113,16417.77,2134310.21,12.4002
0.525,140,190000,0.7857,16141.22,2259770.49,13.5578
0.525,150,190000,0.6845,16203.07,2430460,14.4774
0.525,160,190000,0.6016,16540.53,2646485.17,15.1584
0.525,170,190000,0.5329,17108.73,2908484.75,15.5974
0.525,180,190000,0.4753,17874.9,3217481.93,15.7891
0.525,190,190000,0.4266,18814.65,3574783.2,15.7265
0.525,200,190000,0.385,19909.54,3981907.5,15.4017
0.525,210,190000,0.3492,21145.41,4440535.66,14.8058
0.525,220,190000,0.3182,22511.24,4952473.58,13.9294
0.525,230,190000,0.2911,23998.37,5519625.08,12.7623
0.525,240,190000,0.2674,25599.88,6143971.45,11.2942
0.525,250,190000,0.2464,27310.22,6827556,9.5144
0.525,260,190000,0.2278,29124.89,7572472.11,7.4117
0.525,270,190000,0.2113,31040.2,8380853.96,4.975
0.525,280,190000,0.1964,33053.1,9254869.24,2.1929
0.525,290,190000,0.1831,35161.08,10196713.41,-0.9462
0.525,300,190000,0.1711,37362.02,11208605,-4.454
0.525,310,190000,0.1603,39654.14,12292781.96,-8.3423
0.525,320,190000,0.1504,42035.93,13451498.59,-12.6228
0.525,330,190000,0.1414,44506.13,14687023.05,-17.3076
0.525,340,190000,0.1332,47063.63,16001635.38,-22.4087
0.525,350,190000,0.1257,49707.5,17397625.71,-27.938
0.525,360,190000,0.1188,52436.92,18877292.97,-33.9078
0.525,370,190000,0.1125,55251.2,20442943.59,-40.3301
0.525,380,190000,0.1066,58149.71,22096890.6,-47.2171
0.525,390,190000,0.1013,61131.93,23841452.74,-54.5811
0.525,10,200000,162.1074,1824986.85,18249868.48,-89.5223
0.525,20,200000,40.5268,456394.76,9127895.24,-42.1854
0.525,30,200000,18.0119,203127.25,6093817.49,-25.2879
0.525,40,200000,10.1317,114690.89,4587635.62,-16.0299
0.525,50,200000,6.4843,73984.89,3699244.74,-9.8609
0.525,60,200000,4.503,52114.26,3126855.75,-5.2719
0.525,70,200000,3.3083,39178.34,2742484.07,-1.623
0.525,80,200000,2.5329,31041.52,2483321.81,1.3998
0.525,90,200000,2.0013,25728.09,2315528.5,3.9659
0.525,100,200000,1.6211,22197.47,2219747.37,6.1718
0.525,110,200000,1.3397,19859.29,2184521.86,8.075
0.525,120,200000,1.1257,18358.37,2203003.87,9.7097
0.525,130,200000,0.9592,17470.63,2271181.27,11.0958
0.525,140,200000,0.8271,17049.04,2386865.03,12.2445
0.525,150,200000,0.7205,16993.88,2549081.58,13.1604
0.525,160,200000,0.6332,17235.58,2757692.9,13.8444
0.525,170,200000,0.5609,17724.42,3013150.85,14.2942
0.525,180,200000,0.5003,18424.07,3316333.25,14.5054
0.525,190,200000,0.4491,19307.54,3668431.81,14.4719
0.525,200,200000,0.4053,20354.37,4070873.68,14.1868
0.525,210,200000,0.3676,21548.88,4525265.36,13.6419
0.525,220,200000,0.3349,22878.87,5033351.93,12.8285
0.525,230,200000,0.3064,24334.73,5596986.98,11.7374
0.525,240,200000,0.2814,25908.79,6218109.94,10.3588
0.525,250,200000,0.2594,27594.92,6898728.95,8.6828
0.525,260,200000,0.2398,29388.11,7640907.63,6.6989
0.525,270,200000,0.2224,31284.28,8446754.83,4.3968
0.525,280,200000,0.2068,33280.06,9318416.52,1.7655
0.525,290,200000,0.1928,35372.65,10258069.4,-1.2057
0.525,300,200000,0.1801,37559.72,11267915.79,-4.5279
0.525,310,200000,0.1687,39839.29,12350179.5,-8.2121
0.525,320,200000,0.1583,42209.7,13507102.45,-12.2697
0.525,330,200000,0.1489,44669.52,14740941.95,-16.7118
0.525,340,200000,0.1402,47217.55,16053968.43,-21.5499
0.525,350,200000,0.1323,49852.75,17448463.53,-26.7953
0.525,360,200000,0.1251,52574.22,18926718.62,-32.4595
0.525,370,200000,0.1184,55381.17,20491033.42,-38.5541
0.525,380,200000,0.1123,58272.93,22143714.91,-45.0904
0.525,390,200000,0.1066,61248.91,23887076.42,-52.0802
0.413,10,50000,51.5172,145021.58,1450215.79,-23.5698
0.413,20,50000,12.8793,36371.86,727437.22,-3.6798
0.413,30,50000,5.7241,16389.58,491687.29,6.4697
0.413,40,50000,3.2198,9558.83,382353.17,14.0908
0.413,50,50000,2.0607,6576.06,328803.04,20.5963
0.413,60,50000,1.431,5145.59,308735.29,26.4321
0.413,70,50000,1.0514,4480.81,313656.88,31.7682
0.413,80,50000,0.805,4253.16,340253.06,36.6707
0.413,90,50000,0.636,4305.67,387510.48,41.16
0.413,100,50000,0.5152,4555.67,455566.52,45.2334
0.413,110,50000,0.4258,4956.24,545186.22,48.8755
0.413,120,50000,0.3578,5479.17,657500.76,52.0637
0.413,130,50000,0.3048,6106.67,793866.64,54.7708
0.413,140,50000,0.2628,6827.04,955785.2,56.9669
0.413,150,50000,0.229,7632.36,1144854.35,58.62
0.413,160,50000,0.2012,8517.11,1362738.37,59.6968
0.413,170,50000,0.1783,9477.34,1611148.43,60.1631
0.413,180,50000,0.159,10510.16,1891829.52,59.9839
0.413,190,50000,0.1427,11613.43,2206551.58,59.124
0.413,200,50000,0.1288,12785.52,2557103.26,57.5474
0.413,210,50000,0.1168,14025.18,2945287.44,55.2182
0.413,220,50000,0.1064,15331.45,3372918.03,52.1
0.413,230,50000,0.0974,16703.55,3841817.55,48.1565
0.413,240,50000,0.0894,18140.9,4353815.34,43.351
0.413,250,50000,0.0824,19642.98,4910746.21,37.6469
0.413,260,50000,0.0762,21209.42,5514449.36,31.0073
0.413,270,50000,0.0707,22839.88,6166767.6,23.3954
0.413,280,50000,0.0657,24534.1,6869546.68,14.7743
0.413,290,50000,0.0613,26291.84,7624634.8,5.107
0.413,300,50000,0.0572,28112.94,8433882.17,-5.6434
0.413,310,50000,0.0536,29997.23,9299140.75,-17.5141
0.413,320,50000,0.0503,31944.57,10222263.91,-30.5421
0.413,330,50000,0.0473,33954.87,11205106.23,-44.7645
0.413,340,50000,0.0446,36028.01,12249523.38,-60.2184
0.413,350,50000,0.0421,38163.92,13357371.86,-76.9409
0.413,360,50000,0.0398,40362.53,14530509,-94.9691
0.413,370,50000,0.0376,42623.76,15770792.76,-114.3403
0.413,380,50000,0.0357,44947.58,17080081.67,-135.0917
0.413,390,50000,0.0339,47333.94,18460234.8,-157.2602
0.413,10,60000,61.8206,208817.41,2088174.09,-30.2742
0.413,20,60000,15.4552,52320.82,1046416.36,-8.3828
0.413,30,60000,6.869,23478,704340.06,1.8472
0.413,40,60000,3.8638,13546.07,541842.74,9.0842
0.413,50,60000,2.4728,9127.89,456394.7,15.0371
0.413,60,60000,1.7172,6917.69,415061.67,20.2547
0.413,70,60000,1.2616,5782.77,404793.78,24.9545
0.413,80,60000,0.9659,5249.97,419997.85,29.2299
0.413,90,60000,0.7632,5093.27,458394.74,33.1186
0.413,100,60000,0.6182,5193.62,519362.35,36.6312
0.413,110,60000,0.5109,5483.48,603182.43,39.763
0.413,120,60000,0.4293,5922.2,710663.95,42.5003
0.413,130,60000,0.3658,6484.16,842940.36,44.8245
0.413,140,60000,0.3154,7152.53,1001353.65,46.713
0.413,150,60000,0.2748,7915.9,1187384.9,48.1412
0.413,160,60000,0.2415,8766.32,1402610.77,49.0828
0.413,170,60000,0.2139,9698.09,1648675.39,49.5104
0.413,180,60000,0.1908,10707.06,1927271.65,49.3959
0.413,190,60000,0.1712,11790.15,2240128.34,48.7104
0.413,200,60000,0.1546,12945.01,2589001.18,47.4245
0.413,210,60000,0.1402,14169.84,2975666.41,45.5088
0.413,220,60000,0.1277,15463.26,3401916.13,42.9334
0.413,230,60000,0.1169,16824.15,3869554.87,39.6682
0.413,240,60000,0.1073,18251.65,4380396.94,35.6828
0.413,250,60000,0.0989,19745.06,4936264.54,30.9471
0.413,260,60000,0.0915,21303.79,5538986.22,25.4305
0.413,270,60000,0.0848,22927.39,6190395.69,19.1024
0.413,280,60000,0.0789,24615.47,6892330.91,11.9322
0.413,290,60000,0.0735,26367.7,7646633.36,3.8892
0.413,300,60000,0.0687,28183.82,8455147.45,-5.0573
0.413,310,60000,0.0643,30063.61,9319720.05,-14.9381
0.413,320,60000,0.0604,32006.88,10242200.1,-25.7841
0.413,330,60000,0.0568,34013.45,11224438.3,-37.626
0.413,340,60000,0.0535,36083.2,12268286.85,-50.4947
0.413,350,60000,0.0505,38216,13375599.24,-64.4212
0.413,360,60000,0.0477,40411.75,14548230.06,-79.4363
0.413,370,60000,0.0452,42670.36,15788034.87,-95.571
0.413,380,60000,0.0428,44991.76,17096870.05,-112.8562
0.413,390,60000,0.0406,47375.88,18476592.71,-131.3228
0.413,10,70000,72.1241,284212.48,2842124.8,-36.72
0.413,20,70000,18.031,71169.59,1423391.72,-12.5706
0.413,30,70000,8.0138,31855.23,955656.96,-2.0069
0.413,40,70000,4.5078,18258.26,730330.42,5.0938
0.413,50,70000,2.885,12143.7,607184.85,10.7348
0.413,60,70000,2.0034,9012,540720.12,15.566
0.413,70,70000,1.4719,7321.44,512501.03,19.8509
0.413,80,70000,1.1269,6428.02,514241.69,23.7078
0.413,90,70000,0.8904,6024.08,542167.04,27.1907
0.413,100,70000,0.7212,5947.57,594757.42,30.3211
0.413,110,70000,0.5961,6106.58,671723.4,33.1034
0.413,120,70000,0.5009,6445.78,773493.18,35.5313
0.413,130,70000,0.4268,6930.28,900936.57,37.5924
0.413,140,70000,0.368,7537.19,1055207.27,39.2703
0.413,150,70000,0.3206,8250.99,1237648.28,40.5458
0.413,160,70000,0.2817,9060.83,1449732.69,41.3978
0.413,170,70000,0.2496,9958.97,1693025.43,41.804
0.413,180,70000,0.2226,10939.77,1969157.8,41.741
0.413,190,70000,0.1998,11999,2279809.95,41.1849
0.413,200,70000,0.1803,13133.49,2626698.71,40.1111
0.413,210,70000,0.1635,14340.8,3011568.82,38.4947
0.413,220,70000,0.149,15619.03,3436186.62,36.3105
0.413,230,70000,0.1363,16966.68,3902335.33,33.533
0.413,240,70000,0.1252,18382.55,4411811.55,30.1365
0.413,250,70000,0.1154,19865.69,4966422.57,26.0953
0.413,260,70000,0.1067,21415.32,5567984.32,21.3833
0.413,270,70000,0.0989,23030.81,6218319.79,15.9746
0.413,280,70000,0.092,24711.63,6919257.72,9.8429
0.413,290,70000,0.0858,26457.35,7672631.66,2.9622
0.413,300,70000,0.0801,28267.6,8480279.14,-4.6938
0.413,310,70000,0.0751,30142.07,9344041.04,-13.1515
0.413,320,70000,0.0704,32080.5,10265761.06,-22.4372
0.413,330,70000,0.0662,34082.68,11247285.29,-32.5772
0.413,340,70000,0.0624,36148.42,12290461.88,-43.598
0.413,350,70000,0.0589,38277.54,13397140.69,-55.5259
0.413,360,70000,0.0557,40469.93,14569173.14,-68.3874
0.413,370,70000,0.0527,42725.44,15808411.92,-82.2091
0.413,380,70000,0.0499,45043.98,17116710.86,-97.0173
0.413,390,70000,0.0474,47425.45,18495924.78,-112.8386
0.413,10,80000,82.4275,371206.79,3712067.93,-43.0043
0.413,20,80000,20.6069,92918.16,1858363.29,-16.4364
0.413,30,80000,9.1586,41521.27,1245638,-5.3808
0.413,40,80000,5.1517,23695.41,947816.2,1.7385
0.413,50,80000,3.2971,15623.47,781173.47,7.2181
0.413,60,80000,2.2897,11428.51,685710.64,11.8079
0.413,70,80000,1.6822,9096.84,636778.62,15.8161
0.413,80,80000,1.2879,7787.31,622984.58,19.3851
0.413,90,80000,1.0176,7098.08,638827.39,22.5836
0.413,100,80000,0.8243,6817.52,681751.74,25.4436
0.413,110,80000,0.6812,6825.54,750809.14,27.9769
0.413,120,80000,0.5724,7049.9,845988.44,30.1837
0.413,130,80000,0.4877,7445.04,967855.27,32.0569
0.413,140,80000,0.4205,7981.04,1117346.07,33.5848
0.413,150,80000,0.3663,8637.63,1295644.49,34.7526
0.413,160,80000,0.322,9400.65,1504104.13,35.5434
0.413,170,80000,0.2852,10259.99,1744198.56,35.9388
0.413,180,80000,0.2544,11208.27,2017487.97,35.9192
0.413,190,80000,0.2283,12239.98,2325596.43,35.4644
0.413,200,80000,0.2061,13350.98,2670195.87,34.5535
0.413,210,80000,0.1869,14538.07,3052994.69,33.165
0.413,220,80000,0.1703,15798.77,3475729.49,31.2774
0.413,230,80000,0.1558,17131.13,3940158.95,28.8686
0.413,240,80000,0.1431,18533.58,4448059.18,25.9164
0.413,250,80000,0.1319,20004.88,5001220.29,22.3984
0.413,260,80000,0.1219,21544.01,5601443.67,18.2921
0.413,270,80000,0.1131,23150.15,6250539.9,13.575
0.413,280,80000,0.1051,24822.6,6950327.11,8.2242
0.413,290,80000,0.098,26560.79,7702629.7,2.217
0.413,300,80000,0.0916,28364.26,8509277.25,-4.4696
0.413,310,80000,0.0858,30232.59,9372103.72,-11.8584
0.413,320,80000,0.0805,32165.46,10292946.79,-19.9724
0.413,330,80000,0.0757,34162.57,11273647.21,-28.8346
0.413,340,80000,0.0713,36223.67,12316048.44,-38.4681
0.413,350,80000,0.0673,38348.56,13421996.21,-48.8959
0.413,360,80000,0.0636,40537.05,14593338.23,-60.1411
0.413,370,80000,0.0602,42788.98,15831923.89,-72.2269
0.413,380,80000,0.0571,45104.22,17139604.1,-85.1763
0.413,390,80000,0.0542,47482.64,18518231.01,-99.0126
0.413,10,90000,92.7309,469800.35,4698003.48,-49.1809
0.413,20,90000,23.1827,117566.55,2351331.06,-20.0876
0.413,30,90000,10.3034,52476.11,1574283.19,-8.4346
0.413,40,90000,5.7957,29857.5,1194300.09,-1.1934
0.413,50,90000,3.7092,19567.21,978360.58,4.2251
0.413,60,90000,2.5759,14167.22,850033.23,8.6701
0.413,70,90000,1.8925,11108.95,777626.55,12.4938
0.413,80,90000,1.4489,9327.83,746226.53,15.8618
0.413,90,90000,1.1448,8315.29,748375.78,18.8571
0.413,100,90000,0.9273,7803.45,780345.29,21.521
0.413,110,90000,0.7664,7640.36,840439.65,23.8725
0.413,120,90000,0.644,7734.58,928149.74,25.917
0.413,130,90000,0.5487,8028.43,1043696.46,27.6523
0.413,140,90000,0.4731,8484.07,1187770.04,29.0707
0.413,150,90000,0.4121,9075.82,1361373.53,30.1609
0.413,160,90000,0.3622,9785.78,1565725.1,30.9095
0.413,170,90000,0.3209,10601.15,1802194.76,31.3012
0.413,180,90000,0.2862,11512.57,2072262.17,31.3196
0.413,190,90000,0.2569,12513.09,2377487.78,30.9474
0.413,200,90000,0.2318,13597.46,2719492.65,30.1664
0.413,210,90000,0.2103,14761.64,3099944,28.9584
0.413,220,90000,0.1916,16002.48,3520544.74,27.3042
0.413,230,90000,0.1753,17317.5,3983025.71,25.1846
0.413,240,90000,0.161,18704.75,4489139.83,22.5803
0.413,250,90000,0.1484,20162.63,5040657.72,19.4715
0.413,260,90000,0.1372,21689.86,5639364.27,15.8383
0.413,270,90000,0.1272,23285.39,6287056.03,11.6609
0.413,280,90000,0.1183,24948.35,6985539.1,6.9191
0.413,290,90000,0.1103,26678.03,7736627.47,1.5929
0.413,300,90000,0.103,28473.81,8542141.76,-4.3381
0.413,310,90000,0.0965,30335.19,9403908.1,-10.8942
0.413,320,90000,0.0906,32261.74,10323757.27,-18.0956
0.413,330,90000,0.0852,34253.1,11303524.04,-25.9627
0.413,340,90000,0.0802,36308.96,12345046.54,-34.516
0.413,350,90000,0.0757,38429.05,13450165.8,-43.776
0.413,360,90000,0.0716,40613.13,14620725.33,-53.763
0.413,370,90000,0.0677,42861,15858570.8,-64.4977
0.413,380,90000,0.0642,45172.5,17165549.77,-76.0006
0.413,390,90000,0.061,47547.47,18543511.41,-88.2921
0.413,10,100000,103.0344,579993.14,5799931.45,-55.2821
0.413,20,100000,25.7586,145114.75,2902295.04,-23.5885
0.413,30,100000,11.4483,64719.75,1941592.51,-11.2642
0.413,40,100000,6.4396,36744.55,1469782.08,-3.8289
0.413,50,100000,4.1214,23974.92,1198746.17,1.5987
0.413,60,100000,2.8621,17228.13,1033687.89,5.9665
0.413,70,100000,2.1027,13357.78,935044.84,9.6702
0.413,80,100000,1.6099,11049.59,883967.52,12.8982
0.413,90,100000,1.272,9675.69,870812.22,15.747
0.413,100,100000,1.0303,8905.38,890538.09,18.267
0.413,110,100000,0.8515,8551.04,940614.92,20.4835
0.413,120,100000,0.7155,8499.81,1019977.07,22.4071
0.413,130,100000,0.6097,8680.46,1128460.15,24.0395
0.413,140,100000,0.5257,9046.28,1266479.18,25.3765
0.413,150,100000,0.4579,9565.57,1434835.39,26.4102
0.413,160,100000,0.4025,10216.22,1634595.6,27.1298
0.413,170,100000,0.3565,10982.44,1867014.06,27.5229
0.413,180,100000,0.318,11852.67,2133480.39,27.5755
0.413,190,100000,0.2854,12818.34,2435483.99,27.2727
0.413,200,100000,0.2576,13872.95,2774589.04,26.5988
0.413,210,100000,0.2336,15011.51,3152416.76,25.5378
0.413,220,100000,0.2129,16230.15,3570632.38,24.0729
0.413,230,100000,0.1948,17525.81,4030935.62,22.1871
0.413,240,100000,0.1789,18896.06,4535053.49,19.8631
0.413,250,100000,0.1649,20338.94,5084734.83,17.0836
0.413,260,100000,0.1524,21852.87,5681746.12,13.8307
0.413,270,100000,0.1413,23436.55,6327868.18,10.0867
0.413,280,100000,0.1314,25088.91,7024893.67,5.8337
0.413,290,100000,0.1225,26809.05,7774624.99,1.0536
0.413,300,100000,0.1145,28596.24,8578872.7,-4.2716
0.413,310,100000,0.1072,30449.85,9439454.16,-10.1602
0.413,320,100000,0.1006,32369.35,10358192.52,-16.6304
0.413,330,100000,0.0946,34354.29,11336915.8,-23.7004
0.413,340,100000,0.0891,36404.28,12377456.19,-31.3885
0.413,350,100000,0.0841,38519,13481649.45,-39.7132
0.413,360,100000,0.0795,40698.15,14651334.44,-48.6928
0.413,370,100000,0.0753,42941.49,15888352.64,-58.3458
0.413,380,100000,0.0714,45248.81,17194547.87,-68.6905
0.413,390,100000,0.0677,47619.91,18571765.97,-79.7454
0.413,10,110000,113.3378,701785.18,7017851.83,-61.3284
0.413,20,110000,28.3344,175562.76,3511255.24,-26.9801
0.413,30,110000,12.5931,78252.2,2347565.97,-13.9309
0.413,40,110000,7.0836,44356.55,1774262.18,-6.2488
0.413,50,110000,4.5335,28846.61,1442330.25,-0.761
0.413,60,110000,3.1483,20611.24,1236674.63,3.5788
0.413,70,110000,2.313,15843.34,1109033.46,7.2094
0.413,80,110000,1.7709,12952.59,1036207.57,10.3417
0.413,90,110000,1.3992,11179.3,1006136.71,13.0852
0.413,100,110000,1.1334,10123.3,1012330.13,15.4991
0.413,110,110000,0.9367,9557.59,1051334.95,17.6148
0.413,120,110000,0.7871,9345.59,1121470.43,19.4474
0.413,130,110000,0.6706,9401.13,1222146.34,21.0024
0.413,140,110000,0.5783,9667.67,1353473.49,22.2787
0.413,150,110000,0.5037,10106.87,1516030.08,23.2711
0.413,160,110000,0.4427,10691.97,1710715.62,23.9715
0.413,170,110000,0.3922,11403.86,1938656.43,24.3695
0.413,180,110000,0.3498,12228.57,2201142.64,24.4535
0.413,190,110000,0.314,13155.71,2499585.06,24.2106
0.413,200,110000,0.2833,14177.43,2835485.06,23.6272
0.413,210,110000,0.257,15287.68,3210412.97,22.6889
0.413,220,110000,0.2342,16481.78,3625992.4,21.3812
0.413,230,110000,0.2142,17756.04,4083888.68,19.6887
0.413,240,110000,0.1968,19107.5,4585800.18,17.5961
0.413,250,110000,0.1813,20533.81,5133451.65,15.0876
0.413,260,110000,0.1677,22033.04,5728589.21,12.1475
0.413,270,110000,0.1555,23603.62,6372976.34,8.7597
0.413,280,110000,0.1446,25244.25,7068390.83,4.9079
0.413,290,110000,0.1348,26953.87,7816622.25,0.576
0.413,300,110000,0.1259,28731.57,8619470.04,-4.2524
0.413,310,110000,0.1179,30576.59,9478741.91,-9.5937
0.413,320,110000,0.1107,32488.29,10396252.53,-15.4645
0.413,330,110000,0.1041,34466.13,11373822.48,-21.8813
0.413,340,110000,0.098,36509.64,12413277.38,-28.8607
0.413,350,110000,0.0925,38618.42,13516447.18,-36.4193
0.413,360,110000,0.0875,40792.13,14685165.56,-44.5738
0.413,370,110000,0.0828,43030.46,15921269.41,-53.3409
0.413,380,110000,0.0785,45333.15,17226598.41,-62.7373
0.413,390,110000,0.0745,47699.99,18602994.7,-72.7797
0.413,10,120000,123.6412,835176.46,8351764.63,-67.3337
0.413,20,120000,30.9103,208910.58,4178211.64,-30.2897
0.413,30,120000,13.7379,93073.45,2792203.57,-16.4753
0.413,40,120000,7.7276,52693.51,2107740.38,-8.507
0.413,50,120000,4.9456,34182.26,1709112.81,-2.9208
0.413,60,120000,3.4345,24316.56,1458993.43,1.4279
0.413,70,120000,2.5233,18565.61,1299592.43,5.0206
0.413,80,120000,1.9319,15036.83,1202946.67,8.0904
0.413,90,120000,1.5264,12826.1,1154349.24,10.7597
0.413,100,120000,1.2364,11457.21,1145721.41,13.096
0.413,110,120000,1.0218,10660,1172599.75,15.1363
0.413,120,120000,0.8586,10271.92,1232629.83,16.9005
0.413,130,120000,0.7316,10190.42,1324755.01,18.3971
0.413,140,120000,0.6308,10348.24,1448752.98,19.6282
0.413,150,120000,0.5495,10699.72,1604957.6,20.5908
0.413,160,120000,0.483,11213.03,1794085.17,21.2791
0.413,170,120000,0.4278,11865.42,2017121.89,21.6848
0.413,180,120000,0.3816,12640.27,2275248.9,21.7981
0.413,190,120000,0.3425,13525.22,2569791,21.608
0.413,200,120000,0.3091,14510.9,2902180.7,21.1024
0.413,210,120000,0.2804,15590.16,3273932.62,20.2689
0.413,220,120000,0.2555,16757.39,3686624.8,19.0941
0.413,230,120000,0.2337,18008.2,4141884.89,17.5647
0.413,240,120000,0.2147,19339.08,4641379.88,15.6666
0.413,250,120000,0.1978,20747.23,5186808.16,13.3857
0.413,260,120000,0.1829,22230.36,5779893.55,10.7077
0.413,270,120000,0.1696,23786.59,6422380.52,7.618
0.413,280,120000,0.1577,25414.39,7116030.57,4.1019
0.413,290,120000,0.147,27112.48,7862619.24,0.1447
0.413,300,120000,0.1374,28879.78,8663933.8,-4.2685
0.413,310,120000,0.1287,30715.39,9521771.36,-9.1528
0.413,320,120000,0.1207,32618.55,10437937.31,-14.5232
0.413,330,120000,0.1135,34588.62,11414244.08,-20.3947
0.413,340,120000,0.107,36625.03,12452510.11,-26.7825
0.413,350,120000,0.1009,38727.31,13554558.97,-33.7019
0.413,360,120000,0.0954,40895.05,14722218.69,-41.1681
0.413,370,120000,0.0903,43127.89,15957321.1,-49.1962
0.413,380,120000,0.0856,45425.53,17261701.38,-57.8017
0.413,390,120000,0.0813,47787.69,18637197.59,-66.9998
0.413,10,130000,133.9447,980166.98,9801669.85,-73.3073
0.413,20,130000,33.4862,245158.21,4903164.24,-33.5363
0.413,30,130000,14.8827,109183.51,3275505.31,-18.9256
0.413,40,130000,8.3715,61755.42,2470216.68,-10.6409
0.413,50,130000,5.3578,39981.88,1999093.85,-4.9267
0.413,60,130000,3.7207,28344.07,1700644.29,-0.5408
0.413,70,130000,2.7336,21524.6,1506721.75,3.0411
0.413,80,130000,2.0929,17302.31,1384184.82,6.0739
0.413,90,130000,1.6536,14616.11,1315449.82,8.6928
0.413,100,130000,1.3394,12907.12,1290711.93,10.9733
0.413,110,130000,1.107,11858.27,1304409.32,12.9581
0.413,120,130000,0.9302,11278.79,1353455.27,14.671
0.413,130,130000,0.7926,11048.36,1436286.19,16.124
0.413,140,130000,0.6834,11087.98,1552317.63,17.3216
0.413,150,130000,0.5953,11344.12,1701617.95,18.2634
0.413,160,130000,0.5232,11779.4,1884704.25,18.9452
0.413,170,130000,0.4635,12367.12,2102410.43,19.3607
0.413,180,130000,0.4134,13087.77,2355799.19,19.5017
0.413,190,130000,0.371,13926.85,2646101.8,19.3588
0.413,200,130000,0.3349,14873.38,2974675.96,18.9215
0.413,210,130000,0.3037,15918.93,3342975.73,18.1786
0.413,220,130000,0.2767,17056.95,3752529.58,17.1184
0.413,230,130000,0.2532,18282.28,4204924.25,15.7286
0.413,240,130000,0.2325,19590.8,4701792.59,13.9967
0.413,250,130000,0.2143,20979.22,5244804.37,11.9099
0.413,260,130000,0.1981,22444.84,5835659.13,9.455
0.413,270,130000,0.1837,23985.48,6476080.71,6.6189
0.413,280,130000,0.1708,25599.33,7167812.9,3.3881
0.413,290,130000,0.1593,27284.88,7912615.97,-0.251
0.413,300,130000,0.1488,29040.88,8712263.98,-4.312
0.413,310,130000,0.1394,30866.27,9568542.5,-8.8085
0.413,320,130000,0.1308,32760.15,10483246.85,-13.7545
0.413,330,130000,0.123,34721.76,11458180.6,-19.1638
0.413,340,130000,0.1159,36750.45,12495154.38,-25.0504
0.413,350,130000,0.1093,38845.67,13595984.84,-31.4281
0.413,360,130000,0.1034,41006.93,14762493.84,-38.3111
0.413,370,130000,0.0978,43233.8,15996507.73,-45.7133
0.413,380,130000,0.0928,45525.94,17299856.78,-53.6489
0.413,390,130000,0.0881,47883.01,18674374.65,-62.1319
0.413,10,140000,144.2481,1136756.75,11367567.48,-79.256
0.413,20,140000,36.062,284305.65,5686113.06,-36.7333
0.413,30,140000,16.0276,126582.37,3797471.19,-21.3021
0.413,40,140000,9.0155,71542.28,2861691.09,-12.6771
0.413,50,140000,5.7699,46245.47,2312273.38,-6.8118
0.413,60,140000,4.0069,32693.79,1961627.23,-2.3663
0.413,70,140000,2.9438,24720.31,1730421.41,1.226
0.413,80,140000,2.2539,19749.03,1579922.03,4.2419
0.413,90,140000,1.7808,16549.32,1489438.45,6.8291
0.413,100,140000,1.4425,14473.02,1447301.69,9.071
0.413,110,140000,1.1921,13152.4,1446763.65,11.0157
0.413,120,140000,1.0017,12366.22,1483946.74,12.691
0.413,130,140000,0.8535,11974.92,1556739.85,14.1119
0.413,140,140000,0.736,11886.91,1664167.47,15.2855
0.413,150,140000,0.6411,12040.07,1806011.13,16.2132
0.413,160,140000,0.5635,12391.08,1982572.85,16.8929
0.413,170,140000,0.4991,12908.95,2194522.06,17.3199
0.413,180,140000,0.4452,13571.08,2442793.5,17.4874
0.413,190,140000,0.3996,14360.62,2728517.46,17.3874
0.413,200,140000,0.3606,15264.85,3052970.85,17.0107
0.413,210,140000,0.3271,16274.01,3417542.28,16.3475
0.413,220,140000,0.298,17380.49,3823706.74,15.3872
0.413,230,140000,0.2727,18578.29,4273006.75,14.1188
0.413,240,140000,0.2504,19862.66,4767038.33,12.5309
0.413,250,140000,0.2308,21229.76,5307440.28,10.6118
0.413,260,140000,0.2134,22676.48,5895885.96,8.3495
0.413,270,140000,0.1979,24200.28,6534076.92,5.7319
0.413,280,140000,0.184,25799.06,7223737.81,2.7466
0.413,290,140000,0.1715,27471.08,7966612.44,-0.6188
0.413,300,140000,0.1603,29214.87,8764460.56,-4.3768
0.413,310,140000,0.1501,31029.21,9619055.32,-8.5402
0.413,320,140000,0.1409,32913.07,10532181.15,-13.1216
0.413,330,140000,0.1325,34865.55,11505632.04,-18.1339
0.413,340,140000,0.1248,36885.91,12541210.19,-23.59
0.413,350,140000,0.1178,38973.5,13640724.77,-29.5028
0.413,360,140000,0.1113,41127.75,14805990.99,-35.8853
0.413,370,140000,0.1054,43348.19,16038829.29,-42.7504
0.413,380,140000,0.0999,45634.38,17341064.61,-50.1112
0.413,390,140000,0.0948,47985.96,18714525.87,-57.9807
0.413,10,150000,154.5515,1304945.75,13049457.54,-85.1849
0.413,20,150000,38.6379,326352.9,6527058.09,-39.8907
0.413,30,150000,17.1724,145270.04,4358101.21,-23.6195
0.413,40,150000,9.6595,82054.09,3282163.6,-14.6351
0.413,50,150000,6.1821,52973.03,2648651.39,-8.6002
0.413,60,150000,4.2931,37365.7,2241942.24,-4.0773
0.413,70,150000,3.1541,28152.73,1970691.42,-0.4575
0.413,80,150000,2.4149,22376.98,1790158.28,2.5575
0.413,90,150000,1.908,18625.72,1676315.12,5.128
0.413,100,150000,1.5455,16154.91,1615490.7,7.345
0.413,110,150000,1.2773,14542.39,1599662.74,9.262
0.413,120,150000,1.0733,13534.2,1624104.24,10.9105
0.413,130,150000,0.9145,12970.12,1686116.01,12.3086
0.413,140,150000,0.7885,12745.02,1784302.47,13.4655
0.413,150,150000,0.6869,12787.58,1918137.13,14.3848
0.413,160,150000,0.6037,13048.07,2087690.98,15.0659
0.413,170,150000,0.5348,13490.92,2293456.77,15.5056
0.413,180,150000,0.477,14090.18,2536231.84,15.6986
0.413,190,150000,0.4281,14826.52,2817037.99,15.6381
0.413,200,150000,0.3864,15685.33,3137065.35,15.3161
0.413,210,150000,0.3505,16655.39,3497632.29,14.7238
0.413,220,150000,0.3193,17727.98,3900156.29,13.8518
0.413,230,150000,0.2922,18896.23,4346132.41,12.6901
0.413,240,150000,0.2683,20154.65,4837117.08,11.2283
0.413,250,150000,0.2473,21498.86,5374715.88,9.4558
0.413,260,150000,0.2286,22925.28,5960574.04,7.3616
0.413,270,150000,0.212,24431,6596369.15,4.9345
0.413,280,150000,0.1971,26013.59,7283805.31,2.163
0.413,290,150000,0.1838,27671.06,8024608.65,-0.9642
0.413,300,150000,0.1717,29401.75,8820523.57,-4.4588
0.413,310,150000,0.1608,31204.23,9673309.84,-8.3325
0.413,320,150000,0.1509,33077.31,10584740.21,-12.5972
0.413,330,150000,0.1419,35020,11556598.41,-17.2648
0.413,340,150000,0.1337,37031.4,12590677.54,-22.3472
0.413,350,150000,0.1262,39110.8,13688778.77,-27.8563
0.413,360,150000,0.1193,41257.53,14852710.16,-33.8044
0.413,370,150000,0.1129,43471.04,16084285.78,-40.2034
0.413,380,150000,0.107,45750.85,17385324.88,-47.0655
0.413,390,150000,0.1016,48096.54,18757651.26,-54.4029
0.413,10,160000,164.855,1484734,14847340.01,-91.0976
0.413,20,160000,41.2137,371299.97,7425999.32,-43.016
0.413,30,160000,18.3172,165246.51,4957395.36,-25.8889
0.413,40,160000,10.3034,93290.86,3731634.22,-16.5296
0.413,50,160000,6.5942,60164.56,3008227.89,-10.3101
0.413,60,160000,4.5793,42359.82,2541589.32,-5.6953
0.413,70,160000,3.3644,31821.88,2227531.77,-2.0342
0.413,80,160000,2.5759,25186.17,2014893.59,0.9931
0.413,90,160000,2.0352,20845.33,1876079.84,3.559
0.413,100,160000,1.6485,17952.79,1795278.94,5.7622
0.413,110,160000,1.3624,16028.24,1763106.6,7.6616
0.413,120,160000,1.1448,14782.73,1773927.78,9.2922
0.413,130,160000,0.9755,14033.96,1824414.66,10.675
0.413,140,160000,0.8411,13662.3,1912722.65,11.8213
0.413,150,160000,0.7327,13586.64,2037995.96,12.7366
0.413,160,160000,0.644,13750.37,2200058.64,13.422
0.413,170,160000,0.5704,14113.03,2399214.56,13.8755
0.413,180,160000,0.5088,14645.08,2636114.2,14.0932
0.413,190,160000,0.4567,15324.54,2911663.39,14.0693
0.413,200,160000,0.4121,16134.8,3226959.47,13.797
0.413,210,160000,0.3738,17063.07,3583245.74,13.2684
0.413,220,160000,0.3406,18099.45,3981878.22,12.4753
0.413,230,160000,0.3116,19236.09,4424301.21,11.4084
0.413,240,160000,0.2862,20466.79,4912028.85,10.0584
0.413,250,160000,0.2638,21786.52,5446631.18,8.4154
0.413,260,160000,0.2439,23191.24,6029723.37,6.4693
0.413,270,160000,0.2261,24677.62,6662957.39,4.2099
0.413,280,160000,0.2103,26242.91,7348015.4,1.6265
0.413,290,160000,0.196,27884.84,8086604.6,-1.2914
0.413,300,160000,0.1832,29601.51,8880452.98,-4.5546
0.413,310,160000,0.1715,31391.31,9731306.05,-8.1742
0.413,320,160000,0.161,33252.89,10640924.04,-12.161
0.413,330,160000,0.1514,35185.09,11611079.69,-16.5262
0.413,340,160000,0.1426,37186.93,12643556.44,-21.281
0.413,350,160000,0.1346,39257.56,13740146.84,-26.4364
0.413,360,160000,0.1272,41396.25,14902651.34,-32.0037
0.413,370,160000,0.1204,43602.37,16132877.19,-37.9944
0.413,380,160000,0.1142,45875.36,17432637.57,-44.4196
0.413,390,160000,0.1084,48214.75,18803750.81,-51.2908
0.413,10,170000,175.1584,1676121.49,16761214.89,-96.997
0.413,20,170000,43.7896,419146.84,8382936.77,-46.1146
0.413,30,170000,19.462,186511.79,5595353.66,-28.1187
0.413,40,170000,10.9474,105252.57,4210102.94,-18.3718
0.413,50,170000,7.0063,67820.06,3391002.86,-11.9552
0.413,60,170000,4.8655,47676.14,2860568.47,-7.2366
0.413,70,170000,3.5747,35727.75,2500942.47,-3.5228
0.413,80,170000,2.7369,28176.6,2254127.95,-0.4726
0.413,90,170000,2.1624,23208.14,2088732.61,2.0987
0.413,100,170000,1.7516,19866.66,1986666.43,4.2975
0.413,110,170000,1.4476,17609.96,1937095.23,6.1874
0.413,120,170000,1.2164,16111.81,1933417.35,7.8075
0.413,130,170000,1.0364,15166.43,1971635.8,9.181
0.413,140,170000,0.8937,14638.77,2049428,10.3218
0.413,150,170000,0.7785,14437.25,2165587.62,11.2369
0.413,160,170000,0.6842,14497.97,2319675.82,11.9288
0.413,170,170000,0.6061,14775.27,2511795.44,12.3971
0.413,180,170000,0.5406,15235.78,2742440.58,12.6387
0.413,190,170000,0.4852,15854.7,3012393.64,12.6492
0.413,200,170000,0.4379,16613.27,3322653.22,12.4225
0.413,210,170000,0.3972,17497.06,3674382.64,11.9518
0.413,220,170000,0.3619,18494.88,4068872.54,11.2297
0.413,230,170000,0.3311,19597.88,4507513.16,10.2478
0.413,240,170000,0.3041,20799.06,4991773.64,8.9976
0.413,250,170000,0.2803,22092.74,5523186.17,7.47
0.413,260,170000,0.2591,23474.36,6103333.94,5.6558
0.413,270,170000,0.2403,24940.15,6733841.64,3.5453
0.413,280,170000,0.2234,26487.03,7416368.08,1.1288
0.413,290,170000,0.2083,28112.41,8152600.28,-1.6036
0.413,300,170000,0.1946,29814.16,8944248.81,-4.662
0.413,310,170000,0.1823,31590.46,9793043.95,-8.0565
0.413,320,170000,0.1711,33439.79,10700732.63,-11.7975
0.413,330,170000,0.1608,35360.84,11669075.9,-15.8953
0.413,340,170000,0.1515,37352.49,12699846.88,-20.3603
0.413,350,170000,0.143,39413.8,13794828.98,-25.2029
0.413,360,170000,0.1352,41543.93,14955814.53,-30.4339
0.413,370,170000,0.1279,43742.17,16184603.54,-36.0637
0.413,380,170000,0.1213,46007.9,17483002.7,-42.103
0.413,390,170000,0.1152,48340.58,18852824.52,-48.5624
0.413,10,180000,185.4619,1879108.22,18791082.2,-102.8853
0.413,20,180000,46.3655,469893.52,9397870.42,-49.1912
0.413,30,180000,20.6069,209065.87,6271976.09,-30.3156
0.413,40,180000,11.5914,117939.24,4717569.77,-20.1704
0.413,50,180000,7.4185,75939.53,3796976.32,-13.5464
0.413,60,180000,5.1517,53314.66,3198879.69,-8.7141
0.413,70,180000,3.7849,39870.34,2790923.51,-4.9381
0.413,80,180000,2.8978,31348.27,2507861.36,-1.856
0.413,90,180000,2.2897,25714.15,2314273.42,0.7291
0.413,100,180000,1.8546,21896.53,2189653.16,2.931
0.413,110,180000,1.5327,19287.53,2121628.62,4.8185
0.413,120,180000,1.2879,17521.44,2102572.96,6.4339
0.413,130,180000,1.0974,16367.53,2127779.44,7.8035
0.413,140,180000,0.9462,15674.42,2194418.52,8.9428
0.413,150,180000,0.8243,15339.41,2300912.11,9.8608
0.413,160,180000,0.7245,15290.89,2446542.52,10.5613
0.413,170,180000,0.6417,15477.64,2631199.4,11.045
0.413,180,180000,0.5724,15862.28,2855210.99,11.3101
0.413,190,180000,0.5137,16416.99,3119228.76,11.3529
0.413,200,180000,0.4637,17120.73,3424146.58,11.1685
0.413,210,180000,0.4205,17957.35,3771042.98,10.7509
0.413,220,180000,0.3832,18914.27,4161139.23,10.0932
0.413,230,180000,0.3506,19981.6,4595768.26,9.1882
0.413,240,180000,0.322,21151.46,5076351.44,8.0279
0.413,250,180000,0.2967,22417.52,5604380.86,6.6039
0.413,260,180000,0.2744,23774.64,6181405.76,4.9078
0.413,270,180000,0.2544,25218.6,6809021.91,2.9306
0.413,280,180000,0.2366,26745.94,7488863.34,0.6633
0.413,290,180000,0.2205,28353.78,8222595.71,-1.9034
0.413,300,180000,0.2061,30039.7,9011911.05,-4.7789
0.413,310,180000,0.193,31801.69,9858523.54,-7.9727
0.413,320,180000,0.1811,33638.02,10764165.98,-11.4945
0.413,330,180000,0.1703,35547.23,11730587.03,-15.3539
0.413,340,180000,0.1604,37528.08,12759548.86,-19.5608
0.413,350,180000,0.1514,39579.5,13852825.19,-24.125
0.413,360,180000,0.1431,41700.55,15012199.73,-29.0564
0.413,370,180000,0.1355,43890.45,16239464.82,-34.3649
0.413,380,180000,0.1284,46148.47,17536420.26,-40.0607
0.413,390,180000,0.1219,48474.03,18904872.4,-46.1536
0.413,10,190000,195.7653,2093694.19,20936941.92,-108.7643
0.413,20,190000,48.9413,523540.01,10470800.28,-52.2492
0.413,30,190000,21.7517,232908.76,6987262.67,-32.4847
0.413,40,190000,12.2353,131350.87,5254034.7,-21.9323
0.413,50,190000,7.8306,84522.97,4226148.27,-15.0923
0.413,60,190000,5.4379,59275.38,3556522.97,-10.1378
0.413,70,190000,3.9952,44249.64,3097474.9,-6.2916
0.413,80,190000,3.0588,34701.17,2776093.83,-3.17
0.413,90,190000,2.4169,28363.36,2552702.28,-0.5642
0.413,100,190000,1.9577,24042.39,2404239.13,1.6474
0.413,110,190000,1.6179,21060.97,2316706.78,3.5382
0.413,120,190000,1.3595,19011.62,2281394.61,5.1542
0.413,130,190000,1.1584,17637.27,2292845.58,6.524
0.413,140,190000,0.9988,16769.24,2347694.21,7.6655
0.413,150,190000,0.8701,16293.13,2443969.42,8.5889
0.413,160,190000,0.7647,16129.12,2580658.76,9.2996
0.413,170,190000,0.6774,16220.16,2757426.44,9.7993
0.413,180,190000,0.6042,16524.59,2974425.42,10.0874
0.413,190,190000,0.5423,17011.41,3232168.75,10.161
0.413,200,190000,0.4894,17657.2,3531439.57,10.016
0.413,210,190000,0.4439,18443.94,3873226.78,9.6472
0.413,220,190000,0.4045,19357.63,4258678.31,9.0486
0.413,230,190000,0.3701,20387.25,4689066.51,8.2136
0.413,240,190000,0.3399,21524.01,5165762.26,7.1348
0.413,250,190000,0.3132,22760.86,5690215.25,5.8046
0.413,260,190000,0.2896,24092.07,6263938.83,4.2151
0.413,270,190000,0.2685,25512.96,6888498.2,2.3581
0.413,280,190000,0.2497,27019.65,7565501.19,0.2251
0.413,290,190000,0.2328,28608.93,8296590.87,-2.1927
0.413,300,190000,0.2175,30278.13,9083439.71,-4.9038
0.413,310,190000,0.2037,32024.98,9927744.82,-7.9174
0.413,320,190000,0.1912,33847.58,10831224.1,-11.2425
0.413,330,190000,0.1798,35744.28,11795613.09,-14.8881
0.413,340,190000,0.1693,37713.71,12822662.38,-18.8635
0.413,350,190000,0.1598,39754.67,13914135.47,-23.1779
0.413,360,190000,0.1511,41866.13,15071806.95,-27.8408
0.413,370,190000,0.143,44047.19,16297461.03,-32.8615
0.413,380,190000,0.1356,46297.08,17592890.25,-38.2494
0.413,390,190000,0.1287,48615.11,18959894.45,-44.0141
0.413,10,200000,206.0687,2319879.41,23198794.06,-114.6354
0.413,20,200000,51.5172,580086.32,11601726.35,-55.2914
0.413,30,200000,22.8965,258040.45,7741213.38,-34.6302
0.413,40,200000,12.8793,145487.44,5819497.74,-23.663
0.413,50,200000,8.2427,93570.37,4678518.7,-16.5995
0.413,60,200000,5.7241,65558.31,3933498.33,-11.5158
0.413,70,200000,4.2055,48865.67,3420596.64,-7.5927
0.413,80,200000,3.2198,38235.32,3058825.35,-4.4252
0.413,90,200000,2.5441,31155.77,2804019.18,-1.7925
0.413,100,200000,2.0607,26304.24,2630424.35,0.4341
0.413,110,200000,1.703,22930.27,2522329.7,2.3332
0.413,120,200000,1.431,20582.35,2469882.29,3.954
0.413,130,200000,1.2193,18975.65,2466834.2,5.3279
0.413,140,200000,1.0514,17923.25,2509255.08,6.4744
0.413,150,200000,0.9159,17298.4,2594759.57,7.4055
0.413,160,200000,0.805,17012.65,2722024.51,8.1278
0.413,170,200000,0.713,17002.8,2890476.56,8.6441
0.413,180,200000,0.636,17222.69,3100083.87,8.9547
0.413,190,200000,0.5708,17637.97,3351213.6,9.0577
0.413,200,200000,0.5152,18222.66,3644532.17,8.9497
0.413,210,200000,0.4673,18956.83,3980934.03,8.6263
0.413,220,200000,0.4258,19824.95,4361489.77,8.0822
0.413,230,200000,0.3895,20814.82,4787407.91,7.3112
0.413,240,200000,0.3578,21916.69,5260006.1,6.3068
0.413,250,200000,0.3297,23122.76,5780689.34,5.062
0.413,260,200000,0.3048,24426.67,6350933.14,3.5694
0.413,270,200000,0.2827,25823.22,6972270.5,1.8213
0.413,280,200000,0.2628,27308.15,7646281.62,-0.1901
0.413,290,200000,0.245,28877.88,8374585.77,-2.473
0.413,300,200000,0.229,30529.45,9158834.78,-5.0356
0.413,310,200000,0.2144,32260.35,10000707.79,-7.8864
0.413,320,200000,0.2012,34068.46,10901906.98,-11.0337
0.413,330,200000,0.1892,35951.98,11864154.06,-14.4864
0.413,340,200000,0.1783,37909.37,12889187.44,-18.2529
0.413,350,200000,0.1682,39939.31,13978759.81,-22.3422
0.413,360,200000,0.159,42040.66,15134636.18,-26.7629
0.413,370,200000,0.1505,44212.41,16358592.17,-31.5241
0.413,380,200000,0.1427,46453.72,17652412.68,-36.6346
0.413,390,200000,0.1355,48763.82,19017890.65,-42.1033
